fips,ozone_8hr,pm25,source_url
04007,True,False,https://www3.epa.gov/airquality/greenbook/downld/phistory.xls
04013,True,False,https://www3.epa.gov/airquality/greenbook/downld/phistory.xls
04021,True,True,https://www3.epa.gov/airquality/greenbook/downld/phistory.xls
06001,True,True,https://www3.epa.gov/airquality/greenbook/downld/phistory.xls
06005,True,False,https://www3.epa.gov/airquality/greenbook/downld/phistory.xls
06007,True,False,https://www3.epa.gov/airquality/greenbook/downld/phistory.xls
06009,True,False,https://www3.epa.gov/airquality/greenbook/downld/phistory.xls
06013,True,True,https://www3.epa.gov/airquality/greenbook/downld/phistory.xls
06017,True,True,https://www3.epa.gov/airquality/greenbook/downld/phistory.xls
06019,True,True,https://www3.epa.gov/airquality/greenbook/downld/phistory.xls
06025,True,True,https://www3.epa.gov/airquality/greenbook/downld/phistory.xls
06029,True,True,https://www3.epa.gov/airquality/greenbook/downld/phistory.xls
06031,True,True,https://www3.epa.gov/airquality/greenbook/downld/phistory.xls
06037,True,True,https://www3.epa.gov/airquality/greenbook/downld/phistory.xls
06039,True,True,https://www3.epa.gov/airquality/greenbook/downld/phistory.xls
06041,True,True,https://www3.epa.gov/airquality/greenbook/downld/phistory.xls
06043,True,False,https://www3.epa.gov/airquality/greenbook/downld/phistory.xls
06047,True,True,https://www3.epa.gov/airquality/greenbook/downld/phistory.xls
06055,True,True,https://www3.epa.gov/airquality/greenbook/downld/phistory.xls
06057,True,False,https://www3.epa.gov/airquality/greenbook/downld/phistory.xls
06059,True,True,https://www3.epa.gov/airquality/greenbook/downld/phistory.xls
06061,True,True,https://www3.epa.gov/airquality/greenbook/downld/phistory.xls
06063,False,True,https://www3.epa.gov/airquality/greenbook/downld/phistory.xls
06065,True,True,https://www3.epa.gov/airquality/greenbook/downld/phistory.xls
06067,True,True,https://www3.epa.gov/airquality/greenbook/downld/phistory.xls
06071,True,True,https://www3.epa.gov/airquality/greenbook/downld/phistory.xls
06073,True,False,https://www3.epa.gov/airquality/greenbook/downld/phistory.xls
06075,True,True,https://www3.epa.gov/airquality/greenbook/downld/phistory.xls
06077,True,True,https://www3.epa.gov/airquality/greenbook/downld/phistory.xls
06079,True,False,https://www3.epa.gov/airquality/greenbook/downld/phistory.xls
06081,True,True,https://www3.epa.gov/airquality/greenbook/downld/phistory.xls
06085,True,True,https://www3.epa.gov/airquality/greenbook/downld/phistory.xls
06095,True,True,https://www3.epa.gov/airquality/greenbook/downld/phistory.xls
06097,True,True,https://www3.epa.gov/airquality/greenbook/downld/phistory.xls
06099,True,True,https://www3.epa.gov/airquality/greenbook/downld/phistory.xls
06101,True,False,https://www3.epa.gov/airquality/greenbook/downld/phistory.xls
06103,True,False,https://www3.epa.gov/airquality/greenbook/downld/phistory.xls
06107,True,True,https://www3.epa.gov/airquality/greenbook/downld/phistory.xls
06109,True,False,https://www3.epa.gov/airquality/greenbook/downld/phistory.xls
06111,True,False,https://www3.epa.gov/airquality/greenbook/downld/phistory.xls
06113,True,True,https://www3.epa.gov/airquality/greenbook/downld/phistory.xls
08001,True,False,https://www3.epa.gov/airquality/greenbook/downld/phistory.xls
08005,True,False,https://www3.epa.gov/airquality/greenbook/downld/phistory.xls
08013,True,False,https://www3.epa.gov/airquality/greenbook/downld/phistory.xls
08014,True,False,https://www3.epa.gov/airquality/greenbook/downld/phistory.xls
08031,True,False,https://www3.epa.gov/airquality/greenbook/downld/phistory.xls
08035,True,False,https://www3.epa.gov/airquality/greenbook/downld/phistory.xls
08059,True,False,https://www3.epa.gov/airquality/greenbook/downld/phistory.xls
08069,True,False,https://www3.epa.gov/airquality/greenbook/downld/phistory.xls
08123,True,False,https://www3.epa.gov/airquality/greenbook/downld/phistory.xls
09110,True,False,https://www3.epa.gov/airquality/greenbook/downld/phistory.xls
09120,True,False,https://www3.epa.gov/airquality/greenbook/downld/phistory.xls
09130,True,False,https://www3.epa.gov/airquality/greenbook/downld/phistory.xls
09140,True,False,https://www3.epa.gov/airquality/greenbook/downld/phistory.xls
09150,True,False,https://www3.epa.gov/airquality/greenbook/downld/phistory.xls
09160,True,False,https://www3.epa.gov/airquality/greenbook/downld/phistory.xls
09170,True,False,https://www3.epa.gov/airquality/greenbook/downld/phistory.xls
09180,True,False,https://www3.epa.gov/airquality/greenbook/downld/phistory.xls
09190,True,False,https://www3.epa.gov/airquality/greenbook/downld/phistory.xls
10003,True,False,https://www3.epa.gov/airquality/greenbook/downld/phistory.xls
10005,True,False,https://www3.epa.gov/airquality/greenbook/downld/phistory.xls
11001,True,False,https://www3.epa.gov/airquality/greenbook/downld/phistory.xls
17031,True,False,https://www3.epa.gov/airquality/greenbook/downld/phistory.xls
17043,True,False,https://www3.epa.gov/airquality/greenbook/downld/phistory.xls
17063,True,False,https://www3.epa.gov/airquality/greenbook/downld/phistory.xls
17089,True,False,https://www3.epa.gov/airquality/greenbook/downld/phistory.xls
17093,True,False,https://www3.epa.gov/airquality/greenbook/downld/phistory.xls
17097,True,False,https://www3.epa.gov/airquality/greenbook/downld/phistory.xls
17111,True,False,https://www3.epa.gov/airquality/greenbook/downld/phistory.xls
17119,True,False,https://www3.epa.gov/airquality/greenbook/downld/phistory.xls
17133,True,False,https://www3.epa.gov/airquality/greenbook/downld/phistory.xls
17163,True,False,https://www3.epa.gov/airquality/greenbook/downld/phistory.xls
17197,True,False,https://www3.epa.gov/airquality/greenbook/downld/phistory.xls
18089,True,False,https://www3.epa.gov/airquality/greenbook/downld/phistory.xls
18127,True,False,https://www3.epa.gov/airquality/greenbook/downld/phistory.xls
21029,True,False,https://www3.epa.gov/airquality/greenbook/downld/phistory.xls
21111,True,False,https://www3.epa.gov/airquality/greenbook/downld/phistory.xls
21185,True,False,https://www3.epa.gov/airquality/greenbook/downld/phistory.xls
24003,True,False,https://www3.epa.gov/airquality/greenbook/downld/phistory.xls
24005,True,False,https://www3.epa.gov/airquality/greenbook/downld/phistory.xls
24009,True,False,https://www3.epa.gov/airquality/greenbook/downld/phistory.xls
24013,True,False,https://www3.epa.gov/airquality/greenbook/downld/phistory.xls
24015,True,False,https://www3.epa.gov/airquality/greenbook/downld/phistory.xls
24017,True,False,https://www3.epa.gov/airquality/greenbook/downld/phistory.xls
24021,True,False,https://www3.epa.gov/airquality/greenbook/downld/phistory.xls
24025,True,False,https://www3.epa.gov/airquality/greenbook/downld/phistory.xls
24027,True,False,https://www3.epa.gov/airquality/greenbook/downld/phistory.xls
24031,True,False,https://www3.epa.gov/airquality/greenbook/downld/phistory.xls
24033,True,False,https://www3.epa.gov/airquality/greenbook/downld/phistory.xls
24510,True,False,https://www3.epa.gov/airquality/greenbook/downld/phistory.xls
25007,True,False,https://www3.epa.gov/airquality/greenbook/downld/phistory.xls
26005,True,False,https://www3.epa.gov/airquality/greenbook/downld/phistory.xls
26021,True,False,https://www3.epa.gov/airquality/greenbook/downld/phistory.xls
26093,True,False,https://www3.epa.gov/airquality/greenbook/downld/phistory.xls
26099,True,False,https://www3.epa.gov/airquality/greenbook/downld/phistory.xls
26115,True,False,https://www3.epa.gov/airquality/greenbook/downld/phistory.xls
26121,True,False,https://www3.epa.gov/airquality/greenbook/downld/phistory.xls
26125,True,False,https://www3.epa.gov/airquality/greenbook/downld/phistory.xls
26147,True,False,https://www3.epa.gov/airquality/greenbook/downld/phistory.xls
26161,True,False,https://www3.epa.gov/airquality/greenbook/downld/phistory.xls
26163,True,False,https://www3.epa.gov/airquality/greenbook/downld/phistory.xls
29071,True,False,https://www3.epa.gov/airquality/greenbook/downld/phistory.xls
29099,True,False,https://www3.epa.gov/airquality/greenbook/downld/phistory.xls
29183,True,False,https://www3.epa.gov/airquality/greenbook/downld/phistory.xls
29189,True,False,https://www3.epa.gov/airquality/greenbook/downld/phistory.xls
29510,True,False,https://www3.epa.gov/airquality/greenbook/downld/phistory.xls
32003,True,False,https://www3.epa.gov/airquality/greenbook/downld/phistory.xls
34001,True,False,https://www3.epa.gov/airquality/greenbook/downld/phistory.xls
34003,True,False,https://www3.epa.gov/airquality/greenbook/downld/phistory.xls
34005,True,False,https://www3.epa.gov/airquality/greenbook/downld/phistory.xls
34007,True,False,https://www3.epa.gov/airquality/greenbook/downld/phistory.xls
34009,True,False,https://www3.epa.gov/airquality/greenbook/downld/phistory.xls
34011,True,False,https://www3.epa.gov/airquality/greenbook/downld/phistory.xls
34013,True,False,https://www3.epa.gov/airquality/greenbook/downld/phistory.xls
34015,True,False,https://www3.epa.gov/airquality/greenbook/downld/phistory.xls
34017,True,False,https://www3.epa.gov/airquality/greenbook/downld/phistory.xls
34019,True,False,https://www3.epa.gov/airquality/greenbook/downld/phistory.xls
34021,True,False,https://www3.epa.gov/airquality/greenbook/downld/phistory.xls
34023,True,False,https://www3.epa.gov/airquality/greenbook/downld/phistory.xls
34025,True,False,https://www3.epa.gov/airquality/greenbook/downld/phistory.xls
34027,True,False,https://www3.epa.gov/airquality/greenbook/downld/phistory.xls
34029,True,False,https://www3.epa.gov/airquality/greenbook/downld/phistory.xls
34031,True,False,https://www3.epa.gov/airquality/greenbook/downld/phistory.xls
34033,True,False,https://www3.epa.gov/airquality/greenbook/downld/phistory.xls
34035,True,False,https://www3.epa.gov/airquality/greenbook/downld/phistory.xls
34037,True,False,https://www3.epa.gov/airquality/greenbook/downld/phistory.xls
34039,True,False,https://www3.epa.gov/airquality/greenbook/downld/phistory.xls
34041,True,False,https://www3.epa.gov/airquality/greenbook/downld/phistory.xls
35013,True,False,https://www3.epa.gov/airquality/greenbook/downld/phistory.xls
36005,True,False,https://www3.epa.gov/airquality/greenbook/downld/phistory.xls
36013,True,False,https://www3.epa.gov/airquality/greenbook/downld/phistory.xls
36047,True,False,https://www3.epa.gov/airquality/greenbook/downld/phistory.xls
36059,True,False,https://www3.epa.gov/airquality/greenbook/downld/phistory.xls
36061,True,False,https://www3.epa.gov/airquality/greenbook/downld/phistory.xls
36081,True,False,https://www3.epa.gov/airquality/greenbook/downld/phistory.xls
36085,True,False,https://www3.epa.gov/airquality/greenbook/downld/phistory.xls
36087,True,False,https://www3.epa.gov/airquality/greenbook/downld/phistory.xls
36103,True,False,https://www3.epa.gov/airquality/greenbook/downld/phistory.xls
36119,True,False,https://www3.epa.gov/airquality/greenbook/downld/phistory.xls
41035,False,True,https://www3.epa.gov/airquality/greenbook/downld/phistory.xls
42003,True,False,https://www3.epa.gov/airquality/greenbook/downld/phistory.xls
42005,True,False,https://www3.epa.gov/airquality/greenbook/downld/phistory.xls
42007,True,False,https://www3.epa.gov/airquality/greenbook/downld/phistory.xls
42011,True,False,https://www3.epa.gov/airquality/greenbook/downld/phistory.xls
42017,True,False,https://www3.epa.gov/airquality/greenbook/downld/phistory.xls
42019,True,False,https://www3.epa.gov/airquality/greenbook/downld/phistory.xls
42025,True,False,https://www3.epa.gov/airquality/greenbook/downld/phistory.xls
42029,True,False,https://www3.epa.gov/airquality/greenbook/downld/phistory.xls
42045,True,False,https://www3.epa.gov/airquality/greenbook/downld/phistory.xls
42051,True,False,https://www3.epa.gov/airquality/greenbook/downld/phistory.xls
42071,True,False,https://www3.epa.gov/airquality/greenbook/downld/phistory.xls
42077,True,False,https://www3.epa.gov/airquality/greenbook/downld/phistory.xls
42091,True,False,https://www3.epa.gov/airquality/greenbook/downld/phistory.xls
42095,True,False,https://www3.epa.gov/airquality/greenbook/downld/phistory.xls
42101,True,False,https://www3.epa.gov/airquality/greenbook/downld/phistory.xls
42125,True,False,https://www3.epa.gov/airquality/greenbook/downld/phistory.xls
42129,True,False,https://www3.epa.gov/airquality/greenbook/downld/phistory.xls
48029,True,False,https://www3.epa.gov/airquality/greenbook/downld/phistory.xls
48039,True,False,https://www3.epa.gov/airquality/greenbook/downld/phistory.xls
48071,True,False,https://www3.epa.gov/airquality/greenbook/downld/phistory.xls
48085,True,False,https://www3.epa.gov/airquality/greenbook/downld/phistory.xls
48113,True,False,https://www3.epa.gov/airquality/greenbook/downld/phistory.xls
48121,True,False,https://www3.epa.gov/airquality/greenbook/downld/phistory.xls
48139,True,False,https://www3.epa.gov/airquality/greenbook/downld/phistory.xls
48141,True,False,https://www3.epa.gov/airquality/greenbook/downld/phistory.xls
48157,True,False,https://www3.epa.gov/airquality/greenbook/downld/phistory.xls
48167,True,False,https://www3.epa.gov/airquality/greenbook/downld/phistory.xls
48201,True,False,https://www3.epa.gov/airquality/greenbook/downld/phistory.xls
48251,True,False,https://www3.epa.gov/airquality/greenbook/downld/phistory.xls
48257,True,False,https://www3.epa.gov/airquality/greenbook/downld/phistory.xls
48291,True,False,https://www3.epa.gov/airquality/greenbook/downld/phistory.xls
48339,True,False,https://www3.epa.gov/airquality/greenbook/downld/phistory.xls
48367,True,False,https://www3.epa.gov/airquality/greenbook/downld/phistory.xls
48397,True,False,https://www3.epa.gov/airquality/greenbook/downld/phistory.xls
48439,True,False,https://www3.epa.gov/airquality/greenbook/downld/phistory.xls
48473,True,False,https://www3.epa.gov/airquality/greenbook/downld/phistory.xls
48497,True,False,https://www3.epa.gov/airquality/greenbook/downld/phistory.xls
49011,True,False,https://www3.epa.gov/airquality/greenbook/downld/phistory.xls
49013,True,False,https://www3.epa.gov/airquality/greenbook/downld/phistory.xls
49035,True,False,https://www3.epa.gov/airquality/greenbook/downld/phistory.xls
49045,True,False,https://www3.epa.gov/airquality/greenbook/downld/phistory.xls
49047,True,False,https://www3.epa.gov/airquality/greenbook/downld/phistory.xls
49049,True,False,https://www3.epa.gov/airquality/greenbook/downld/phistory.xls
49057,True,False,https://www3.epa.gov/airquality/greenbook/downld/phistory.xls
51013,True,False,https://www3.epa.gov/airquality/greenbook/downld/phistory.xls
51059,True,False,https://www3.epa.gov/airquality/greenbook/downld/phistory.xls
51107,True,False,https://www3.epa.gov/airquality/greenbook/downld/phistory.xls
51153,True,False,https://www3.epa.gov/airquality/greenbook/downld/phistory.xls
51510,True,False,https://www3.epa.gov/airquality/greenbook/downld/phistory.xls
51600,True,False,https://www3.epa.gov/airquality/greenbook/downld/phistory.xls
51610,True,False,https://www3.epa.gov/airquality/greenbook/downld/phistory.xls
51683,True,False,https://www3.epa.gov/airquality/greenbook/downld/phistory.xls
51685,True,False,https://www3.epa.gov/airquality/greenbook/downld/phistory.xls
55059,True,False,https://www3.epa.gov/airquality/greenbook/downld/phistory.xls
55079,True,False,https://www3.epa.gov/airquality/greenbook/downld/phistory.xls
55089,True,False,https://www3.epa.gov/airquality/greenbook/downld/phistory.xls
55101,True,False,https://www3.epa.gov/airquality/greenbook/downld/phistory.xls
55117,True,False,https://www3.epa.gov/airquality/greenbook/downld/phistory.xls
55131,True,False,https://www3.epa.gov/airquality/greenbook/downld/phistory.xls
55133,True,False,https://www3.epa.gov/airquality/greenbook/downld/phistory.xls
56023,True,False,https://www3.epa.gov/airquality/greenbook/downld/phistory.xls
56035,True,False,https://www3.epa.gov/airquality/greenbook/downld/phistory.xls
56037,True,False,https://www3.epa.gov/airquality/greenbook/downld/phistory.xls
