fips,label
01071,0
01073,1
01089,0
01097,1
01101,0
01103,1
01117,1
01121,1
04005,1
04013,1
04019,1
05009,0
05035,0
05045,1
05053,1
05071,1
05115,0
05119,1
06001,1
06013,1
06025,1
06029,1
06031,1
06037,1
06055,1
06065,1
06067,0
06077,0
06085,1
06093,1
06099,1
06107,1
06111,1
08001,1
08005,0
08031,1
08035,1
08041,1
08075,1
09110,1
09180,1
10003,1
12017,1
12086,0
12093,1
12099,1
12105,1
12111,1
13015,1
13031,1
13045,1
13059,1
13063,1
13067,0
13073,1
13077,1
13089,1
13097,1
13113,1
13115,1
13121,1
13135,0
13139,1
13151,1
13157,1
13169,1
13185,1
13189,0
13207,1
13215,0
13217,1
13245,0
13247,0
13255,0
13285,1
13289,1
13303,0
13313,1
16001,1
16005,1
16019,1
17021,1
17031,1
17037,0
17043,1
17089,1
17093,0
17097,1
17107,1
17119,1
17141,1
17167,1
17179,1
17197,1
18003,1
18005,0
18011,0
18019,1
18023,1
18031,1
18057,0
18059,1
18063,1
18085,1
18089,1
18091,0
18097,1
18127,1
18141,1
18145,1
18153,1
19013,1
19045,1
19049,0
19061,1
19113,0
19153,0
19155,0
19181,1
19193,1
20091,1
20103,1
20209,1
21009,1
21019,1
21035,0
21047,1
21067,0
21111,0
21145,0
21163,1
21167,1
21185,1
21213,1
22017,0
22019,1
22037,0
22071,1
22079,0
22083,1
22125,0
23001,1
23029,1
24005,0
24009,1
24017,1
24021,1
24031,1
24033,1
25017,1
25025,0
26027,0
26029,1
26065,1
26077,1
26079,1
26081,1
26093,1
26099,1
26115,1
26125,1
26161,1
26163,1
27037,1
27049,1
27053,0
27101,1
27137,1
27141,1
27171,1
28033,1
28089,0
28121,1
29019,1
29021,1
29027,1
29037,1
29047,0
29071,1
29095,1
29097,1
29099,1
29139,1
29147,1
29165,0
29189,0
29219,0
29225,1
30013,1
30063,1
30093,1
30111,1
31055,0
31109,0
31153,0
32003,1
32029,0
32031,0
33011,0
33015,1
34005,1
34011,1
34013,0
34015,1
34017,0
34021,1
34023,1
34025,0
34037,1
35001,0
35007,1
35013,1
35025,0
35053,1
36001,1
36007,0
36027,1
36029,1
36037,1
36043,1
36047,0
36061,0
36063,1
36067,1
36077,1
36085,0
36087,0
36089,1
36103,1
36109,1
36123,1
37021,0
37027,0
37035,0
37045,0
37065,1
37067,1
37081,0
37097,1
37119,1
37153,0
37157,0
37161,0
37169,1
37181,1
37183,1
38017,0
38021,0
38093,0
38105,1
39001,1
39003,1
39017,1
39021,1
39027,1
39035,1
39037,0
39041,1
39045,1
39047,0
39049,1
39059,1
39061,0
39087,1
39089,1
39095,1
39129,1
39131,0
39133,1
39135,1
39145,1
39151,1
39153,1
39155,1
39159,1
39173,1
40017,1
40097,0
40109,1
40113,1
40131,1
40143,0
40145,1
41013,0
41017,1
41027,1
41047,1
41059,0
41067,0
42003,1
42005,0
42007,1
42011,0
42015,1
42019,0
42021,0
42025,1
42027,0
42029,1
42041,0
42059,1
42063,1
42069,1
42071,1
42073,1
42075,1
42077,1
42079,1
42081,0
42085,0
42089,1
42091,1
42093,1
42095,0
42101,0
42119,1
42121,0
42125,1
42129,1
45003,0
45029,1
45035,1
45045,1
45067,1
45083,1
45087,1
45091,0
46039,1
46099,1
47037,1
47065,1
47125,0
47157,1
47165,0
48011,0
48015,1
48021,0
48027,1
48029,0
48035,0
48037,0
48041,1
48045,0
48061,1
48065,1
48075,0
48085,0
48091,1
48113,0
48121,1
48125,0
48139,1
48151,0
48157,0
48161,0
48179,1
48187,1
48189,0
48201,0
48209,1
48213,1
48215,0
48217,1
48221,1
48223,1
48231,1
48277,0
48309,1
48331,1
48335,0
48349,0
48355,1
48371,0
48375,0
48389,0
48417,0
48423,1
48439,1
48441,0
48451,1
48453,1
48475,0
48477,1
48487,0
48489,0
48491,1
48495,0
49003,1
49021,1
49027,1
49035,0
49049,1
51031,1
51033,0
51036,1
51041,1
51047,1
51059,1
51061,1
51069,0
51075,1
51085,1
51087,1
51099,1
51107,1
51109,1
51117,0
51121,0
51143,1
51145,0
51153,1
51169,0
51177,0
51179,0
51195,0
51630,1
51660,0
51710,0
51730,0
51810,0
53007,0
53017,0
53025,0
53031,0
53033,0
53037,1
53061,0
53063,0
53067,0
54011,0
54059,1
54061,0
54093,1
55009,1
55025,1
55027,1
55033,1
55043,1
55059,1
55061,1
55079,1
55089,1
55101,1
55105,1
55141,1
56021,1
56041,0
