state,state_dc_bill_pending,bill_source_url,state_sales_tax_exemption,exemption_source_url,state_large_load_tariff,tariff_source_url,confidence,notes
AL,false,https://www.ncsl.org/fiscal/which-states-are-banning-data-centers,true,https://www.revenue.alabama.gov/tax-incentives/chapter-9b-abatements/,,https://www.eei.org/-/media/Project/EEI/Documents/Issues%20and%20Policy/List%20of%20Large%20Customer%20Projects%20and%20Tariffs,medium,sales tax abatement; 2026 HB399 trims DC breaks; Alabama Power >30MW special-contract rule (tariff unclear)
AR,false,https://www.ncsl.org/fiscal/which-states-are-banning-data-centers,true,https://www.salestaxinstitute.com/resources/arkansas-enacts-exemption-for-qualifying-data-centers,false,https://www.entergyarkansas.com/wp-content/uploads/2024/11/eal_lphlds.pdf,medium,Entergy LPHLDS targets crypto; Google served by special contract
AZ,false,https://www.ncsl.org/fiscal/which-states-are-banning-data-centers,true,https://azcapitoltimes.com/news/2026/07/09/data-centers-dominated-2026-session-lawmakers-answered-with-3-year-tax-incentive-pause/,false,https://www.eei.org/-/media/Project/EEI/Documents/Issues%20and%20Policy/List%20of%20Large%20Customer%20Projects%20and%20Tariffs,medium,exemption paused for new applicants 7/2026-6/2029; APS XHLF revisions pending
CA,false,https://www.ncsl.org/fiscal/which-states-are-banning-data-centers,,,false,https://www.eei.org/-/media/Project/EEI/Documents/Issues%20and%20Policy/List%20of%20Large%20Customer%20Projects%20and%20Tariffs,low,"DC sales tax exemption status not verified; PG&E Rule 30 is interconnection, not min-bill tariff"
CO,false,https://www.ncsl.org/fiscal/which-states-are-banning-data-centers,false,https://leg.colorado.gov/bills/hb26-1030,false,https://www.eei.org/-/media/Project/EEI/Documents/Issues%20and%20Policy/List%20of%20Large%20Customer%20Projects%20and%20Tariffs,medium,HB26-1030 exemption postponed indefinitely; Xcel large-load tariff pending
CT,false,https://www.ncsl.org/fiscal/which-states-are-banning-data-centers,true,https://portal.ct.gov/decd/content/business-development/data-infrastructure-administration-and-security/office-of-data-infrastructure-administration-and-security/about,false,https://www.eei.org/-/media/Project/EEI/Documents/Issues%20and%20Policy/List%20of%20Large%20Customer%20Projects%20and%20Tariffs,medium,no CT tariff in EEI list
DE,,https://www.ncsl.org/fiscal/which-states-are-banning-data-centers,true,https://www.bankrate.com/taxes/these-5-states-dont-levy-sales-tax-but-watch-for-other-taxes/,false,https://www.eei.org/-/media/Project/EEI/Documents/Issues%20and%20Policy/List%20of%20Large%20Customer%20Projects%20and%20Tariffs,low,"SB 353 moratorium listed as introduced; session ended 6/30 so likely dead; no sales tax; Delmarva GS-LL pending; no general sales tax, treated as exempt"
FL,false,https://www.ncsl.org/fiscal/which-states-are-banning-data-centers,true,https://www.flsenate.gov/Session/Bill/2017/1277,true,https://www.eei.org/-/media/Project/EEI/Documents/Issues%20and%20Policy/List%20of%20Large%20Customer%20Projects%20and%20Tariffs,high,FPL LLCS-1/2 in effect 1/2026; SB 484 affirms local land-use authority
GA,false,https://www.ncsl.org/fiscal/which-states-are-banning-data-centers,true,https://www.alston.com/en/insights/publications/2026/02/georgia-sales-tax-exemptions-data-centers,true,https://www.eei.org/-/media/Project/EEI/Documents/Issues%20and%20Policy/List%20of%20Large%20Customer%20Projects%20and%20Tariffs,high,HB 1012/HB 1059 moratoria died; exemption sunsets 12/31/2031; Georgia Power 100MW+ min-bill rules
IA,false,https://www.ncsl.org/fiscal/which-states-are-banning-data-centers,true,https://revenue.iowa.gov/taxes/tax-guidance/sales-use-excise-tax/data-centers,true,https://www.eei.org/-/media/Project/EEI/Documents/Issues%20and%20Policy/List%20of%20Large%20Customer%20Projects%20and%20Tariffs,medium,2025 HF 976 time-limits exemption; Alliant Rider ICR individual-customer rates
ID,false,https://www.ncsl.org/fiscal/which-states-are-banning-data-centers,true,https://commerce.idaho.gov/incentives/data-center-sales-tax-exemption/,false,https://www.eei.org/-/media/Project/EEI/Documents/Issues%20and%20Policy/List%20of%20Large%20Customer%20Projects%20and%20Tariffs,low,Idaho Power Schedule 20 targets crypto; HB 496 restriction bill enrolled (scope unverified)
IL,,https://www.route-fifty.com/artificial-intelligence/2026/06/illinois-not-quite-ready-pass-data-center-regulations-despite-public-pressure/414088/,true,https://www.datacenterdynamics.com/en/news/illinois-governor-pritzker-to-call-for-two-year-suspension-of-data-center-tax-incentives-report/,true,https://www.eei.org/-/media/Project/EEI/Documents/Issues%20and%20Policy/List%20of%20Large%20Customer%20Projects%20and%20Tariffs,medium,POWER Act (regulatory) pending for Nov veto session; incentives paused for new applicants 7/2026; ComEd Rider DE/TSA
IN,false,https://www.ncsl.org/fiscal/which-states-are-banning-data-centers,true,https://iedc.in.gov/incentives/data-center-sales-tax-exemption,true,https://www.eei.org/-/media/Project/EEI/Documents/Issues%20and%20Policy/List%20of%20Large%20Customer%20Projects%20and%20Tariffs,high,I&M Tariff I.P. large-load terms approved
KS,false,https://www.ncsl.org/fiscal/which-states-are-banning-data-centers,true,https://www.huschblackwell.com/newsandinsights/kansas-enacts-20-year-sales-tax-exemption-for-data-centers,true,https://www.eei.org/-/media/Project/EEI/Documents/Issues%20and%20Policy/List%20of%20Large%20Customer%20Projects%20and%20Tariffs,high,SB 98 (2025); Evergy LLPS approved
KY,false,https://www.ncsl.org/fiscal/which-states-are-banning-data-centers,true,https://www.stites.com/?p=14669,true,https://www.eei.org/-/media/Project/EEI/Documents/Issues%20and%20Policy/List%20of%20Large%20Customer%20Projects%20and%20Tariffs,medium,KRS 139.499 expanded 2025; LG&E/KU EHLF tariff approved 2/2026
LA,false,https://www.ncsl.org/fiscal/which-states-are-banning-data-centers,true,https://legis.la.gov/Legis/BillInfo.aspx?i=246976,true,https://www.eei.org/-/media/Project/EEI/Documents/Issues%20and%20Policy/List%20of%20Large%20Customer%20Projects%20and%20Tariffs,medium,"Act 730 is a sales tax rebate, not exemption; Entergy LA LLHLF rate"
MA,false,https://www.ncsl.org/fiscal/which-states-are-banning-data-centers,true,https://www.mass.gov/info-details/massachusetts-qualified-data-center-sales-and-use-tax-exemption,false,https://www.eei.org/-/media/Project/EEI/Documents/Issues%20and%20Policy/List%20of%20Large%20Customer%20Projects%20and%20Tariffs,medium,new qualified-DC certifications paused by Gov. Healey 2026; no MA tariff in EEI list
MD,false,https://www.ncsl.org/fiscal/which-states-are-banning-data-centers,true,https://commerce.maryland.gov/fund/data-center-maryland-sales-and-use-tax-exemption-incentive-program,false,https://www.eei.org/-/media/Project/EEI/Documents/Issues%20and%20Policy/List%20of%20Large%20Customer%20Projects%20and%20Tariffs,medium,HB 120 moratorium failed; large-load rate schedules filed 9/2026 (pending)
ME,false,https://www.ncsl.org/fiscal/which-states-are-banning-data-centers,,,false,https://www.eei.org/-/media/Project/EEI/Documents/Issues%20and%20Policy/List%20of%20Large%20Customer%20Projects%20and%20Tariffs,low,"LD 307 moratorium vetoed, override failed; 2026 law excludes new DCs from some incentives; sales tax exemption status not verified"
MI,true,https://www.michiganvotes.org/legislation/2026/house/bill-5594,true,https://www.michiganbusiness.org/services/data-center/,true,https://www.eei.org/-/media/Project/EEI/Documents/Issues%20and%20Policy/List%20of%20Large%20Customer%20Projects%20and%20Tariffs,high,HB 5594-5596 moratorium in committee; Consumers GPD and I&M LP approved; DTE pending
MN,false,https://www.ncsl.org/fiscal/which-states-are-banning-data-centers,true,https://mn.gov/deed/business/financing-business/tax-credits/data-center-credit/,true,https://www.eei.org/-/media/Project/EEI/Documents/Issues%20and%20Policy/List%20of%20Large%20Customer%20Projects%20and%20Tariffs,medium,HF 4888/SF 4298 died; electricity exemption repealed 7/2025; Xcel LGTOD 100MW+ approved
MO,false,https://www.ncsl.org/fiscal/which-states-are-banning-data-centers,true,https://documents.house.mo.gov/billtracking/bills131/sumpdf/SB0112c.pdf,true,https://www.eei.org/-/media/Project/EEI/Documents/Issues%20and%20Policy/List%20of%20Large%20Customer%20Projects%20and%20Tariffs,medium,RSMo 144.810; Evergy LLPS and Ameren large-load approved
MS,false,https://www.ncsl.org/fiscal/which-states-are-banning-data-centers,true,https://www.salestaxinstitute.com/resources/mississippi-amends-and-creates-data-center-exemptions,false,https://www.eei.org/-/media/Project/EEI/Documents/Issues%20and%20Policy/List%20of%20Large%20Customer%20Projects%20and%20Tariffs,medium,"special contracts only (PSC Rule 27), no tariff"
MT,false,https://www.ncsl.org/fiscal/which-states-are-banning-data-centers,true,https://www.bankrate.com/taxes/these-5-states-dont-levy-sales-tax-but-watch-for-other-taxes/,false,https://www.eei.org/-/media/Project/EEI/Documents/Issues%20and%20Policy/List%20of%20Large%20Customer%20Projects%20and%20Tariffs,medium,"no 2026 regular session; no general sales tax; NorthWestern Large New Load Tariff filed 3/2026; no general sales tax, treated as exempt"
NC,true,https://lrs.sog.unc.edu/node/577524,true,https://ncdor.gov/documents/important-notices/important-notice-qualifying-datacenter/open,false,https://www.eei.org/-/media/Project/EEI/Documents/Issues%20and%20Policy/List%20of%20Large%20Customer%20Projects%20and%20Tariffs,medium,"H 1189 2-yr moratorium in committee; electricity exemption repealed 8/2026, equipment exemption remains; Duke large-load tariff pending"
ND,false,https://www.ncsl.org/fiscal/which-states-are-banning-data-centers,true,https://www.thedickinsonpress.com/news/north-dakota/data-center-operations-in-north-dakota-save-nearly-41-million-through-state-tax-exemptions,true,https://www.eei.org/-/media/Project/EEI/Documents/Issues%20and%20Policy/List%20of%20Large%20Customer%20Projects%20and%20Tariffs,medium,no 2026 regular session; MDU high-density contracted tariff (10MW+)
NE,false,https://www.ncsl.org/fiscal/which-states-are-banning-data-centers,false,https://nebraskalegislature.gov/FloorDocs/108/PDF/Intro/LB1319.pdf,,https://www.eei.org/-/media/Project/EEI/Documents/Issues%20and%20Policy/List%20of%20Large%20Customer%20Projects%20and%20Tariffs,low,LB 1319 repealed DC exemption 7/2024; EO 26-17 ended incentives for new DCs; public-power tariffs not checked
NH,false,https://www.ncsl.org/fiscal/which-states-are-banning-data-centers,true,https://www.bankrate.com/taxes/these-5-states-dont-levy-sales-tax-but-watch-for-other-taxes/,false,https://www.eei.org/-/media/Project/EEI/Documents/Issues%20and%20Policy/List%20of%20Large%20Customer%20Projects%20and%20Tariffs,medium,"HB 1265 moratorium failed; no general sales tax; no general sales tax, treated as exempt"
NJ,true,https://www.remio.ai/post/new-jersey-ai-data-center-moratorium-bill-would-pause-major-projects-but-the-stu,,,false,https://www.eei.org/-/media/Project/EEI/Documents/Issues%20and%20Policy/List%20of%20Large%20Customer%20Projects%20and%20Tariffs,medium,"A5482 6-month AI DC moratorium introduced 9/2026; S731 rate-class law signed, BPU tariff not yet in force; sales tax status not verified"
NM,false,https://www.ncsl.org/fiscal/which-states-are-banning-data-centers,,,false,https://www.eei.org/-/media/Project/EEI/Documents/Issues%20and%20Policy/List%20of%20Large%20Customer%20Projects%20and%20Tariffs,low,El Paso Electric large-load tariffs proposed; sales tax status not verified
NV,false,https://www.ncsl.org/fiscal/which-states-are-banning-data-centers,true,https://goed.nv.gov/wp-content/uploads/2025/08/Data-Center-2026.pdf,false,https://www.eei.org/-/media/Project/EEI/Documents/Issues%20and%20Policy/List%20of%20Large%20Customer%20Projects%20and%20Tariffs,medium,"no 2026 regular session; abatement to 2% rate, not full exemption; only Clean Transition Tariff and contract approvals found"
NY,true,https://www.nysenate.gov/newsroom/press-releases/2026/kristen-gonzalez/ny-state-senator-kristen-gonzalez-passes-data-center,true,https://tax.ny.gov/pubs_and_bulls/tg_bulletins/st/internet_data_centers.htm,false,https://www.eei.org/-/media/Project/EEI/Documents/Issues%20and%20Policy/List%20of%20Large%20Customer%20Projects%20and%20Tariffs,medium,"S10642/A11560 passed legislature, unsigned as of 10/1; EO 62 holds 50MW+ permits; exemption is 2000-era Internet data center rule"
OH,true,https://ohiohouse.gov/legislation/136/hb983,true,https://www.wsaz.com/2026/05/27/ohio-gov-dewine-announces-pause-data-center-tax-exemption-requests/,true,https://www.eei.org/-/media/Project/EEI/Documents/Issues%20and%20Policy/List%20of%20Large%20Customer%20Projects%20and%20Tariffs,high,"HB 983 requires local voter approval; exemption paused for new requests 5/2026, veto override not completed; AEP Ohio DC tariff"
OK,false,https://www.ncsl.org/fiscal/which-states-are-banning-data-centers,true,https://www.okcommerce.gov/wp-content/uploads/Data-Center-Industry-Tax-Incentives.pdf,false,https://www.eei.org/-/media/Project/EEI/Documents/Issues%20and%20Policy/List%20of%20Large%20Customer%20Projects%20and%20Tariffs,medium,SB 1488 died; HB 2992 requires large-load tariffs; PSO/OG&E tariffs pending
OR,false,https://www.ncsl.org/fiscal/which-states-are-banning-data-centers,true,https://www.bankrate.com/taxes/these-5-states-dont-levy-sales-tax-but-watch-for-other-taxes/,true,https://www.eei.org/-/media/Project/EEI/Documents/Issues%20and%20Policy/List%20of%20Large%20Customer%20Projects%20and%20Tariffs,medium,"no general sales tax; HB 4084 limits enterprise zones; PGE large-load class approved 5/2026; no general sales tax, treated as exempt"
PA,true,https://broadbandbreakfast.com/pennsylvania-senate-advances-bill-allowing-18-month-data-center-moratoriums/,true,https://www.pa.gov/agencies/revenue/business-tax-credits-and-economic-development-programs/business-tax-credits-and-incentives/computer-data-center-equipment-program,true,https://www.eei.org/-/media/Project/EEI/Documents/Issues%20and%20Policy/List%20of%20Large%20Customer%20Projects%20and%20Tariffs,medium,SB 1345/HB 2533 authorize local 18-mo moratoria; EO 2026-05 conditions exemption; PPL large-load tariff approved
RI,false,https://www.ncsl.org/fiscal/which-states-are-banning-data-centers,,,false,https://www.eei.org/-/media/Project/EEI/Documents/Issues%20and%20Policy/List%20of%20Large%20Customer%20Projects%20and%20Tariffs,low,sales tax status not verified
SC,false,https://www.ncsl.org/fiscal/which-states-are-banning-data-centers,true,https://www.scstatehouse.gov/sess126_2025-2026/prever/5122_20260512.htm,false,https://www.eei.org/-/media/Project/EEI/Documents/Issues%20and%20Policy/List%20of%20Large%20Customer%20Projects%20and%20Tariffs,medium,H 5286/H 5526 moratoria not passed before 2026 sine die (inferred); Duke generic large-load docket
SD,false,https://www.ncsl.org/fiscal/which-states-are-banning-data-centers,false,https://www.dakotanewsnow.com/2026/02/05/lawmakers-reject-tax-exemption-proposal-data-centers/,false,https://www.eei.org/-/media/Project/EEI/Documents/Issues%20and%20Policy/List%20of%20Large%20Customer%20Projects%20and%20Tariffs,medium,SB 232 moratorium failed; HB 1005 exemption killed
TN,false,https://www.ncsl.org/fiscal/which-states-are-banning-data-centers,true,https://www.tn.gov/content/dam/tn/revenue/documents/forms/sales/f1325001.pdf,false,https://www.eei.org/-/media/Project/EEI/Documents/Issues%20and%20Policy/List%20of%20Large%20Customer%20Projects%20and%20Tariffs,low,"TVA/public-power territory, tariffs not checked; HB 1847 bars cost absorption for 50MW+"
TX,false,https://www.ncsl.org/fiscal/which-states-are-banning-data-centers,true,https://Comptroller.Texas.Gov/forms/01-929.pdf,,https://www.eei.org/-/media/Project/EEI/Documents/Issues%20and%20Policy/List%20of%20Large%20Customer%20Projects%20and%20Tariffs,medium,"no 2026 regular session; Abbott urged repeal for 2027; only econ-dev rates approved, SWEPCO/EPE large-load pending"
UT,false,https://www.ncsl.org/fiscal/which-states-are-banning-data-centers,true,https://utahnewsdispatch.com/?p=19473,false,https://psc.utah.gov/electric/orders-notices/electric-orders-2026/,low,SB 318 enrolled (scope unverified); RMP large-load service by individual contract
VA,true,https://www.ncsl.org/fiscal/which-states-are-banning-data-centers,true,https://www.hklaw.com/en/insights/publications/2026/08/virginia-preserves-data-center-tax-incentive,true,https://www.eei.org/-/media/Project/EEI/Documents/Issues%20and%20Policy/List%20of%20Large%20Customer%20Projects%20and%20Tariffs,medium,"HB 1515 continued to 2027; new $0.011/kWh DC electricity tax; Dominion GS-5 approved, effective 1/2027"
VT,false,https://www.ncsl.org/fiscal/which-states-are-banning-data-centers,,,false,https://www.eei.org/-/media/Project/EEI/Documents/Issues%20and%20Policy/List%20of%20Large%20Customer%20Projects%20and%20Tariffs,low,S.205 moratorium not passed before 2026 adjournment (inferred); sales tax status not verified
WA,false,https://www.ncsl.org/fiscal/which-states-are-banning-data-centers,true,https://dor.wa.gov/forms-publications/publications-subject/tax-topics/data-centers-sales-and-use-tax-exemption-eligibility,false,https://www.eei.org/-/media/Project/EEI/Documents/Issues%20and%20Policy/List%20of%20Large%20Customer%20Projects%20and%20Tariffs,low,ESSB 6231 narrowed exemption 7/2026; no WA tariff in EEI list
WI,false,https://www.ncsl.org/fiscal/which-states-are-banning-data-centers,true,https://revenue.wi.gov/DOR%20Publications/2114QualifiedDataCenter.pdf,true,https://www.eei.org/-/media/Project/EEI/Documents/Issues%20and%20Policy/List%20of%20Large%20Customer%20Projects%20and%20Tariffs,high,SB 1061/AB 1099 moratoria failed; We Energies VLC tariff approved
WV,false,https://www.ncsl.org/fiscal/which-states-are-banning-data-centers,,,true,https://www.eei.org/-/media/Project/EEI/Documents/Issues%20and%20Policy/List%20of%20Large%20Customer%20Projects%20and%20Tariffs,low,HB 2014 (2025) is property tax/microgrids; APCo/Wheeling LCP revisions approved
WY,false,https://www.ncsl.org/fiscal/which-states-are-banning-data-centers,true,https://www.salestaxinstitute.com/resources/wyoming-adds-additional-sales-and-use-tax-exemptions-data-processing-service-centers,true,https://www.eei.org/-/media/Project/EEI/Documents/Issues%20and%20Policy/List%20of%20Large%20Customer%20Projects%20and%20Tariffs,medium,Black Hills LPCS tariff (customer funds T&D and capacity)
DC,false,https://www.ncsl.org/fiscal/which-states-are-banning-data-centers,,,false,https://www.eei.org/-/media/Project/EEI/Documents/Issues%20and%20Policy/List%20of%20Large%20Customer%20Projects%20and%20Tariffs,low,not checked beyond NCSL and EEI lists
