source,state,county,rows
lbnl_queue,AL,Webb,1
lbnl_queue,AZ,,3
lbnl_queue,CA,,319
lbnl_queue,CO,Boone,1
lbnl_queue,CO,Golden,1
lbnl_queue,CO,Hudson,1
lbnl_queue,CT,,8
lbnl_queue,DC,,3
lbnl_queue,DE,,1
lbnl_queue,FL,Highland,1
lbnl_queue,FL,,25
lbnl_queue,GA,,1
lbnl_queue,ID,,1
lbnl_queue,IL,,8
lbnl_queue,IN,Anderson,1
lbnl_queue,IN,,4
lbnl_queue,KY,Croydon,1
lbnl_queue,KY,,27
lbnl_queue,LA,,3
lbnl_queue,MA,,30
lbnl_queue,MD,,3
lbnl_queue,ME,,3
lbnl_queue,MI,,2
lbnl_queue,MT,,1
lbnl_queue,NC,,1
lbnl_queue,ND,,1
lbnl_queue,NE,,5
lbnl_queue,NH,,1
lbnl_queue,NJ,,8
lbnl_queue,NM,,7
lbnl_queue,NV,,1
lbnl_queue,NY,,89
lbnl_queue,OH,,5
lbnl_queue,OK,Johnson,1
lbnl_queue,OK,,1
lbnl_queue,PA,,6
lbnl_queue,RI,,5
lbnl_queue,SC,,3
lbnl_queue,SD,Shannon,1
lbnl_queue,SD,,1
lbnl_queue,TX,,1
lbnl_queue,UT,Tremonton,1
lbnl_queue,VA,,14
lbnl_queue,WV,,20
lbnl_queue,WY,Jackson,1
lbnl_queue,WY,Rock Springs,1
