fips,county_name,state,rank,composite
25003,Berkshire,MA,1,65.49
36033,Franklin,NY,2,63.62
36029,Erie,NY,3,62.84
36019,Clinton,NY,4,62.05
36067,Onondaga,NY,5,62.00
25027,Worcester,MA,6,61.63
53025,Grant,WA,7,61.43
53075,Whitman,WA,8,61.10
42079,Luzerne,PA,9,60.94
17161,Rock Island,IL,10,60.72
50003,Bennington,VT,11,60.67
18141,St. Joseph,IN,12,60.36
42033,Clearfield,PA,13,60.22
17095,Knox,IL,14,60.09
36007,Broome,NY,15,60.06
53005,Benton,WA,16,60.06
47181,Wayne,TN,17,60.03
41067,Washington,OR,18,60.02
19163,Scott,IA,19,60.02
36101,Steuben,NY,20,60.01
27037,Dakota,MN,21,59.97
36063,Niagara,NY,22,59.96
17073,Henry,IL,23,59.89
53011,Clark,WA,24,59.85
39155,Trumbull,OH,25,59.71
17143,Peoria,IL,26,59.59
36013,Chautauqua,NY,27,59.57
36055,Monroe,NY,28,59.56
26091,Lenawee,MI,29,59.51
36095,Schoharie,NY,30,59.48
17183,Vermilion,IL,31,59.45
26151,Sanilac,MI,32,59.39
25013,Hampden,MA,33,59.35
17195,Whiteside,IL,34,59.30
36041,Hamilton,NY,35,59.12
27049,Goodhue,MN,36,59.11
33005,Cheshire,NH,37,59.02
45025,Chesterfield,SC,38,58.99
17037,DeKalb,IL,39,58.97
23007,Franklin,ME,40,58.86
17053,Ford,IL,41,58.77
27109,Olmsted,MN,42,58.72
33011,Hillsborough,NH,43,58.72
26117,Montcalm,MI,44,58.64
17011,Bureau,IL,45,58.51
36021,Columbia,NY,46,58.45
47151,Scott,TN,47,58.44
42107,Schuylkill,PA,48,58.35
26027,Cass,MI,49,58.27
18039,Elkhart,IN,50,58.26
17179,Tazewell,IL,51,58.22
09110,Capitol,CT,52,58.17
19127,Marshall,IA,53,58.10
05143,Washington,AR,54,58.03
36001,Albany,NY,55,57.90
17167,Sangamon,IL,56,57.88
42115,Susquehanna,PA,57,57.88
42081,Lycoming,PA,58,57.77
17113,McLean,IL,59,57.76
53071,Walla Walla,WA,60,57.74
45069,Marlboro,SC,61,57.73
50025,Windham,VT,62,57.67
55073,Marathon,WI,63,57.63
37155,Robeson,NC,64,57.58
27127,Redwood,MN,65,57.52
26157,Tuscola,MI,66,57.50
26155,Shiawassee,MI,67,57.45
17125,Mason,IL,68,57.42
26123,Newaygo,MI,69,57.37
27047,Freeborn,MN,70,57.32
55105,Rock,WI,71,57.31
47049,Fentress,TN,72,57.26
17057,Fulton,IL,73,57.24
19153,Polk,IA,74,57.24
45039,Fairfield,SC,75,57.22
39147,Seneca,OH,76,57.19
17201,Winnebago,IL,77,57.19
33003,Carroll,NH,78,57.16
27053,Hennepin,MN,79,57.14
19139,Muscatine,IA,80,57.13
42069,Lackawanna,PA,81,57.12
16055,Kootenai,ID,82,57.10
55005,Barron,WI,83,57.09
26163,Wayne,MI,84,57.05
37021,Buncombe,NC,85,57.04
17177,Stephenson,IL,86,56.97
19189,Winnebago,IA,87,56.97
26127,Oceana,MI,88,56.91
40097,Mayes,OK,89,56.90
27105,Nobles,MN,90,56.89
18157,Tippecanoe,IN,91,56.87
55087,Outagamie,WI,92,56.87
09160,Northwest Hills,CT,93,56.87
17039,De Witt,IL,94,56.84
26159,Van Buren,MI,95,56.84
45075,Orangeburg,SC,96,56.82
19187,Webster,IA,97,56.80
26065,Ingham,MI,98,56.80
17155,Putnam,IL,99,56.78
19097,Jackson,IA,100,56.76
09150,Northeastern Connecticut,CT,101,56.75
17135,Montgomery,IL,102,56.70
49007,Carbon,UT,103,56.70
17117,Macoupin,IL,104,56.68
41047,Marion,OR,105,56.67
17045,Edgar,IL,106,56.64
26149,St. Joseph,MI,107,56.64
55095,Polk,WI,108,56.63
55039,Fond du Lac,WI,109,56.63
18089,Lake,IN,110,56.62
55139,Winnebago,WI,111,56.54
19005,Allamakee,IA,112,56.52
17085,Jo Daviess,IL,113,56.52
17131,Mercer,IL,114,56.52
17115,Macon,IL,115,56.51
19113,Linn,IA,116,56.50
26045,Eaton,MI,117,56.49
27099,Mower,MN,118,56.49
26133,Osceola,MI,119,56.48
42089,Monroe,PA,120,56.45
18091,LaPorte,IN,121,56.43
26121,Muskegon,MI,122,56.37
47055,Giles,TN,123,56.33
27073,Lac qui Parle,MN,124,56.29
45003,Aiken,SC,125,56.26
27149,Stevens,MN,126,56.25
19155,Pottawattamie,IA,127,56.21
17001,Adams,IL,128,56.20
36015,Chemung,NY,129,56.19
17103,Lee,IL,130,56.17
55011,Buffalo,WI,131,56.15
45085,Sumter,SC,132,56.14
40001,Adair,OK,133,56.11
47077,Henderson,TN,134,56.10
05069,Jefferson,AR,135,56.10
27011,Big Stone,MN,136,56.07
45057,Lancaster,SC,137,56.00
54077,Preston,WV,138,55.99
17109,McDonough,IL,139,55.92
18181,White,IN,140,55.91
26023,Branch,MI,141,55.91
17107,Logan,IL,142,55.91
18111,Newton,IN,143,55.91
41005,Clackamas,OR,144,55.87
45041,Florence,SC,145,55.87
45011,Barnwell,SC,146,55.84
40051,Grady,OK,147,55.84
55033,Dunn,WI,148,55.84
42065,Jefferson,PA,149,55.81
26165,Wexford,MI,150,55.80
54025,Greenbrier,WV,151,55.78
36097,Schuyler,NY,152,55.76
56021,Laramie,WY,153,55.76
42129,Westmoreland,PA,154,55.73
17061,Greene,IL,155,55.73
19145,Page,IA,156,55.69
19033,Cerro Gordo,IA,157,55.68
54067,Nicholas,WV,158,55.68
04015,Mohave,AZ,159,55.67
47007,Bledsoe,TN,160,55.64
37157,Rockingham,NC,161,55.62
27157,Wabasha,MN,162,55.55
36099,Seneca,NY,163,55.54
40017,Canadian,OK,164,55.49
17123,Marshall,IL,165,55.45
17173,Shelby,IL,166,55.43
42031,Clarion,PA,167,55.42
55117,Sheboygan,WI,168,55.33
16069,Nez Perce,ID,169,55.32
19109,Kossuth,IA,170,55.31
17025,Clay,IL,171,55.23
42039,Crawford,PA,172,55.21
42133,York,PA,173,55.20
26139,Ottawa,MI,174,55.19
27173,Yellow Medicine,MN,175,55.19
26077,Kalamazoo,MI,176,55.17
18135,Randolph,IN,177,55.16
05123,St. Francis,AR,178,55.16
45055,Kershaw,SC,179,55.15
26075,Jackson,MI,180,55.12
55127,Walworth,WI,181,55.12
17199,Williamson,IL,182,55.10
01071,Jackson,AL,183,55.09
37007,Anson,NC,184,55.08
40119,Payne,OK,185,55.08
27033,Cottonwood,MN,186,55.08
38055,McLean,ND,187,55.07
27067,Kandiyohi,MN,188,55.06
17197,Will,IL,189,55.06
19141,O'Brien,IA,190,55.05
42037,Columbia,PA,191,55.04
50023,Washington,VT,192,55.02
29077,Greene,MO,193,55.00
30003,Big Horn,MT,194,55.00
26057,Gratiot,MI,195,55.00
47069,Hardeman,TN,196,54.96
36109,Tompkins,NY,197,54.95
19059,Dickinson,IA,198,54.94
37153,Richmond,NC,199,54.93
21083,Graves,KY,200,54.89
08041,El Paso,CO,201,54.87
37045,Cleveland,NC,202,54.87
47101,Lewis,TN,203,54.86
42127,Wayne,PA,204,54.84
42043,Dauphin,PA,205,54.80
19069,Franklin,IA,206,54.79
19169,Story,IA,207,54.76
27101,Murray,MN,208,54.74
13303,Washington,GA,209,54.74
42007,Beaver,PA,210,54.71
42013,Blair,PA,211,54.70
19047,Crawford,IA,212,54.69
26107,Mecosta,MI,213,54.69
17175,Stark,IL,214,54.68
39051,Fulton,OH,215,54.67
26073,Isabella,MI,216,54.66
45017,Calhoun,SC,217,54.66
19019,Buchanan,IA,218,54.65
36123,Yates,NY,219,54.64
18007,Benton,IN,220,54.59
16057,Latah,ID,221,54.57
45007,Anderson,SC,222,54.56
01093,Marion,AL,223,54.55
42011,Berks,PA,224,54.53
17015,Carroll,IL,225,54.52
37121,Mitchell,NC,226,54.51
41059,Umatilla,OR,227,54.50
45001,Abbeville,SC,228,54.50
26067,Ionia,MI,229,54.50
48331,Milam,TX,230,54.49
27085,McLeod,MN,231,54.47
55093,Pierce,WI,232,54.47
37161,Rutherford,NC,233,54.47
19049,Dallas,IA,234,54.45
17029,Coles,IL,235,54.41
42003,Allegheny,PA,236,54.40
55141,Wood,WI,237,54.40
19065,Fayette,IA,238,54.39
47175,Van Buren,TN,239,54.38
47153,Sequatchie,TN,240,54.35
40081,Lincoln,OK,241,54.34
45065,McCormick,SC,242,54.33
19079,Hamilton,IA,243,54.32
27151,Swift,MN,244,54.31
39173,Wood,OH,245,54.30
55119,Taylor,WI,246,54.29
37087,Haywood,NC,247,54.24
42019,Butler,PA,248,54.22
47141,Putnam,TN,249,54.21
26025,Calhoun,MI,250,54.21
26059,Hillsdale,MI,251,54.20
19027,Carroll,IA,252,54.19
29113,Lincoln,MO,253,54.18
40143,Tulsa,OK,254,54.18
47039,Decatur,TN,255,54.18
18083,Knox,IN,256,54.17
47123,Monroe,TN,257,54.16
45073,Oconee,SC,258,54.14
17031,Cook,IL,259,54.12
39139,Richland,OH,260,54.11
26081,Kent,MI,261,54.11
27081,Lincoln,MN,262,54.11
19143,Osceola,IA,263,54.07
17079,Jasper,IL,264,54.06
19035,Cherokee,IA,265,54.05
55097,Portage,WI,266,54.05
16001,Ada,ID,267,54.03
21069,Fleming,KY,268,54.01
27147,Steele,MN,269,54.00
47133,Overton,TN,270,53.99
47143,Rhea,TN,271,53.98
05007,Benton,AR,272,53.97
37119,Mecklenburg,NC,273,53.96
01059,Franklin,AL,274,53.90
19105,Jones,IA,275,53.90
29021,Buchanan,MO,276,53.89
19115,Louisa,IA,277,53.89
47185,White,TN,278,53.87
19161,Sac,IA,279,53.86
17051,Fayette,IL,280,53.84
47017,Carroll,TN,281,53.81
26111,Midland,MI,282,53.79
42041,Cumberland,PA,283,53.76
26037,Clinton,MI,284,53.76
13033,Burke,GA,285,53.76
37081,Guilford,NC,286,53.74
55135,Waupaca,WI,287,53.72
17191,Wayne,IL,288,53.70
05125,Saline,AR,289,53.69
17065,Hamilton,IL,290,53.69
19013,Black Hawk,IA,291,53.69
37191,Wayne,NC,292,53.68
55065,Lafayette,WI,293,53.67
37113,Macon,NC,294,53.67
47009,Blount,TN,295,53.65
47107,McMinn,TN,296,53.62
13121,Fulton,GA,297,53.62
19073,Greene,IA,298,53.61
48231,Hunt,TX,299,53.61
46109,Roberts,SD,300,53.60
56001,Albany,WY,301,53.57
47047,Fayette,TN,302,53.54
37193,Wilkes,NC,303,53.50
46011,Brookings,SD,304,53.50
17023,Clark,IL,305,53.49
42051,Fayette,PA,306,53.46
19081,Hancock,IA,307,53.45
45063,Lexington,SC,308,53.44
39033,Crawford,OH,309,53.42
13163,Jefferson,GA,310,53.41
21081,Grant,KY,311,53.41
05071,Johnson,AR,312,53.40
47145,Roane,TN,313,53.40
17121,Marion,IL,314,53.39
18037,Dubois,IN,315,53.39
29007,Audrain,MO,316,53.39
19031,Cedar,IA,317,53.38
47057,Grainger,TN,318,53.37
55021,Columbia,WI,319,53.37
18051,Gibson,IN,320,53.35
27131,Rice,MN,321,53.34
46051,Grant,SD,322,53.32
33013,Merrimack,NH,323,53.32
27063,Jackson,MN,324,53.30
27091,Martin,MN,325,53.30
18153,Sullivan,IN,326,53.29
37083,Halifax,NC,327,53.29
39151,Stark,OH,328,53.29
19191,Winneshiek,IA,329,53.27
27009,Benton,MN,330,53.24
40133,Seminole,OK,331,53.23
39077,Huron,OH,332,53.22
46037,Day,SD,333,53.22
27039,Dodge,MN,334,53.20
45087,Union,SC,335,53.19
05053,Grant,AR,336,53.19
19083,Hardin,IA,337,53.17
18085,Kosciusko,IN,338,53.16
19179,Wapello,IA,339,53.16
45059,Laurens,SC,340,53.15
55057,Juneau,WI,341,53.11
47061,Grundy,TN,342,53.11
19057,Des Moines,IA,343,53.09
17147,Piatt,IL,344,53.09
27093,Meeker,MN,345,53.09
39025,Clermont,OH,346,53.07
38101,Ward,ND,347,53.07
05103,Ouachita,AR,348,53.06
19063,Emmet,IA,349,53.06
19037,Chickasaw,IA,350,53.04
37151,Randolph,NC,351,53.01
17033,Crawford,IL,352,53.01
05145,White,AR,353,53.00
42125,Washington,PA,354,53.00
37183,Wake,NC,355,53.00
21177,Muhlenberg,KY,356,52.99
39137,Putnam,OH,357,52.96
19151,Pocahontas,IA,358,52.96
17157,Randolph,IL,359,52.94
18087,LaGrange,IN,360,52.93
48233,Hutchinson,TX,361,52.92
18177,Wayne,IN,362,52.91
39157,Tuscarawas,OH,363,52.90
21229,Washington,KY,364,52.90
48309,McLennan,TX,365,52.89
26085,Lake,MI,366,52.89
29121,Macon,MO,367,52.83
39037,Darke,OH,368,52.83
47167,Tipton,TN,369,52.79
21097,Harrison,KY,370,52.78
19123,Mahaska,IA,371,52.78
39143,Sandusky,OH,372,52.78
40101,Muskogee,OK,373,52.75
19099,Jasper,IA,374,52.74
47183,Weakley,TN,375,52.73
01089,Madison,AL,376,52.69
05131,Sebastian,AR,377,52.68
17187,Warren,IL,378,52.67
18113,Noble,IN,379,52.67
51005,Alleghany,VA,380,52.63
25015,Hampshire,MA,381,52.62
05093,Mississippi,AR,382,52.61
19023,Butler,IA,383,52.58
39133,Portage,OH,384,52.57
32003,Clark,NV,385,52.57
17129,Menard,IL,386,52.56
18023,Clinton,IN,387,52.54
45081,Saluda,SC,388,52.53
45079,Richland,SC,389,52.53
01079,Lawrence,AL,390,52.51
42029,Chester,PA,391,52.47
01049,DeKalb,AL,392,52.47
29211,Sullivan,MO,393,52.46
47097,Lauderdale,TN,394,52.46
37123,Montgomery,NC,395,52.46
39027,Clinton,OH,396,52.44
01133,Winston,AL,397,52.40
26021,Berrien,MI,398,52.40
19197,Wright,IA,399,52.40
26113,Missaukee,MI,400,52.40
49035,Salt Lake,UT,401,52.36
18075,Jay,IN,402,52.31
55001,Adams,WI,403,52.29
39067,Harrison,OH,404,52.28
47109,McNairy,TN,405,52.26
40021,Cherokee,OK,406,52.23
47075,Haywood,TN,407,52.22
48117,Deaf Smith,TX,408,52.22
47071,Hardin,TN,409,52.19
39175,Wyandot,OH,410,52.19
17081,Jefferson,IL,411,52.18
19119,Lyon,IA,412,52.18
27025,Chisago,MN,413,52.17
47103,Lincoln,TN,414,52.16
42067,Juniata,PA,415,52.15
13107,Emanuel,GA,416,52.15
21093,Hardin,KY,417,52.14
40087,McClain,OK,418,52.14
40137,Stephens,OK,419,52.14
17185,Wabash,IL,420,52.14
19075,Grundy,IA,421,52.13
37005,Alleghany,NC,422,52.13
19171,Tama,IA,423,52.13
37027,Caldwell,NC,424,52.09
53003,Asotin,WA,425,52.09
48145,Falls,TX,426,52.09
19137,Montgomery,IA,427,52.07
40125,Pottawatomie,OK,428,52.05
37097,Iredell,NC,429,52.05
47155,Sevier,TN,430,52.04
51117,Mecklenburg,VA,431,52.04
45077,Pickens,SC,432,52.03
27059,Isanti,MN,433,52.03
18165,Vermillion,IN,434,52.03
37011,Avery,NC,435,52.01
27013,Blue Earth,MN,436,52.01
48069,Castro,TX,437,51.99
47187,Williamson,TN,438,51.96
19017,Bremer,IA,439,51.95
19111,Lee,IA,440,51.94
48131,Duval,TX,441,51.93
19025,Calhoun,IA,442,51.92
26005,Allegan,MI,443,51.92
48387,Red River,TX,444,51.91
18129,Posey,IN,445,51.91
27143,Sibley,MN,446,51.88
29013,Bates,MO,447,51.87
27141,Sherburne,MN,448,51.87
40037,Creek,OK,449,51.86
21011,Bath,KY,450,51.85
47079,Henry,TN,451,51.85
33001,Belknap,NH,452,51.83
55091,Pepin,WI,453,51.82
19157,Poweshiek,IA,454,51.80
40107,Okfuskee,OK,455,51.80
48363,Palo Pinto,TX,456,51.80
27145,Stearns,MN,457,51.80
29195,Saline,MO,458,51.80
26161,Washtenaw,MI,459,51.80
19095,Iowa,IA,460,51.79
19077,Guthrie,IA,461,51.75
12105,Polk,FL,462,51.74
55137,Waushara,WI,463,51.74
05027,Columbia,AR,464,51.74
37127,Nash,NC,465,51.71
47091,Johnson,TN,466,51.71
19093,Ida,IA,467,51.71
40027,Cleveland,OK,468,51.70
39171,Williams,OH,469,51.68
49049,Utah,UT,470,51.68
45021,Cherokee,SC,471,51.66
22077,Pointe Coupee,LA,472,51.65
51069,Frederick,VA,473,51.65
17159,Richland,IL,474,51.64
40121,Pittsburg,OK,475,51.63
37065,Edgecombe,NC,476,51.63
27161,Waseca,MN,477,51.62
39007,Ashtabula,OH,478,51.61
21211,Shelby,KY,479,51.60
13077,Coweta,GA,480,51.58
19015,Boone,IA,481,51.58
40023,Choctaw,OK,482,51.58
01033,Colbert,AL,483,51.57
05045,Faulkner,AR,484,51.56
17145,Perry,IL,485,51.55
39079,Jackson,OH,486,51.54
55111,Sauk,WI,487,51.54
51037,Charlotte,VA,488,51.54
48223,Hopkins,TX,489,51.53
47139,Polk,TN,490,51.52
05011,Bradley,AR,491,51.52
27015,Brown,MN,492,51.50
18001,Adams,IN,493,51.50
39039,Defiance,OH,494,51.50
29137,Monroe,MO,495,51.50
40117,Pawnee,OK,496,51.50
19011,Benton,IA,497,51.49
29219,Warren,MO,498,51.48
17047,Edwards,IL,499,51.47
20111,Lyon,KS,500,51.45
34037,Sussex,NJ,501,51.44
56031,Platte,WY,502,51.44
29055,Crawford,MO,503,51.42
42071,Lancaster,PA,504,51.42
55103,Richland,WI,505,51.41
37185,Warren,NC,506,51.41
40131,Rogers,OK,507,51.40
42025,Carbon,PA,508,51.40
05067,Jackson,AR,509,51.40
05009,Boone,AR,510,51.38
19181,Warren,IA,511,51.36
49041,Sevier,UT,512,51.36
48035,Bosque,TX,513,51.35
47111,Macon,TN,514,51.34
21141,Logan,KY,515,51.33
28093,Marshall,MS,516,51.32
39101,Marion,OH,517,51.30
19091,Humboldt,IA,518,51.28
47117,Marshall,TN,519,51.25
29165,Platte,MO,520,51.25
29177,Ray,MO,521,51.24
37023,Burke,NC,522,51.23
37101,Johnston,NC,523,51.21
48375,Potter,TX,524,51.21
20107,Linn,KS,525,51.19
26015,Barry,MI,526,51.18
17041,Douglas,IL,527,51.18
05031,Craighead,AR,528,51.18
39097,Madison,OH,529,51.18
22067,Morehouse,LA,530,51.16
17169,Schuyler,IL,531,51.16
39149,Shelby,OH,532,51.15
18137,Ripley,IN,533,51.15
37077,Granville,NC,534,51.15
39169,Wayne,OH,535,51.14
22009,Avoyelles,LA,536,51.13
19175,Union,IA,537,51.10
19085,Harrison,IA,538,51.08
17049,Effingham,IL,539,51.05
29019,Boone,MO,540,51.05
20177,Shawnee,KS,541,51.04
48077,Clay,TX,542,51.04
29163,Pike,MO,543,51.04
39117,Morrow,OH,544,51.03
19029,Cass,IA,545,51.02
17089,Kane,IL,546,51.02
37039,Cherokee,NC,547,51.02
18151,Steuben,IN,548,51.01
38015,Burleigh,ND,549,51.00
51025,Brunswick,VA,550,50.96
13291,Union,GA,551,50.95
48181,Grayson,TX,552,50.95
48213,Henderson,TX,553,50.93
39069,Henry,OH,554,50.90
21213,Simpson,KY,555,50.87
18159,Tipton,IN,556,50.87
37175,Transylvania,NC,557,50.83
21035,Calloway,KY,558,50.82
20103,Leavenworth,KS,559,50.81
22029,Concordia,LA,560,50.81
29139,Montgomery,MO,561,50.75
37199,Yancey,NC,562,50.74
29001,Adair,MO,563,50.74
19053,Decatur,IA,564,50.70
17193,White,IL,565,50.69
20045,Douglas,KS,566,50.66
29053,Cooper,MO,567,50.65
05033,Crawford,AR,568,50.64
19183,Washington,IA,569,50.58
40111,Okmulgee,OK,570,50.57
47023,Chester,TN,571,50.55
42055,Franklin,PA,572,50.55
48395,Robertson,TX,573,50.52
47127,Moore,TN,574,50.51
29037,Cass,MO,575,50.50
37033,Caswell,NC,576,50.50
47113,Madison,TN,577,50.50
29101,Johnson,MO,578,50.50
19129,Mills,IA,579,50.50
40113,Osage,OK,580,50.47
40041,Delaware,OK,581,50.46
51085,Hanover,VA,582,50.46
37179,Union,NC,583,50.46
48343,Morris,TX,584,50.45
22083,Richland,LA,585,50.42
19125,Marion,IA,586,50.42
47051,Franklin,TN,587,50.40
47121,Meigs,TN,588,50.40
48423,Smith,TX,589,50.39
05057,Hempstead,AR,590,50.39
48193,Hamilton,TX,591,50.38
29107,Lafayette,MO,592,50.38
01013,Butler,AL,593,50.37
19087,Henry,IA,594,50.37
21151,Madison,KY,595,50.36
39107,Mercer,OH,596,50.36
19107,Keokuk,IA,597,50.36
13115,Floyd,GA,598,50.35
21155,Marion,KY,599,50.35
37145,Person,NC,600,50.35
48277,Lamar,TX,601,50.35
21137,Lincoln,KY,602,50.35
19185,Wayne,IA,603,50.33
49039,Sanpete,UT,604,50.31
29221,Washington,MO,605,50.29
29081,Harrison,MO,606,50.27
17035,Cumberland,IL,607,50.26
19007,Appanoose,IA,608,50.25
48139,Ellis,TX,609,50.24
05111,Poinsett,AR,610,50.21
46029,Codington,SD,611,50.20
17087,Johnson,IL,612,50.20
18071,Jackson,IN,613,50.20
51083,Halifax,VA,614,50.19
39019,Carroll,OH,615,50.19
21017,Bourbon,KY,616,50.16
39011,Auglaize,OH,617,50.13
17055,Franklin,IL,618,50.13
48161,Freestone,TX,619,50.12
21009,Barren,KY,620,50.10
13149,Heard,GA,621,50.10
40013,Bryan,OK,622,50.10
05119,Pulaski,AR,623,50.10
20011,Bourbon,KS,624,50.10
48467,Van Zandt,TX,625,50.10
29127,Marion,MO,626,50.07
17119,Madison,IL,627,50.06
21047,Christian,KY,628,50.06
26125,Oakland,MI,629,50.06
13103,Effingham,GA,630,50.05
42059,Greene,PA,631,50.05
18171,Warren,IN,632,50.05
47033,Crockett,TN,633,50.04
31109,Lancaster,NE,634,50.01
08081,Moffat,CO,635,50.00
13273,Terrell,GA,636,49.98
48217,Hill,TX,637,49.96
18121,Parke,IN,638,49.96
48093,Comanche,TX,639,49.93
47045,Dyer,TN,640,49.90
17077,Jackson,IL,641,49.89
37069,Franklin,NC,642,49.88
37093,Hoke,NC,643,49.88
26093,Livingston,MI,644,49.88
05041,Desha,AR,645,49.86
17111,McHenry,IL,646,49.85
37169,Stokes,NC,647,49.83
12095,Orange,FL,648,49.83
05059,Hot Spring,AR,649,49.80
37125,Moore,NC,650,49.80
27065,Kanabec,MN,651,49.78
24013,Carroll,MD,652,49.77
13263,Talbot,GA,653,49.77
48085,Collin,TX,654,49.77
20121,Miami,KS,655,49.73
55077,Marquette,WI,656,49.72
18021,Clay,IN,657,49.70
39163,Vinton,OH,658,49.69
51173,Smyth,VA,659,49.68
18139,Rush,IN,660,49.66
39047,Fayette,OH,661,49.64
20139,Osage,KS,662,49.63
31067,Gage,NE,663,49.61
37057,Davidson,NC,664,49.59
29205,Shelby,MO,665,49.59
28033,DeSoto,MS,666,49.57
19051,Davis,IA,667,49.56
48113,Dallas,TX,668,49.55
18005,Bartholomew,IN,669,49.53
01005,Barbour,AL,670,49.52
19101,Jefferson,IA,671,49.51
01073,Jefferson,AL,672,49.51
47053,Gibson,TN,673,49.50
13181,Lincoln,GA,674,49.49
01043,Cullman,AL,675,49.47
29083,Henry,MO,676,49.45
17189,Washington,IL,677,49.44
04027,Yuma,AZ,678,49.44
18169,Wabash,IN,679,49.43
19071,Fremont,IA,680,49.42
20029,Cloud,KS,681,49.41
29017,Bollinger,MO,682,49.41
51165,Rockingham,VA,683,49.41
28107,Panola,MS,684,49.40
29109,Lawrence,MO,685,49.40
21183,Ohio,KY,686,49.39
01095,Marshall,AL,687,49.39
13301,Warren,GA,688,49.35
39001,Adams,OH,689,49.34
55131,Washington,WI,690,49.32
29217,Vernon,MO,691,49.31
13111,Fannin,GA,692,49.30
13193,Macon,GA,693,49.30
19009,Audubon,IA,694,49.29
01015,Calhoun,AL,695,49.29
51147,Prince Edward,VA,696,49.27
05035,Crittenden,AR,697,49.27
28153,Wayne,MS,698,49.26
51111,Lunenburg,VA,699,49.26
29135,Moniteau,MO,700,49.25
40135,Sequoyah,OK,701,49.24
22073,Ouachita,LA,702,49.23
48157,Fort Bend,TX,703,49.22
05091,Miller,AR,704,49.22
21045,Casey,KY,705,49.21
13161,Jeff Davis,GA,706,49.20
17009,Brown,IL,707,49.20
48037,Bowie,TX,708,49.20
29033,Carroll,MO,709,49.19
20013,Brown,KS,710,49.16
28061,Jasper,MS,711,49.12
39141,Ross,OH,712,49.12
55047,Green Lake,WI,713,49.11
28011,Bolivar,MS,714,49.11
39159,Union,OH,715,49.08
51143,Pittsylvania,VA,716,49.08
29115,Linn,MO,717,49.07
18183,Whitley,IN,718,49.07
39049,Franklin,OH,719,49.06
20059,Franklin,KS,720,49.05
48341,Moore,TX,721,49.02
05021,Clay,AR,722,49.02
21171,Monroe,KY,723,49.01
39083,Knox,OH,724,48.99
29159,Pettis,MO,725,48.98
28141,Tishomingo,MS,726,48.97
51015,Augusta,VA,727,48.97
08101,Pueblo,CO,728,48.96
21079,Garrard,KY,729,48.93
40019,Carter,OK,730,48.93
01077,Lauderdale,AL,731,48.92
21225,Union,KY,732,48.92
48221,Hood,TX,733,48.91
29061,Daviess,MO,734,48.87
13317,Wilkes,GA,735,48.86
42087,Mifflin,PA,736,48.84
21221,Trigg,KY,737,48.84
13241,Rabun,GA,738,48.84
42099,Perry,PA,739,48.81
20001,Allen,KS,740,48.76
13165,Jenkins,GA,741,48.75
48203,Harrison,TX,742,48.75
27103,Nicollet,MN,743,48.71
01045,Dale,AL,744,48.66
13285,Troup,GA,745,48.62
18027,Daviess,IN,746,48.60
29039,Cedar,MO,747,48.60
55133,Waukesha,WI,748,48.59
21207,Russell,KY,749,48.58
29097,Jasper,MO,750,48.57
29089,Howard,MO,751,48.55
21007,Ballard,KY,752,48.53
20099,Labette,KS,753,48.52
51081,Greensville,VA,754,48.51
21099,Hart,KY,755,48.51
13015,Bartow,GA,756,48.50
22041,Franklin,LA,757,48.49
17027,Clinton,IL,758,48.48
08043,Fremont,CO,759,48.46
13055,Chattooga,GA,760,48.46
28139,Tippah,MS,761,48.44
22079,Rapides,LA,762,48.42
19117,Lucas,IA,763,48.41
20131,Nemaha,KS,764,48.38
51063,Floyd,VA,765,48.36
20005,Atchison,KS,766,48.36
22035,East Carroll,LA,767,48.36
28133,Sunflower,MS,768,48.35
21157,Marshall,KY,769,48.34
29111,Lewis,MO,770,48.32
28051,Holmes,MS,771,48.31
13155,Irwin,GA,772,48.30
37147,Pitt,NC,773,48.29
13299,Ware,GA,774,48.29
28003,Alcorn,MS,775,48.28
21123,Larue,KY,776,48.28
13199,Meriwether,GA,777,48.27
20117,Marshall,KS,778,48.22
21001,Adair,KY,779,48.21
51185,Tazewell,VA,780,48.20
40127,Pushmataha,OK,781,48.19
28111,Perry,MS,782,48.18
51109,Louisa,VA,783,48.18
39091,Logan,OH,784,48.18
48185,Grimes,TX,785,48.16
18179,Wells,IN,786,48.16
12097,Osceola,FL,787,48.13
34019,Hunterdon,NJ,788,48.13
48285,Lavaca,TX,789,48.10
01011,Bullock,AL,790,48.09
19135,Monroe,IA,791,48.02
20003,Anderson,KS,792,47.99
21219,Todd,KY,793,47.98
29075,Gentry,MO,794,47.96
13069,Coffee,GA,795,47.92
48067,Cass,TX,796,47.91
13279,Toombs,GA,797,47.89
20037,Crawford,KS,798,47.87
08069,Larimer,CO,799,47.86
48281,Lampasas,TX,800,47.85
28009,Benton,MS,801,47.85
18031,Decatur,IN,802,47.83
18145,Shelby,IN,803,47.83
46101,Moody,SD,804,47.80
47003,Bedford,TN,805,47.80
29185,St. Clair,MO,806,47.77
22025,Catahoula,LA,807,47.74
13281,Towns,GA,808,47.73
01085,Lowndes,AL,809,47.73
01001,Autauga,AL,810,47.73
28027,Coahoma,MS,811,47.73
18015,Carroll,IN,812,47.71
28073,Lamar,MS,813,47.69
29161,Phelps,MO,814,47.68
47015,Cannon,TN,815,47.66
18161,Union,IN,816,47.66
13105,Elbert,GA,817,47.63
29003,Andrew,MO,818,47.61
29071,Franklin,MO,819,47.60
13143,Haralson,GA,820,47.59
28097,Montgomery,MS,821,47.56
28081,Lee,MS,822,47.56
20133,Neosho,KS,823,47.54
48099,Coryell,TX,824,47.53
24021,Frederick,MD,825,47.51
13293,Upson,GA,826,47.49
37167,Stanly,NC,827,47.49
29117,Livingston,MO,828,47.49
20115,Marion,KS,829,47.48
48121,Denton,TX,830,47.47
46079,Lake,SD,831,47.47
20015,Butler,KS,832,47.43
13243,Randolph,GA,833,47.39
05055,Greene,AR,834,47.38
22069,Natchitoches,LA,835,47.37
01069,Houston,AL,836,47.37
20113,McPherson,KS,837,47.37
28117,Prentiss,MS,838,47.37
01109,Pike,AL,839,47.35
28017,Chickasaw,MS,840,47.32
48373,Polk,TX,841,47.32
13213,Murray,GA,842,47.30
51049,Cumberland,VA,843,47.28
29049,Clinton,MO,844,47.27
13305,Wayne,GA,845,47.27
12119,Sumter,FL,846,47.26
28029,Copiah,MS,847,47.26
01021,Chilton,AL,848,47.26
28083,Leflore,MS,849,47.26
22125,West Feliciana,LA,850,47.26
28089,Madison,MS,851,47.24
29187,St. Francois,MO,852,47.22
28007,Attala,MS,853,47.20
29063,DeKalb,MO,854,47.18
40067,Jefferson,OK,855,47.12
29031,Cape Girardeau,MO,856,47.11
13269,Taylor,GA,857,47.11
21075,Fulton,KY,858,47.09
29119,McDonald,MO,859,47.08
29143,New Madrid,MO,860,47.07
29133,Mississippi,MO,861,47.05
29011,Barton,MO,862,47.05
22065,Madison,LA,863,47.04
22091,St. Helena,LA,864,47.03
01113,Russell,AL,865,47.01
37111,McDowell,NC,866,47.00
18147,Spencer,IN,867,46.98
28057,Itawamba,MS,868,46.97
20151,Pratt,KS,869,46.92
13131,Grady,GA,870,46.91
48357,Ochiltree,TX,871,46.90
17163,St. Clair,IL,872,46.89
01031,Coffee,AL,873,46.88
01009,Blount,AL,874,46.86
13189,McDuffie,GA,875,46.85
46099,Minnehaha,SD,876,46.84
20041,Dickinson,KS,877,46.83
29207,Stoddard,MO,878,46.82
48041,Brazos,TX,879,46.79
13197,Marion,GA,880,46.79
20205,Wilson,KS,881,46.76
21139,Livingston,KY,882,46.70
13025,Brantley,GA,883,46.65
13071,Colquitt,GA,884,46.65
31003,Antelope,NE,885,46.60
13209,Montgomery,GA,886,46.57
20043,Doniphan,KS,887,46.56
51065,Fluvanna,VA,888,46.55
18013,Brown,IN,889,46.53
01117,Shelby,AL,890,46.53
01123,Tallapoosa,AL,891,46.53
31043,Dakota,NE,892,46.51
28001,Adams,MS,893,46.51
28037,Franklin,MS,894,46.49
39015,Brown,OH,895,46.47
29157,Perry,MO,896,46.45
13119,Franklin,GA,897,46.45
01061,Geneva,AL,898,46.44
20009,Barton,KS,899,46.44
48407,San Jacinto,TX,900,46.43
28019,Choctaw,MS,901,46.40
51067,Franklin,VA,902,46.39
51023,Botetourt,VA,903,46.33
48001,Anderson,TX,904,46.33
01055,Etowah,AL,905,46.31
29025,Caldwell,MO,906,46.30
20161,Riley,KS,907,46.23
48257,Kaufman,TX,908,46.21
28123,Scott,MS,909,46.18
51009,Amherst,VA,910,46.16
48449,Titus,TX,911,46.11
48225,Houston,TX,912,46.11
13079,Crawford,GA,913,46.10
48499,Wood,TX,914,46.08
48419,Shelby,TX,915,46.08
48015,Austin,TX,916,46.06
29023,Butler,MO,917,46.04
12001,Alachua,FL,918,46.02
28049,Hinds,MS,919,46.01
22123,West Carroll,LA,920,46.01
48147,Fannin,TX,921,45.99
13287,Turner,GA,922,45.98
51137,Orange,VA,923,45.98
28087,Lowndes,MS,924,45.96
28143,Tunica,MS,925,45.94
13321,Worth,GA,926,45.92
08001,Adams,CO,927,45.90
51135,Nottoway,VA,928,45.89
13195,Madison,GA,929,45.83
46083,Lincoln,SD,930,45.83
13159,Jasper,GA,931,45.76
08123,Weld,CO,932,45.75
28023,Clarke,MS,933,45.61
20021,Cherokee,KS,934,45.60
21143,Lyon,KY,935,45.57
29051,Cole,MO,936,45.56
01115,St. Clair,AL,937,45.54
13109,Evans,GA,938,45.50
22043,Grant,LA,939,45.49
01067,Henry,AL,940,45.49
01101,Montgomery,AL,941,45.46
48005,Angelina,TX,942,45.30
12083,Marion,FL,943,45.30
48251,Johnson,TX,944,45.28
13185,Lowndes,GA,945,45.20
22037,East Feliciana,LA,946,45.15
28149,Warren,MS,947,45.15
22039,Evangeline,LA,948,45.12
01007,Bibb,AL,949,45.12
48459,Upshur,TX,950,45.12
31111,Lincoln,NE,951,45.12
39129,Pickaway,OH,952,45.09
48477,Washington,TX,953,45.08
31141,Platte,NE,954,45.08
48367,Parker,TX,955,45.06
13183,Long,GA,956,44.96
48455,Trinity,TX,957,44.96
13229,Pierce,GA,958,44.75
51075,Goochland,VA,959,44.70
08013,Boulder,CO,960,44.66
29069,Dunklin,MO,961,44.55
13053,Chattahoochee,GA,962,44.50
13037,Calhoun,GA,963,44.50
28121,Rankin,MS,964,44.40
48063,Camp,TX,965,44.37
51171,Shenandoah,VA,966,44.31
28127,Simpson,MS,967,44.30
40095,Marshall,OK,968,44.30
28085,Lincoln,MS,969,44.24
51089,Henry,VA,970,44.15
13211,Morgan,GA,971,44.07
28065,Jefferson Davis,MS,972,44.03
01051,Elmore,AL,973,44.02
06067,Sacramento,CA,974,43.91
48051,Burleson,TX,975,43.90
48497,Wise,TX,976,43.89
13093,Dooly,GA,977,43.88
51113,Madison,VA,978,43.84
31177,Washington,NE,979,43.69
56015,Goshen,WY,980,43.64
22081,Red River,LA,981,43.41
29043,Christian,MO,982,43.40
51011,Appomattox,VA,983,43.24
51003,Albemarle,VA,984,43.15
28031,Covington,MS,985,42.91
48313,Madison,TX,986,42.88
48473,Waller,TX,987,42.66
13081,Crisp,GA,988,42.11
12125,Union,FL,989,41.71
12073,Leon,FL,990,41.62
31185,York,NE,991,41.57
08035,Douglas,CO,992,41.21
48471,Walker,TX,993,41.14
36049,Lewis,NY,994,62.09
36065,Oneida,NY,995,60.91
36009,Cattaraugus,NY,996,60.59
36075,Oswego,NY,997,60.35
23017,Oxford,ME,998,59.31
36031,Essex,NY,999,59.29
36053,Madison,NY,1000,58.89
41051,Multnomah,OR,1001,58.60
42083,McKean,PA,1002,57.74
47171,Unicoi,TN,1003,57.38
36035,Fulton,NY,1004,56.85
36023,Cortland,NY,1005,56.65
39061,Hamilton,OH,1006,56.61
55015,Calumet,WI,1007,56.59
27123,Ramsey,MN,1008,56.43
39035,Cuyahoga,OH,1009,56.34
50001,Addison,VT,1010,56.28
33019,Sullivan,NH,1011,56.17
47163,Sullivan,TN,1012,56.07
50007,Chittenden,VT,1013,55.89
42049,Erie,PA,1014,55.82
36093,Schenectady,NY,1015,55.81
36117,Wayne,NY,1016,55.74
36091,Saratoga,NY,1017,55.61
39099,Mahoning,OH,1018,55.54
50011,Franklin,VT,1019,55.33
40015,Caddo,OK,1020,55.32
40109,Oklahoma,OK,1021,55.12
49015,Emery,UT,1022,55.02
09140,Naugatuck Valley,CT,1023,54.91
55079,Milwaukee,WI,1024,54.88
36069,Ontario,NY,1025,54.88
23001,Androscoggin,ME,1026,54.83
47089,Jefferson,TN,1027,54.79
18167,Vigo,IN,1028,54.70
25011,Franklin,MA,1029,54.56
21191,Pendleton,KY,1030,54.51
47029,Cocke,TN,1031,54.50
05141,Van Buren,AR,1032,54.49
45083,Spartanburg,SC,1033,54.47
40047,Garfield,OK,1034,54.44
21015,Boone,KY,1035,54.17
51760,Richmond,VA,1036,54.16
27129,Renville,MN,1037,54.14
40103,Noble,OK,1038,54.11
37071,Gaston,NC,1039,54.08
48441,Taylor,TX,1040,54.07
21117,Kenton,KY,1041,54.06
47059,Greene,TN,1042,54.03
47165,Sumner,TN,1043,53.99
50019,Orleans,VT,1044,53.95
05087,Madison,AR,1045,53.95
05047,Franklin,AR,1046,53.92
21037,Campbell,KY,1047,53.90
39153,Summit,OH,1048,53.88
05127,Scott,AR,1049,53.86
05149,Yell,AR,1050,53.79
21067,Fayette,KY,1051,53.76
18127,Porter,IN,1052,53.76
47125,Montgomery,TN,1053,53.69
47019,Carter,TN,1054,53.68
47011,Bradley,TN,1055,53.60
05129,Searcy,AR,1056,53.54
27139,Scott,MN,1057,53.52
47037,Davidson,TN,1058,53.42
27019,Carver,MN,1059,53.39
48503,Young,TX,1060,53.39
29147,Nodaway,MO,1061,53.31
21111,Jefferson,KY,1062,53.30
47161,Stewart,TN,1063,53.22
40089,McCurtain,OK,1064,53.17
48047,Brooks,TX,1065,53.07
55053,Jackson,WI,1066,53.07
29047,Clay,MO,1067,52.98
48227,Howard,TX,1068,52.93
17007,Boone,IL,1069,52.90
42093,Montour,PA,1070,52.89
47083,Houston,TN,1071,52.85
47043,Dickson,TN,1072,52.81
21147,McCreary,KY,1073,52.80
48353,Nolan,TX,1074,52.80
54081,Raleigh,WV,1075,52.76
18057,Hamilton,IN,1076,52.75
26101,Manistee,MI,1077,52.75
29189,St. Louis,MO,1078,52.74
18067,Howard,IN,1079,52.72
45045,Greenville,SC,1080,52.70
48215,Hidalgo,TX,1081,52.70
48487,Wilbarger,TX,1082,52.66
48143,Erath,TX,1083,52.62
27169,Winona,MN,1084,52.61
55089,Ozaukee,WI,1085,52.35
48083,Coleman,TX,1086,52.33
47025,Claiborne,TN,1087,52.27
48479,Webb,TX,1088,52.18
47173,Union,TN,1089,52.17
22097,St. Landry,LA,1090,52.17
51660,Harrisonburg,VA,1091,52.12
47005,Benton,TN,1092,52.10
49027,Millard,UT,1093,52.02
39111,Monroe,OH,1094,52.02
21239,Woodford,KY,1095,51.98
05083,Logan,AR,1096,51.97
21073,Franklin,KY,1097,51.96
20209,Wyandotte,KS,1098,51.92
48027,Bell,TX,1099,51.91
40039,Custer,OK,1100,51.89
13313,Whitfield,GA,1101,51.86
39095,Lucas,OH,1102,51.83
46077,Kingsbury,SD,1103,51.83
40071,Kay,OK,1104,51.77
40011,Blaine,OK,1105,51.76
47137,Pickett,TN,1106,51.74
05097,Montgomery,AR,1107,51.73
05105,Perry,AR,1108,51.72
37181,Vance,NC,1109,51.71
48415,Scurry,TX,1110,51.70
48179,Gray,TX,1111,51.67
18097,Marion,IN,1112,51.66
48399,Runnels,TX,1113,51.53
37089,Henderson,NC,1114,51.48
47013,Campbell,TN,1115,51.46
45037,Edgefield,SC,1116,51.46
48249,Jim Wells,TX,1117,51.45
54061,Monongalia,WV,1118,51.45
21145,McCracken,KY,1119,51.44
27023,Chippewa,MN,1120,51.43
13175,Laurens,GA,1121,51.42
40007,Beaver,OK,1122,51.39
48451,Tom Green,TX,1123,51.35
37063,Durham,NC,1124,51.32
21173,Montgomery,KY,1125,51.30
24027,Howard,MD,1126,51.30
21023,Bracken,KY,1127,51.30
21205,Rowan,KY,1128,51.25
55059,Kenosha,WI,1129,51.23
05039,Dallas,AR,1130,51.23
39145,Scioto,OH,1131,51.21
27163,Washington,MN,1132,51.20
05001,Arkansas,AR,1133,51.17
37035,Catawba,NC,1134,51.14
40091,McIntosh,OK,1135,51.14
51177,Spotsylvania,VA,1136,51.09
21223,Trimble,KY,1137,51.05
21005,Anderson,KY,1138,51.04
21209,Scott,KY,1139,51.04
05051,Garland,AR,1140,51.03
48335,Mitchell,TX,1141,51.02
27003,Anoka,MN,1142,51.01
48025,Bee,TX,1143,51.01
21049,Clark,KY,1144,51.01
48437,Swisher,TX,1145,50.99
48189,Hale,TX,1146,50.97
21025,Breathitt,KY,1147,50.94
40153,Woodward,OK,1148,50.94
18035,Delaware,IN,1149,50.92
21085,Grayson,KY,1150,50.89
13057,Cherokee,GA,1151,50.87
34027,Morris,NJ,1152,50.87
48009,Archer,TX,1153,50.84
21077,Gallatin,KY,1154,50.83
13063,Clayton,GA,1155,50.76
48059,Callahan,TX,1156,50.74
05099,Nevada,AR,1157,50.73
48115,Dawson,TX,1158,50.68
21021,Boyle,KY,1159,50.67
13141,Hancock,GA,1160,50.67
18117,Orange,IN,1161,50.66
47021,Cheatham,TN,1162,50.65
48207,Haskell,TX,1163,50.64
39109,Miami,OH,1164,50.63
40005,Atoka,OK,1165,50.59
39055,Geauga,OH,1166,50.58
21215,Spencer,KY,1167,50.56
20127,Morris,KS,1168,50.53
39057,Greene,OH,1169,50.51
27095,Mille Lacs,MN,1170,50.51
40035,Craig,OK,1171,50.48
47081,Hickman,TN,1172,50.38
39165,Warren,OH,1173,50.37
13137,Habersham,GA,1174,50.36
05085,Lonoke,AR,1175,50.36
48427,Starr,TX,1176,50.16
05029,Conway,AR,1177,50.14
27165,Watonwan,MN,1178,50.14
13139,Hall,GA,1179,50.13
42075,Lebanon,PA,1180,50.11
17083,Jersey,IL,1181,50.10
21131,Leslie,KY,1182,50.09
05025,Cleveland,AR,1183,50.07
18105,Monroe,IN,1184,50.03
21227,Warren,KY,1185,50.02
05049,Fulton,AR,1186,50.01
39103,Medina,OH,1187,49.93
37195,Wilson,NC,1188,49.92
48049,Brown,TX,1189,49.91
17093,Kendall,IL,1190,49.91
21185,Oldham,KY,1191,49.89
05095,Monroe,AR,1192,49.88
18123,Perry,IN,1193,49.88
18155,Switzerland,IN,1194,49.88
21179,Nelson,KY,1195,49.87
48307,McCulloch,TX,1196,49.87
48135,Ector,TX,1197,49.87
18175,Washington,IN,1198,49.86
18163,Vanderburgh,IN,1199,49.81
47131,Obion,TN,1200,49.81
37067,Forsyth,NC,1201,49.79
48491,Williamson,TX,1202,49.79
51630,Fredericksburg,VA,1203,49.78
13083,Dade,GA,1204,49.76
54013,Calhoun,WV,1205,49.75
21193,Perry,KY,1206,49.72
28005,Amite,MS,1207,49.71
21031,Butler,KY,1208,49.71
22085,Sabine,LA,1209,49.66
48021,Bastrop,TX,1210,49.63
21043,Carter,KY,1211,49.63
13311,White,GA,1212,49.62
31055,Douglas,NE,1213,49.61
48389,Reeves,TX,1214,49.59
39023,Clark,OH,1215,49.59
18043,Floyd,IN,1216,49.55
51690,Martinsville,VA,1217,49.54
39085,Lake,OH,1218,49.53
48439,Tarrant,TX,1219,49.53
34031,Passaic,NJ,1220,49.53
20155,Reno,KS,1221,49.53
48195,Hansford,TX,1222,49.53
40063,Hughes,OK,1223,49.50
48253,Jones,TX,1224,49.44
31127,Nemaha,NE,1225,49.42
39003,Allen,OH,1226,49.38
21187,Owen,KY,1227,49.38
42077,Lehigh,PA,1228,49.38
13095,Dougherty,GA,1229,49.34
39059,Guernsey,OH,1230,49.34
48453,Travis,TX,1231,49.33
05137,Stone,AR,1232,49.29
51191,Washington,VA,1233,49.27
21115,Johnson,KY,1234,49.24
40141,Tillman,OK,1235,49.24
40083,Logan,OK,1236,49.23
46057,Hamlin,SD,1237,49.16
26099,Macomb,MI,1238,49.16
37003,Alexander,NC,1239,49.16
48485,Wichita,TX,1240,49.11
47147,Robertson,TN,1241,49.09
05133,Sevier,AR,1242,49.03
40077,Latimer,OK,1243,49.03
47041,DeKalb,TN,1244,49.01
01105,Perry,AL,1245,48.96
51087,Henrico,VA,1246,48.95
47149,Rutherford,TN,1247,48.93
21217,Taylor,KY,1248,48.93
37025,Cabarrus,NC,1249,48.91
40065,Jackson,OK,1250,48.90
37109,Lincoln,NC,1251,48.90
48089,Colorado,TX,1252,48.89
18019,Clark,IN,1253,48.87
35009,Curry,NM,1254,48.86
20031,Coffey,KS,1255,48.86
29510,St. Louis,MO,1256,48.86
13091,Dodge,GA,1257,48.86
05079,Lincoln,AR,1258,48.84
21051,Clay,KY,1259,48.84
39041,Delaware,OH,1260,48.82
22115,Vernon,LA,1261,48.81
21113,Jessamine,KY,1262,48.77
13097,Douglas,GA,1263,48.75
48297,Live Oak,TX,1264,48.75
21121,Knox,KY,1265,48.73
05019,Clark,AR,1266,48.66
20149,Pottawatomie,KS,1267,48.65
42091,Montgomery,PA,1268,48.60
40093,Major,OK,1269,48.60
01075,Lamar,AL,1270,48.60
05037,Cross,AR,1271,48.58
48279,Lamb,TX,1272,48.58
39031,Coshocton,OH,1273,48.55
21199,Pulaski,KY,1274,48.55
29009,Barry,MO,1275,48.54
40075,Kiowa,OK,1276,48.54
13135,Gwinnett,GA,1277,48.52
51840,Winchester,VA,1278,48.50
05043,Drew,AR,1279,48.49
18109,Morgan,IN,1280,48.43
05121,Randolph,AR,1281,48.41
39105,Meigs,OH,1282,48.39
29099,Jefferson,MO,1283,48.38
48337,Montague,TX,1284,48.35
17005,Bond,IL,1285,48.33
48107,Crosby,TX,1286,48.32
08063,Kit Carson,CO,1287,48.29
39121,Noble,OH,1288,48.27
48149,Fayette,TX,1289,48.22
48469,Victoria,TX,1290,48.18
31131,Otoe,NE,1291,48.18
51678,Lexington,VA,1292,48.14
20035,Cowley,KS,1293,48.14
51027,Buchanan,VA,1294,48.12
01041,Crenshaw,AL,1295,48.11
48369,Parmer,TX,1296,48.09
39131,Pike,OH,1297,48.09
20057,Ford,KS,1298,48.09
13157,Jackson,GA,1299,48.06
28013,Calhoun,MS,1300,48.02
34041,Warren,NJ,1301,47.99
20055,Finney,KS,1302,47.99
05073,Lafayette,AR,1303,47.99
20027,Clay,KS,1304,47.97
31147,Richardson,NE,1305,47.93
48347,Nacogdoches,TX,1306,47.91
48305,Lynn,TX,1307,47.90
47159,Smith,TN,1308,47.88
18115,Ohio,IN,1309,47.86
21125,Laurel,KY,1310,47.85
01027,Clay,AL,1311,47.84
51167,Russell,VA,1312,47.78
51035,Carroll,VA,1313,47.69
18119,Owen,IN,1314,47.67
40149,Washita,OK,1315,47.67
17043,DuPage,IL,1316,47.63
55101,Racine,WI,1317,47.56
28137,Tate,MS,1318,47.55
01057,Fayette,AL,1319,47.52
20171,Scott,KS,1320,47.51
20085,Jackson,KS,1321,47.51
48169,Garza,TX,1322,47.50
48097,Cooke,TX,1323,47.48
28159,Winston,MS,1324,47.45
28069,Kemper,MS,1325,47.45
13117,Forsyth,GA,1326,47.44
48381,Randall,TX,1327,47.43
12003,Baker,FL,1328,47.42
13043,Candler,GA,1329,47.42
04013,Maricopa,AZ,1330,47.41
28015,Carroll,MS,1331,47.40
48329,Midland,TX,1332,47.39
08087,Morgan,CO,1333,47.34
29067,Douglas,MO,1334,47.34
13147,Hart,GA,1335,47.30
28161,Yalobusha,MS,1336,47.29
01121,Talladega,AL,1337,47.29
48401,Rusk,TX,1338,47.29
22049,Jackson,LA,1339,47.28
31153,Sarpy,NE,1340,47.27
39005,Ashland,OH,1341,47.23
40061,Haskell,OK,1342,47.22
32510,Carson City,NV,1343,47.20
05117,Prairie,AR,1344,47.17
37149,Polk,NC,1345,47.16
05147,Woodruff,AR,1346,47.14
51640,Galax,VA,1347,47.14
48445,Terry,TX,1348,47.09
51169,Scott,VA,1349,47.09
05081,Little River,AR,1350,47.08
18059,Hancock,IN,1351,47.07
01125,Tuscaloosa,AL,1352,47.07
13247,Rockdale,GA,1353,47.06
37105,Lee,NC,1354,47.04
17181,Union,IL,1355,47.02
13113,Fayette,GA,1356,47.02
51520,Bristol,VA,1357,47.01
13187,Lumpkin,GA,1358,47.00
20159,Rice,KS,1359,46.99
48017,Bailey,TX,1360,46.98
48255,Karnes,TX,1361,46.97
28071,Lafayette,MS,1362,46.94
40033,Cotton,OK,1363,46.93
51820,Waynesboro,VA,1364,46.86
18077,Jefferson,IN,1365,46.86
31025,Cass,NE,1366,46.82
48237,Jack,TX,1367,46.81
54037,Jefferson,WV,1368,46.74
13297,Walton,GA,1369,46.72
51600,Fairfax,VA,1370,46.70
40009,Beckham,OK,1371,46.69
28155,Webster,MS,1372,46.69
08073,Lincoln,CO,1373,46.67
01107,Pickens,AL,1374,46.60
48303,Lubbock,TX,1375,46.60
13167,Johnson,GA,1376,46.58
31089,Holt,NE,1377,46.56
18143,Scott,IN,1378,46.56
51595,Emporia,VA,1379,46.55
51590,Danville,VA,1380,46.49
22059,LaSalle,LA,1381,46.48
05135,Sharp,AR,1382,46.45
13255,Spalding,GA,1383,46.44
13013,Barrow,GA,1384,46.43
18093,Lawrence,IN,1385,46.42
21235,Whitley,KY,1386,46.42
13047,Catoosa,GA,1387,46.42
51195,Wise,VA,1388,46.38
22121,West Baton Rouge,LA,1389,46.37
34035,Somerset,NJ,1390,46.37
48163,Frio,TX,1391,46.36
54003,Berkeley,WV,1392,46.31
48013,Atascosa,TX,1393,46.31
28145,Union,MS,1394,46.30
46067,Hutchinson,SD,1395,46.28
46015,Brule,SD,1396,46.28
48177,Gonzales,TX,1397,46.27
21029,Bullitt,KY,1398,46.27
13309,Wheeler,GA,1399,46.26
29145,Newton,MO,1400,46.25
48289,Leon,TX,1401,46.24
51680,Lynchburg,VA,1402,46.22
46009,Bon Homme,SD,1403,46.21
40099,Murray,OK,1404,46.20
48411,San Saba,TX,1405,46.19
28115,Pontotoc,MS,1406,46.17
51145,Powhatan,VA,1407,46.16
13283,Treutlen,GA,1408,46.16
28103,Noxubee,MS,1409,46.11
01081,Lee,AL,1410,46.03
39075,Holmes,OH,1411,46.01
48219,Hockley,TX,1412,46.01
54065,Morgan,WV,1413,45.97
48187,Guadalupe,TX,1414,45.97
13289,Twiggs,GA,1415,45.96
48029,Bexar,TX,1416,45.94
40055,Greer,OK,1417,45.94
39115,Morgan,OH,1418,45.93
48153,Floyd,TX,1419,45.92
51790,Staunton,VA,1420,45.90
51685,Manassas Park,VA,1421,45.89
18081,Johnson,IN,1422,45.86
39119,Muskingum,OH,1423,45.84
31097,Johnson,NE,1424,45.84
22011,Beauregard,LA,1425,45.84
48501,Yoakum,TX,1426,45.84
48159,Franklin,TX,1427,45.79
05075,Lawrence,AR,1428,45.76
13215,Muscogee,GA,1429,45.72
17127,Massac,IL,1430,45.71
48003,Andrews,TX,1431,45.68
29131,Miller,MO,1432,45.67
18079,Jennings,IN,1433,45.66
51540,Charlottesville,VA,1434,45.65
13245,Richmond,GA,1435,45.65
13319,Wilkinson,GA,1436,45.64
13227,Pickens,GA,1437,45.63
13009,Baldwin,GA,1438,45.60
18063,Hendricks,IN,1439,45.58
51187,Warren,VA,1440,45.57
29153,Ozark,MO,1441,45.54
20201,Washington,KS,1442,45.51
20077,Harper,KS,1443,45.50
48119,Delta,TX,1444,45.50
13059,Clarke,GA,1445,45.47
31027,Cedar,NE,1446,45.47
01091,Marengo,AL,1447,45.38
13315,Wilcox,GA,1448,45.36
20067,Grant,KS,1449,45.31
51770,Roanoke,VA,1450,45.28
13017,Ben Hill,GA,1451,45.26
48457,Tyler,TX,1452,45.26
28067,Jones,MS,1453,45.24
28043,Grenada,MS,1454,45.24
13085,Dawson,GA,1455,45.23
48315,Marion,TX,1456,45.20
28129,Smith,MS,1457,45.16
48205,Hartley,TX,1458,45.14
13151,Henry,GA,1459,45.09
01111,Randolph,AL,1460,45.06
31155,Saunders,NE,1461,45.03
31051,Dixon,NE,1462,44.95
13221,Oglethorpe,GA,1463,44.93
48091,Comal,TX,1464,44.92
22015,Bossier,LA,1465,44.90
48055,Caldwell,TX,1466,44.89
06069,San Benito,CA,1467,44.83
48075,Childress,TX,1468,44.80
31107,Knox,NE,1469,44.72
48287,Lee,TX,1470,44.71
13271,Telfair,GA,1471,44.70
20123,Mitchell,KS,1472,44.70
22061,Lincoln,LA,1473,44.68
51610,Falls Church,VA,1474,44.67
48365,Panola,TX,1475,44.67
20175,Seward,KS,1476,44.64
46065,Hughes,SD,1477,44.62
51683,Manassas,VA,1478,44.56
20069,Gray,KS,1479,44.55
51775,Salem,VA,1480,44.51
48073,Cherokee,TX,1481,44.47
13023,Bleckley,GA,1482,44.45
48325,Medina,TX,1483,44.44
29155,Pemiscot,MO,1484,44.42
01065,Hale,AL,1485,44.41
13021,Bibb,GA,1486,44.36
12023,Columbia,FL,1487,44.22
28099,Neshoba,MS,1488,44.21
13169,Jones,GA,1489,44.17
06077,San Joaquin,CA,1490,44.07
20125,Montgomery,KS,1491,44.06
20145,Pawnee,KS,1492,44.02
48493,Wilson,TX,1493,44.00
51161,Roanoke,VA,1494,43.96
31095,Jefferson,NE,1495,43.78
20189,Stevens,KS,1496,43.73
48241,Jasper,TX,1497,43.72
13133,Greene,GA,1498,43.71
13073,Columbia,GA,1499,43.71
22119,Webster,LA,1500,43.70
22021,Caldwell,LA,1501,43.69
28079,Leake,MS,1502,43.64
28147,Walthall,MS,1503,43.60
46027,Clay,SD,1504,43.55
13035,Butts,GA,1505,43.53
28101,Newton,MS,1506,43.51
31179,Wayne,NE,1507,43.46
48165,Gaines,TX,1508,43.42
08083,Montezuma,CO,1509,43.38
12041,Gilchrist,FL,1510,43.35
13225,Peach,GA,1511,43.35
04021,Pinal,AZ,1512,43.31
13235,Pulaski,GA,1513,43.27
51019,Bedford,VA,1514,43.26
12039,Gadsden,FL,1515,43.09
13153,Houston,GA,1516,43.05
48379,Rains,TX,1517,43.04
01087,Macon,AL,1518,43.02
20053,Ellsworth,KS,1519,42.99
31119,Madison,NE,1520,42.93
20095,Kingman,KS,1521,42.84
31059,Fillmore,NE,1522,42.84
13277,Tift,GA,1523,42.70
12117,Seminole,FL,1524,42.67
48259,Kendall,TX,1525,42.62
28075,Lauderdale,MS,1526,42.62
28035,Forrest,MS,1527,42.52
48199,Hardin,TX,1528,42.49
31033,Cheyenne,NE,1529,42.47
28105,Oktibbeha,MS,1530,42.47
29213,Taney,MO,1531,42.44
51079,Greene,VA,1532,42.39
48183,Gregg,TX,1533,42.37
28077,Lawrence,MS,1534,42.27
13219,Oconee,GA,1535,42.18
08031,Denver,CO,1536,42.18
49011,Davis,UT,1537,42.15
17133,Monroe,IL,1538,41.88
13145,Harris,GA,1539,41.86
06101,Sutter,CA,1540,41.72
48397,Rockwall,TX,1541,41.71
28131,Stone,MS,1542,41.64
31023,Butler,NE,1543,41.63
31151,Saline,NE,1544,41.60
46127,Union,SD,1545,41.59
31011,Boone,NE,1546,41.58
48425,Somervell,TX,1547,41.29
48141,El Paso,TX,1548,41.21
48209,Hays,TX,1549,41.20
06019,Fresno,CA,1550,41.04
06113,Yolo,CA,1551,41.00
31035,Clay,NE,1552,40.95
31159,Seward,NE,1553,40.92
48339,Montgomery,TX,1554,40.68
28113,Pike,MS,1555,40.53
06099,Stanislaus,CA,1556,40.52
31081,Hamilton,NE,1557,40.40
06031,Kings,CA,1558,40.37
31143,Polk,NE,1559,40.02
48031,Blanco,TX,1560,39.93
48291,Liberty,TX,1561,39.03
06061,Placer,CA,1562,38.97
06047,Merced,CA,1563,38.75
31093,Howard,NE,1564,38.15
08014,Broomfield,CO,1565,36.26
