fips,county_name,combined_rate,source_url,note
53001,Adams,0.08,https://dor.wa.gov/taxes-rates/sales-use-tax-rates/lsu-quarterly-tax-rates.csv,"WA DOR Q4 2026 (Oct 1 to Dec 31, 2026), unincorporated county rate"
53003,Asotin,0.083,https://dor.wa.gov/taxes-rates/sales-use-tax-rates/lsu-quarterly-tax-rates.csv,"WA DOR Q4 2026 (Oct 1 to Dec 31, 2026), unincorporated county rate"
53005,Benton,0.081,https://dor.wa.gov/taxes-rates/sales-use-tax-rates/lsu-quarterly-tax-rates.csv,"WA DOR Q4 2026 (Oct 1 to Dec 31, 2026), unincorporated county rate"
53007,Chelan,0.085,https://dor.wa.gov/taxes-rates/sales-use-tax-rates/lsu-quarterly-tax-rates.csv,"WA DOR Q4 2026 (Oct 1 to Dec 31, 2026), unincorporated county rate"
53009,Clallam,0.086,https://dor.wa.gov/taxes-rates/sales-use-tax-rates/lsu-quarterly-tax-rates.csv,"WA DOR Q4 2026 (Oct 1 to Dec 31, 2026), unincorporated county rate"
53011,Clark,0.08,https://dor.wa.gov/taxes-rates/sales-use-tax-rates/lsu-quarterly-tax-rates.csv,"WA DOR Q4 2026 (Oct 1 to Dec 31, 2026), unincorporated county rate; Clark PTBA 8.7%, City of Vancouver 8.9%"
53013,Columbia,0.082,https://dor.wa.gov/taxes-rates/sales-use-tax-rates/lsu-quarterly-tax-rates.csv,"WA DOR Q4 2026 (Oct 1 to Dec 31, 2026), unincorporated county rate"
53015,Cowlitz,0.077,https://dor.wa.gov/taxes-rates/sales-use-tax-rates/lsu-quarterly-tax-rates.csv,"WA DOR Q4 2026 (Oct 1 to Dec 31, 2026), unincorporated county rate"
53017,Douglas,0.079,https://dor.wa.gov/taxes-rates/sales-use-tax-rates/lsu-quarterly-tax-rates.csv,"WA DOR Q4 2026 (Oct 1 to Dec 31, 2026), unincorporated county rate"
53019,Ferry,0.08,https://dor.wa.gov/taxes-rates/sales-use-tax-rates/lsu-quarterly-tax-rates.csv,"WA DOR Q4 2026 (Oct 1 to Dec 31, 2026), unincorporated county rate"
53021,Franklin,0.081,https://dor.wa.gov/taxes-rates/sales-use-tax-rates/lsu-quarterly-tax-rates.csv,"WA DOR Q4 2026 (Oct 1 to Dec 31, 2026), unincorporated county rate"
53023,Garfield,0.081,https://dor.wa.gov/taxes-rates/sales-use-tax-rates/lsu-quarterly-tax-rates.csv,"WA DOR Q4 2026 (Oct 1 to Dec 31, 2026), unincorporated county rate"
53025,Grant,0.082,https://dor.wa.gov/taxes-rates/sales-use-tax-rates/lsu-quarterly-tax-rates.csv,"WA DOR Q4 2026 (Oct 1 to Dec 31, 2026), unincorporated county rate"
53027,Grays Harbor,0.089,https://dor.wa.gov/taxes-rates/sales-use-tax-rates/lsu-quarterly-tax-rates.csv,"WA DOR Q4 2026 (Oct 1 to Dec 31, 2026), unincorporated county rate"
53029,Island,0.091,https://dor.wa.gov/taxes-rates/sales-use-tax-rates/lsu-quarterly-tax-rates.csv,"WA DOR Q4 2026 (Oct 1 to Dec 31, 2026), unincorporated county rate"
53031,Jefferson,0.095,https://dor.wa.gov/taxes-rates/sales-use-tax-rates/lsu-quarterly-tax-rates.csv,"WA DOR Q4 2026 (Oct 1 to Dec 31, 2026), unincorporated county rate"
53033,King,0.103,https://dor.wa.gov/taxes-rates/sales-use-tax-rates/lsu-quarterly-tax-rates.csv,"WA DOR Q4 2026 (Oct 1 to Dec 31, 2026), unincorporated county rate"
53035,Kitsap,0.092,https://dor.wa.gov/taxes-rates/sales-use-tax-rates/lsu-quarterly-tax-rates.csv,"WA DOR Q4 2026 (Oct 1 to Dec 31, 2026), unincorporated county rate"
53037,Kittitas,0.083,https://dor.wa.gov/taxes-rates/sales-use-tax-rates/lsu-quarterly-tax-rates.csv,"WA DOR Q4 2026 (Oct 1 to Dec 31, 2026), unincorporated county rate"
53039,Klickitat,0.076,https://dor.wa.gov/taxes-rates/sales-use-tax-rates/lsu-quarterly-tax-rates.csv,"WA DOR Q4 2026 (Oct 1 to Dec 31, 2026), unincorporated county rate"
53041,Lewis,0.08,https://dor.wa.gov/taxes-rates/sales-use-tax-rates/lsu-quarterly-tax-rates.csv,"WA DOR Q4 2026 (Oct 1 to Dec 31, 2026), unincorporated county rate"
53043,Lincoln,0.08,https://dor.wa.gov/taxes-rates/sales-use-tax-rates/lsu-quarterly-tax-rates.csv,"WA DOR Q4 2026 (Oct 1 to Dec 31, 2026), unincorporated county rate"
53045,Mason,0.086,https://dor.wa.gov/taxes-rates/sales-use-tax-rates/lsu-quarterly-tax-rates.csv,"WA DOR Q4 2026 (Oct 1 to Dec 31, 2026), unincorporated county rate"
53047,Okanogan,0.08,https://dor.wa.gov/taxes-rates/sales-use-tax-rates/lsu-quarterly-tax-rates.csv,"WA DOR Q4 2026 (Oct 1 to Dec 31, 2026), unincorporated county rate"
53049,Pacific,0.082,https://dor.wa.gov/taxes-rates/sales-use-tax-rates/lsu-quarterly-tax-rates.csv,"WA DOR Q4 2026 (Oct 1 to Dec 31, 2026), unincorporated county rate"
53051,Pend Oreille,0.077,https://dor.wa.gov/taxes-rates/sales-use-tax-rates/lsu-quarterly-tax-rates.csv,"WA DOR Q4 2026 (Oct 1 to Dec 31, 2026), unincorporated county rate"
53053,Pierce,0.096,https://dor.wa.gov/taxes-rates/sales-use-tax-rates/lsu-quarterly-tax-rates.csv,"WA DOR Q4 2026 (Oct 1 to Dec 31, 2026), unincorporated county rate"
53055,San Juan,0.0835,https://dor.wa.gov/taxes-rates/sales-use-tax-rates/lsu-quarterly-tax-rates.csv,"WA DOR Q4 2026 (Oct 1 to Dec 31, 2026), unincorporated county rate"
53057,Skagit,0.083,https://dor.wa.gov/taxes-rates/sales-use-tax-rates/lsu-quarterly-tax-rates.csv,"WA DOR Q4 2026 (Oct 1 to Dec 31, 2026), unincorporated county rate"
53059,Skamania,0.077,https://dor.wa.gov/taxes-rates/sales-use-tax-rates/lsu-quarterly-tax-rates.csv,"WA DOR Q4 2026 (Oct 1 to Dec 31, 2026), unincorporated county rate"
53061,Snohomish,0.093,https://dor.wa.gov/taxes-rates/sales-use-tax-rates/lsu-quarterly-tax-rates.csv,"WA DOR Q4 2026 (Oct 1 to Dec 31, 2026), unincorporated county rate"
53063,Spokane,0.081,https://dor.wa.gov/taxes-rates/sales-use-tax-rates/lsu-quarterly-tax-rates.csv,"WA DOR Q4 2026 (Oct 1 to Dec 31, 2026), unincorporated county rate"
53065,Stevens,0.08,https://dor.wa.gov/taxes-rates/sales-use-tax-rates/lsu-quarterly-tax-rates.csv,"WA DOR Q4 2026 (Oct 1 to Dec 31, 2026), unincorporated county rate"
53067,Thurston,0.084,https://dor.wa.gov/taxes-rates/sales-use-tax-rates/lsu-quarterly-tax-rates.csv,"WA DOR Q4 2026 (Oct 1 to Dec 31, 2026), unincorporated county rate"
53069,Wahkiakum,0.078,https://dor.wa.gov/taxes-rates/sales-use-tax-rates/lsu-quarterly-tax-rates.csv,"WA DOR Q4 2026 (Oct 1 to Dec 31, 2026), unincorporated county rate"
53071,Walla Walla,0.083,https://dor.wa.gov/taxes-rates/sales-use-tax-rates/lsu-quarterly-tax-rates.csv,"WA DOR Q4 2026 (Oct 1 to Dec 31, 2026), unincorporated county rate"
53073,Whatcom,0.083,https://dor.wa.gov/taxes-rates/sales-use-tax-rates/lsu-quarterly-tax-rates.csv,"WA DOR Q4 2026 (Oct 1 to Dec 31, 2026), unincorporated county rate"
53075,Whitman,0.08,https://dor.wa.gov/taxes-rates/sales-use-tax-rates/lsu-quarterly-tax-rates.csv,"WA DOR Q4 2026 (Oct 1 to Dec 31, 2026), unincorporated county rate"
53077,Yakima,0.082,https://dor.wa.gov/taxes-rates/sales-use-tax-rates/lsu-quarterly-tax-rates.csv,"WA DOR Q4 2026 (Oct 1 to Dec 31, 2026), unincorporated county rate"
36033,Franklin,0.08,https://www.tax.ny.gov/pdf/publications/sales/pub718.pdf,"NY Publication 718 (2/25), 4% state plus 4% Franklin County, reporting code 1621"
