state,combined_rate,state_rate_pct,avg_local_rate_pct,source_url,note
AK,0.0182,0.0,1.82,https://taxfoundation.org/data/all/state/2026-sales-tax-rates-midyear/,"Tax Foundation midyear 2026 table (as of July 1, 2026); population-weighted average local rate"
AL,0.0946,4.0,5.46,https://taxfoundation.org/data/all/state/2026-sales-tax-rates-midyear/,"Tax Foundation midyear 2026 table (as of July 1, 2026); population-weighted average local rate"
AR,0.0948,6.5,2.98,https://taxfoundation.org/data/all/state/2026-sales-tax-rates-midyear/,"Tax Foundation midyear 2026 table (as of July 1, 2026); population-weighted average local rate"
AZ,0.0854,5.6,2.94,https://taxfoundation.org/data/all/state/2026-sales-tax-rates-midyear/,"Tax Foundation midyear 2026 table (as of July 1, 2026); population-weighted average local rate"
CA,0.0903,7.25,1.78,https://taxfoundation.org/data/all/state/2026-sales-tax-rates-midyear/,"Tax Foundation midyear 2026 table (as of July 1, 2026); population-weighted average local rate"
CO,0.0789,2.9,4.99,https://taxfoundation.org/data/all/state/2026-sales-tax-rates-midyear/,"Tax Foundation midyear 2026 table (as of July 1, 2026); population-weighted average local rate"
CT,0.0635,6.35,0.0,https://taxfoundation.org/data/all/state/2026-sales-tax-rates-midyear/,"Tax Foundation midyear 2026 table (as of July 1, 2026); population-weighted average local rate"
DC,0.06,6.0,0.0,https://taxfoundation.org/data/all/state/2026-sales-tax-rates-midyear/,"Tax Foundation midyear 2026 table (as of July 1, 2026); population-weighted average local rate"
DE,0.0,0.0,0.0,https://taxfoundation.org/data/all/state/2026-sales-tax-rates-midyear/,"Tax Foundation midyear 2026 table (as of July 1, 2026); population-weighted average local rate"
FL,0.0698,6.0,0.98,https://taxfoundation.org/data/all/state/2026-sales-tax-rates-midyear/,"Tax Foundation midyear 2026 table (as of July 1, 2026); population-weighted average local rate"
GA,0.0756,4.0,3.56,https://taxfoundation.org/data/all/state/2026-sales-tax-rates-midyear/,"Tax Foundation midyear 2026 table (as of July 1, 2026); population-weighted average local rate"
HI,0.045,4.0,0.5,https://taxfoundation.org/data/all/state/2026-sales-tax-rates-midyear/,"Tax Foundation midyear 2026 table (as of July 1, 2026); population-weighted average local rate"
IA,0.0694,6.0,0.94,https://taxfoundation.org/data/all/state/2026-sales-tax-rates-midyear/,"Tax Foundation midyear 2026 table (as of July 1, 2026); population-weighted average local rate"
ID,0.0603,6.0,0.03,https://taxfoundation.org/data/all/state/2026-sales-tax-rates-midyear/,"Tax Foundation midyear 2026 table (as of July 1, 2026); population-weighted average local rate"
IL,0.0898,6.25,2.73,https://taxfoundation.org/data/all/state/2026-sales-tax-rates-midyear/,"Tax Foundation midyear 2026 table (as of July 1, 2026); population-weighted average local rate"
IN,0.07,7.0,0.0,https://taxfoundation.org/data/all/state/2026-sales-tax-rates-midyear/,"Tax Foundation midyear 2026 table (as of July 1, 2026); population-weighted average local rate"
KS,0.0871,6.5,2.21,https://taxfoundation.org/data/all/state/2026-sales-tax-rates-midyear/,"Tax Foundation midyear 2026 table (as of July 1, 2026); population-weighted average local rate"
KY,0.06,6.0,0.0,https://taxfoundation.org/data/all/state/2026-sales-tax-rates-midyear/,"Tax Foundation midyear 2026 table (as of July 1, 2026); population-weighted average local rate"
LA,0.1013,5.0,5.13,https://taxfoundation.org/data/all/state/2026-sales-tax-rates-midyear/,"Tax Foundation midyear 2026 table (as of July 1, 2026); population-weighted average local rate"
MA,0.0625,6.25,0.0,https://taxfoundation.org/data/all/state/2026-sales-tax-rates-midyear/,"Tax Foundation midyear 2026 table (as of July 1, 2026); population-weighted average local rate"
MD,0.06,6.0,0.0,https://taxfoundation.org/data/all/state/2026-sales-tax-rates-midyear/,"Tax Foundation midyear 2026 table (as of July 1, 2026); population-weighted average local rate"
ME,0.055,5.5,0.0,https://taxfoundation.org/data/all/state/2026-sales-tax-rates-midyear/,"Tax Foundation midyear 2026 table (as of July 1, 2026); population-weighted average local rate"
MI,0.06,6.0,0.0,https://taxfoundation.org/data/all/state/2026-sales-tax-rates-midyear/,"Tax Foundation midyear 2026 table (as of July 1, 2026); population-weighted average local rate"
MN,0.0814,6.88,1.26,https://taxfoundation.org/data/all/state/2026-sales-tax-rates-midyear/,"Tax Foundation midyear 2026 table (as of July 1, 2026); population-weighted average local rate"
MO,0.0844,4.23,4.22,https://taxfoundation.org/data/all/state/2026-sales-tax-rates-midyear/,"Tax Foundation midyear 2026 table (as of July 1, 2026); population-weighted average local rate"
MS,0.0706,7.0,0.06,https://taxfoundation.org/data/all/state/2026-sales-tax-rates-midyear/,"Tax Foundation midyear 2026 table (as of July 1, 2026); population-weighted average local rate"
MT,0.0,0.0,0.0,https://taxfoundation.org/data/all/state/2026-sales-tax-rates-midyear/,"Tax Foundation midyear 2026 table (as of July 1, 2026); population-weighted average local rate"
NC,0.071,4.75,2.35,https://taxfoundation.org/data/all/state/2026-sales-tax-rates-midyear/,"Tax Foundation midyear 2026 table (as of July 1, 2026); population-weighted average local rate"
ND,0.0709,5.0,2.09,https://taxfoundation.org/data/all/state/2026-sales-tax-rates-midyear/,"Tax Foundation midyear 2026 table (as of July 1, 2026); population-weighted average local rate"
NE,0.0698,5.5,1.48,https://taxfoundation.org/data/all/state/2026-sales-tax-rates-midyear/,"Tax Foundation midyear 2026 table (as of July 1, 2026); population-weighted average local rate"
NH,0.0,0.0,0.0,https://taxfoundation.org/data/all/state/2026-sales-tax-rates-midyear/,"Tax Foundation midyear 2026 table (as of July 1, 2026); population-weighted average local rate"
NJ,0.066,6.63,-0.02,https://taxfoundation.org/data/all/state/2026-sales-tax-rates-midyear/,"Tax Foundation midyear 2026 table (as of July 1, 2026); population-weighted average local rate"
NM,0.0768,4.88,2.8,https://taxfoundation.org/data/all/state/2026-sales-tax-rates-midyear/,"Tax Foundation midyear 2026 table (as of July 1, 2026); population-weighted average local rate"
NV,0.0824,6.85,1.39,https://taxfoundation.org/data/all/state/2026-sales-tax-rates-midyear/,"Tax Foundation midyear 2026 table (as of July 1, 2026); population-weighted average local rate"
NY,0.0854,4.0,4.54,https://taxfoundation.org/data/all/state/2026-sales-tax-rates-midyear/,"Tax Foundation midyear 2026 table (as of July 1, 2026); population-weighted average local rate"
OH,0.0729,5.75,1.54,https://taxfoundation.org/data/all/state/2026-sales-tax-rates-midyear/,"Tax Foundation midyear 2026 table (as of July 1, 2026); population-weighted average local rate"
OK,0.0906,4.5,4.56,https://taxfoundation.org/data/all/state/2026-sales-tax-rates-midyear/,"Tax Foundation midyear 2026 table (as of July 1, 2026); population-weighted average local rate"
OR,0.0,0.0,0.0,https://taxfoundation.org/data/all/state/2026-sales-tax-rates-midyear/,"Tax Foundation midyear 2026 table (as of July 1, 2026); population-weighted average local rate"
PA,0.0634,6.0,0.34,https://taxfoundation.org/data/all/state/2026-sales-tax-rates-midyear/,"Tax Foundation midyear 2026 table (as of July 1, 2026); population-weighted average local rate"
RI,0.07,7.0,0.0,https://taxfoundation.org/data/all/state/2026-sales-tax-rates-midyear/,"Tax Foundation midyear 2026 table (as of July 1, 2026); population-weighted average local rate"
SC,0.0749,6.0,1.49,https://taxfoundation.org/data/all/state/2026-sales-tax-rates-midyear/,"Tax Foundation midyear 2026 table (as of July 1, 2026); population-weighted average local rate"
SD,0.0611,4.2,1.91,https://taxfoundation.org/data/all/state/2026-sales-tax-rates-midyear/,"Tax Foundation midyear 2026 table (as of July 1, 2026); population-weighted average local rate"
TN,0.0961,7.0,2.61,https://taxfoundation.org/data/all/state/2026-sales-tax-rates-midyear/,"Tax Foundation midyear 2026 table (as of July 1, 2026); population-weighted average local rate"
TX,0.082,6.25,1.95,https://taxfoundation.org/data/all/state/2026-sales-tax-rates-midyear/,"Tax Foundation midyear 2026 table (as of July 1, 2026); population-weighted average local rate"
UT,0.0742,6.1,1.32,https://taxfoundation.org/data/all/state/2026-sales-tax-rates-midyear/,"Tax Foundation midyear 2026 table (as of July 1, 2026); population-weighted average local rate"
VA,0.0577,5.3,0.47,https://taxfoundation.org/data/all/state/2026-sales-tax-rates-midyear/,"Tax Foundation midyear 2026 table (as of July 1, 2026); population-weighted average local rate"
VT,0.0643,6.0,0.43,https://taxfoundation.org/data/all/state/2026-sales-tax-rates-midyear/,"Tax Foundation midyear 2026 table (as of July 1, 2026); population-weighted average local rate"
WA,0.0957,6.5,3.07,https://taxfoundation.org/data/all/state/2026-sales-tax-rates-midyear/,"Tax Foundation midyear 2026 table (as of July 1, 2026); population-weighted average local rate"
WI,0.0572,5.0,0.72,https://taxfoundation.org/data/all/state/2026-sales-tax-rates-midyear/,"Tax Foundation midyear 2026 table (as of July 1, 2026); population-weighted average local rate"
WV,0.066,6.0,0.6,https://taxfoundation.org/data/all/state/2026-sales-tax-rates-midyear/,"Tax Foundation midyear 2026 table (as of July 1, 2026); population-weighted average local rate"
WY,0.0539,4.0,1.39,https://taxfoundation.org/data/all/state/2026-sales-tax-rates-midyear/,"Tax Foundation midyear 2026 table (as of July 1, 2026); population-weighted average local rate"
