Unit_Nm,MngNm_Desc,GAP_Sts,acres_in_grant,km_from_quincy
Hanford Reach National Monument,U.S. Fish and Wildlife Service,2,69441.2,54.1
Desert,State Fish and Wildlife,2,54807.7,22.6
Columbia Basin Wildlife Area Complex,State Fish and Wildlife,2,38970.3,5.9
Columbia National Wildlife Refuge,U.S. Fish and Wildlife Service,2,15357.6,40.9
Quincy Lakes,State Fish and Wildlife,2,9350.9,8.5
Beezley Hills,Non-Governmental Organization,2,8721.7,6.1
Lower Crab Creek,State Fish and Wildlife,2,8315.0,38.1
Seep Lakes,State Fish and Wildlife,2,7432.2,52.9
Lenore Game Range,U.S. Fish and Wildlife Service,2,5996.9,33.7
Gloyd Seeps,State Fish and Wildlife,2,4651.5,37.1
"Wetlands Reserve Program (WRP), Grant, WA",Natural Resources Conservation Service,2,2248.3,42.8
Winchester Reservoir,State Fish and Wildlife,2,1567.0,16.0
Priest Rapids,State Fish and Wildlife,2,677.3,52.6
Upland Restoration,State Fish and Wildlife,2,519.7,6.7
Columbia National Wildlife Refuge Research Natural Area,U.S. Fish and Wildlife Service,2,478.6,55.6
Rocky Ford,State Fish and Wildlife,2,439.6,29.7
Castle Rock Natural Area Preserve,State Department of Natural Resources,1,82.3,92.4
Three Ponds Resource Area,City Land,2,13.8,45.6
Vehrs Wetland Property,City Land,2,8.1,45.4
Golden Gate Property,City Land,2,6.4,43.8
John E Calbom Island Park,City Land,2,6.4,43.1
Grant Co PUD#2,County Land,2,2.0,31.0
Wanapum Recreation Area,County Land,2,0.6,35.0
