iso3,country,region,failed_gates,unknown_gates
AFG,Afghanistan,"Middle East, North Africa, Afghanistan & Pakistan",min_electricity_generation_twh,
AGO,Angola,Sub-Saharan Africa,min_electricity_generation_twh,
ALB,Albania,Europe & Central Asia,min_electricity_generation_twh,
AND,Andorra,Europe & Central Asia,min_population,min_electricity_generation_twh
ARM,Armenia,Europe & Central Asia,min_electricity_generation_twh,
ATG,Antigua and Barbuda,Latin America & Caribbean,min_population;min_electricity_generation_twh,
BDI,Burundi,Sub-Saharan Africa,min_electricity_generation_twh,
BEN,Benin,Sub-Saharan Africa,min_electricity_generation_twh,
BFA,Burkina Faso,Sub-Saharan Africa,min_electricity_generation_twh,
BHS,"Bahamas, The",Latin America & Caribbean,min_population;min_electricity_generation_twh,
BIH,Bosnia and Herzegovina,Europe & Central Asia,min_electricity_generation_twh,
BLZ,Belize,Latin America & Caribbean,min_population;min_electricity_generation_twh,
BOL,Bolivia,Latin America & Caribbean,min_electricity_generation_twh,
BRB,Barbados,Latin America & Caribbean,min_population;min_electricity_generation_twh,
BRN,Brunei Darussalam,East Asia & Pacific,min_population;min_electricity_generation_twh,
BTN,Bhutan,South Asia,min_population;min_electricity_generation_twh,
BWA,Botswana,Sub-Saharan Africa,min_electricity_generation_twh,
CAF,Central African Republic,Sub-Saharan Africa,min_electricity_generation_twh,
CIV,Cote d'Ivoire,Sub-Saharan Africa,min_electricity_generation_twh,
CMR,Cameroon,Sub-Saharan Africa,min_electricity_generation_twh,
COD,"Congo, Dem. Rep.",Sub-Saharan Africa,min_electricity_generation_twh,
COG,"Congo, Rep.",Sub-Saharan Africa,min_electricity_generation_twh,
COM,Comoros,Sub-Saharan Africa,min_population;min_electricity_generation_twh,
CPV,Cabo Verde,Sub-Saharan Africa,min_population;min_electricity_generation_twh,
CRI,Costa Rica,Latin America & Caribbean,min_electricity_generation_twh,
CUB,Cuba,Latin America & Caribbean,min_electricity_generation_twh,
CYP,Cyprus,Europe & Central Asia,min_electricity_generation_twh,
DJI,Djibouti,"Middle East, North Africa, Afghanistan & Pakistan",min_electricity_generation_twh,
DMA,Dominica,Latin America & Caribbean,min_population;min_electricity_generation_twh,
ERI,Eritrea,Sub-Saharan Africa,min_electricity_generation_twh,
EST,Estonia,Europe & Central Asia,min_electricity_generation_twh,
FJI,Fiji,East Asia & Pacific,min_population;min_electricity_generation_twh,
FSM,"Micronesia, Fed. Sts.",East Asia & Pacific,min_population,min_electricity_generation_twh
GAB,Gabon,Sub-Saharan Africa,min_electricity_generation_twh,
GEO,Georgia,Europe & Central Asia,min_electricity_generation_twh,
GIN,Guinea,Sub-Saharan Africa,min_electricity_generation_twh,
GMB,"Gambia, The",Sub-Saharan Africa,min_electricity_generation_twh,
GNB,Guinea-Bissau,Sub-Saharan Africa,min_electricity_generation_twh,
GNQ,Equatorial Guinea,Sub-Saharan Africa,min_electricity_generation_twh,
GRD,Grenada,Latin America & Caribbean,min_population;min_electricity_generation_twh,
GTM,Guatemala,Latin America & Caribbean,min_electricity_generation_twh,
GUY,Guyana,Latin America & Caribbean,min_population;min_electricity_generation_twh,
HND,Honduras,Latin America & Caribbean,min_electricity_generation_twh,
HRV,Croatia,Europe & Central Asia,min_electricity_generation_twh,
HTI,Haiti,Latin America & Caribbean,min_electricity_generation_twh,
ISL,Iceland,Europe & Central Asia,min_population;min_electricity_generation_twh,
JAM,Jamaica,Latin America & Caribbean,min_electricity_generation_twh,
KEN,Kenya,Sub-Saharan Africa,min_electricity_generation_twh,
KGZ,Kyrgyz Republic,Europe & Central Asia,min_electricity_generation_twh,
KHM,Cambodia,East Asia & Pacific,min_electricity_generation_twh,
KIR,Kiribati,East Asia & Pacific,min_population;min_electricity_generation_twh,
KNA,St. Kitts and Nevis,Latin America & Caribbean,min_population;min_electricity_generation_twh,
LBN,Lebanon,"Middle East, North Africa, Afghanistan & Pakistan",min_electricity_generation_twh,
LBR,Liberia,Sub-Saharan Africa,min_electricity_generation_twh,
LCA,St. Lucia,Latin America & Caribbean,min_population;min_electricity_generation_twh,
LIE,Liechtenstein,Europe & Central Asia,min_population,min_electricity_generation_twh
LKA,Sri Lanka,South Asia,min_electricity_generation_twh,
LSO,Lesotho,Sub-Saharan Africa,min_electricity_generation_twh,
LTU,Lithuania,Europe & Central Asia,min_electricity_generation_twh,
LUX,Luxembourg,Europe & Central Asia,min_population;min_electricity_generation_twh,
LVA,Latvia,Europe & Central Asia,min_electricity_generation_twh,
MCO,Monaco,Europe & Central Asia,min_population,min_electricity_generation_twh
MDA,Moldova,Europe & Central Asia,min_electricity_generation_twh,
MDG,Madagascar,Sub-Saharan Africa,min_electricity_generation_twh,
MDV,Maldives,South Asia,min_population;min_electricity_generation_twh,
MHL,Marshall Islands,East Asia & Pacific,min_population,min_electricity_generation_twh
MKD,North Macedonia,Europe & Central Asia,min_electricity_generation_twh,
MLI,Mali,Sub-Saharan Africa,min_electricity_generation_twh,
MLT,Malta,"Middle East, North Africa, Afghanistan & Pakistan",min_population;min_electricity_generation_twh,
MNE,Montenegro,Europe & Central Asia,min_population;min_electricity_generation_twh,
MNG,Mongolia,East Asia & Pacific,min_electricity_generation_twh,
MOZ,Mozambique,Sub-Saharan Africa,min_electricity_generation_twh,
MRT,Mauritania,Sub-Saharan Africa,min_electricity_generation_twh,
MUS,Mauritius,Sub-Saharan Africa,min_electricity_generation_twh,
MWI,Malawi,Sub-Saharan Africa,min_electricity_generation_twh,
NAM,Namibia,Sub-Saharan Africa,min_electricity_generation_twh,
NER,Niger,Sub-Saharan Africa,min_electricity_generation_twh,
NIC,Nicaragua,Latin America & Caribbean,min_electricity_generation_twh,
NPL,Nepal,South Asia,min_electricity_generation_twh,
NRU,Naoero,East Asia & Pacific,min_population;min_electricity_generation_twh,
PAN,Panama,Latin America & Caribbean,min_electricity_generation_twh,
PLW,Palau,East Asia & Pacific,min_population,min_electricity_generation_twh
PNG,Papua New Guinea,East Asia & Pacific,min_electricity_generation_twh,
PSE,West Bank and Gaza,"Middle East, North Africa, Afghanistan & Pakistan",min_electricity_generation_twh,
RWA,Rwanda,Sub-Saharan Africa,min_electricity_generation_twh,
SDN,Sudan,Sub-Saharan Africa,min_electricity_generation_twh,
SEN,Senegal,Sub-Saharan Africa,min_electricity_generation_twh,
SLB,Solomon Islands,East Asia & Pacific,min_population;min_electricity_generation_twh,
SLE,Sierra Leone,Sub-Saharan Africa,min_electricity_generation_twh,
SLV,El Salvador,Latin America & Caribbean,min_electricity_generation_twh,
SMR,San Marino,Europe & Central Asia,min_population,min_electricity_generation_twh
SOM,"Somalia, Fed. Rep.",Sub-Saharan Africa,min_electricity_generation_twh,
SSD,South Sudan,Sub-Saharan Africa,min_electricity_generation_twh,
STP,Sao Tome and Principe,Sub-Saharan Africa,min_population;min_electricity_generation_twh,
SUR,Suriname,Latin America & Caribbean,min_population;min_electricity_generation_twh,
SVN,Slovenia,Europe & Central Asia,min_electricity_generation_twh,
SWZ,Eswatini,Sub-Saharan Africa,min_electricity_generation_twh,
SYC,Seychelles,Sub-Saharan Africa,min_population;min_electricity_generation_twh,
TCD,Chad,Sub-Saharan Africa,min_electricity_generation_twh,
TGO,Togo,Sub-Saharan Africa,min_electricity_generation_twh,
TLS,Timor-Leste,East Asia & Pacific,min_electricity_generation_twh,
TON,Tonga,East Asia & Pacific,min_population;min_electricity_generation_twh,
TTO,Trinidad and Tobago,Latin America & Caribbean,min_electricity_generation_twh,
TUV,Tuvalu,East Asia & Pacific,min_population,min_electricity_generation_twh
TZA,Tanzania,Sub-Saharan Africa,min_electricity_generation_twh,
UGA,Uganda,Sub-Saharan Africa,min_electricity_generation_twh,
URY,Uruguay,Latin America & Caribbean,min_electricity_generation_twh,
VCT,St. Vincent and the Grenadines,Latin America & Caribbean,min_population;min_electricity_generation_twh,
VUT,Vanuatu,East Asia & Pacific,min_population;min_electricity_generation_twh,
WSM,Samoa,East Asia & Pacific,min_population;min_electricity_generation_twh,
YEM,"Yemen, Rep.","Middle East, North Africa, Afghanistan & Pakistan",min_electricity_generation_twh,
ZMB,Zambia,Sub-Saharan Africa,min_electricity_generation_twh,
ZWE,Zimbabwe,Sub-Saharan Africa,min_electricity_generation_twh,
