rank,iso3,country,region,pillar_energy_carbon,pillar_water,pillar_climate_resilience,pillar_grid_infrastructure,pillar_community,pillar_governance,composite,coverage,floor_ok,horizon_delta,rank_delta_2050,top_reasons,robustness,failed_gates,unknown_gates
1,SWE,Sweden,Europe & Central Asia,88.06,82.56,61.35,89.52,64.38,90.14,81.57,1.00,True,0.40,0.00,wgi_rule_of_law;wgi_regulatory_quality;grid_co2_g_kwh,1.00,,
2,CHE,Switzerland,Europe & Central Asia,86.99,82.96,66.24,88.47,47.75,94.05,81.06,1.00,True,-0.05,1.00,wgi_regulatory_quality;wgi_rule_of_law;grid_co2_g_kwh,1.00,,
3,NOR,Norway,Europe & Central Asia,94.65,84.08,58.21,88.45,41.76,93.37,80.81,1.00,True,0.40,-1.00,wgi_rule_of_law;wgi_regulatory_quality;grid_co2_g_kwh,1.00,,
4,FIN,Finland,Europe & Central Asia,83.42,77.13,62.62,83.10,60.46,92.52,78.81,1.00,True,0.40,0.00,wgi_rule_of_law;wgi_regulatory_quality;grid_co2_g_kwh,1.00,,
5,DNK,Denmark,Europe & Central Asia,87.88,71.49,69.07,80.22,49.49,90.82,77.82,1.00,True,0.48,0.00,wgi_rule_of_law;wgi_regulatory_quality;renewable_share_elec_pct,1.00,,
6,NZL,New Zealand,East Asia & Pacific,87.34,83.80,45.77,83.83,43.58,94.39,76.91,1.00,True,0.21,0.00,wgi_regulatory_quality;wgi_rule_of_law;grid_co2_g_kwh,1.00,,
7,AUT,Austria,Europe & Central Asia,83.96,79.38,60.63,80.23,53.88,82.65,75.76,1.00,True,0.29,0.00,wgi_rule_of_law;wgi_regulatory_quality;grid_co2_g_kwh,1.00,,
8,GBR,United Kingdom,Europe & Central Asia,68.09,77.61,55.50,94.13,66.40,80.44,75.14,1.00,True,-0.11,0.00,wgi_regulatory_quality;wgi_rule_of_law;peeringdb_facility_count,1.00,,
9,CAN,Canada,North America,74.33,73.04,34.05,94.95,74.03,86.73,74.67,1.00,True,0.16,0.00,wgi_regulatory_quality;wgi_rule_of_law;electricity_generation_twh,0.99,,
10,FRA,France,Europe & Central Asia,75.76,66.83,42.16,96.56,79.55,70.41,72.85,1.00,True,-0.04,0.00,grid_co2_g_kwh;low_carbon_share_elec_pct;broadband_per_100,0.70,,
11,NLD,Netherlands,Europe & Central Asia,64.35,76.62,49.35,91.74,50.21,84.86,72.11,1.00,True,-0.09,0.00,wgi_rule_of_law;wgi_regulatory_quality;peeringdb_ixp_count,0.17,,
12,DEU,Germany,Europe & Central Asia,63.81,67.86,46.37,97.25,62.42,80.44,71.68,1.00,True,0.28,0.00,wgi_rule_of_law;wgi_regulatory_quality;peeringdb_facility_count,0.00,,
13,IRL,Ireland,Europe & Central Asia,62.57,85.88,62.27,74.09,40.72,87.41,71.11,1.00,True,0.43,0.00,wgi_regulatory_quality;wgi_rule_of_law;cdd65_hist,0.11,,
14,PRT,Portugal,Europe & Central Asia,82.71,49.64,49.24,78.92,57.88,77.21,68.39,1.00,True,-0.10,0.00,wgi_rule_of_law;broadband_per_100;grid_co2_g_kwh,0.00,,
15,ESP,Spain,Europe & Central Asia,73.26,45.98,42.84,90.66,82.83,69.56,68.30,1.00,True,-0.29,0.00,peeringdb_facility_count;peeringdb_ixp_count;wgi_rule_of_law,0.00,,
16,TWN,Taiwan,East Asia & Pacific,22.28,63.08,85.64,84.72,,86.39,67.76,0.52,True,-1.32,3.00,hd35_hist;electricity_generation_twh;wgi_regulatory_quality,0.03,,min_population
17,BEL,Belgium,Europe & Central Asia,68.45,58.59,54.28,77.36,58.54,77.55,67.46,1.00,True,-0.20,0.00,wgi_regulatory_quality;wgi_rule_of_law;broadband_per_100,0.00,,
18,CHL,Chile,Latin America & Caribbean,68.81,66.13,44.38,78.89,71.86,70.07,67.32,1.00,True,0.07,-2.00,cdd65_hist;inform_drought;peeringdb_facility_count,0.00,,
19,CZE,Czechia,Europe & Central Asia,49.20,68.85,67.44,80.80,36.63,85.71,67.25,1.00,True,-0.08,-1.00,wgi_regulatory_quality;wgi_rule_of_law;wgi_political_stability,0.00,,
20,ROU,Romania,Europe & Central Asia,66.13,63.89,52.35,79.43,63.24,62.76,65.42,1.00,True,0.13,1.00,peeringdb_facility_count;broadband_per_100;cdd65_hist,0.00,,
21,SVK,Slovak Republic,Europe & Central Asia,68.27,69.42,60.73,68.36,46.33,69.56,65.39,1.00,True,0.18,-1.00,grid_co2_g_kwh;low_carbon_share_elec_pct;cdd65_hist,0.00,,
22,ITA,Italy,Europe & Central Asia,62.21,53.12,35.35,88.37,75.13,71.60,65.22,1.00,True,-0.08,0.00,peeringdb_facility_count;peeringdb_ixp_count;electricity_generation_twh,0.00,,
23,PRY,Paraguay,Latin America & Caribbean,97.33,57.17,63.02,63.81,45.42,47.79,64.35,1.00,True,-0.16,0.00,low_carbon_share_elec_pct;renewable_share_elec_pct;grid_co2_g_kwh,0.00,,
24,BRA,Brazil,Latin America & Caribbean,86.27,43.28,47.62,90.27,78.07,36.39,64.03,1.00,True,-0.35,0.00,peeringdb_facility_count;grid_co2_g_kwh;peeringdb_ixp_count,0.00,,
25,SGP,Singapore,East Asia & Pacific,24.96,54.96,78.32,79.36,30.20,95.75,63.03,0.95,True,0.06,0.00,inform_drought;wgi_regulatory_quality;wgi_political_stability,0.00,,
26,POL,Poland,Europe & Central Asia,39.93,63.71,56.14,84.28,49.31,74.49,62.65,1.00,True,0.23,0.00,peeringdb_facility_count;wgi_regulatory_quality;peeringdb_ixp_count,0.00,,
27,HUN,Hungary,Europe & Central Asia,67.56,67.32,59.86,62.26,46.03,64.29,62.50,1.00,True,0.33,0.00,broadband_per_100;grid_co2_g_kwh;low_carbon_share_elec_pct,0.00,,
28,GRC,Greece,Europe & Central Asia,62.03,51.95,39.58,79.89,63.84,65.14,61.53,1.00,True,0.03,0.00,broadband_per_100;peeringdb_ixp_count;wgi_regulatory_quality,0.00,,
29,BGR,Bulgaria,Europe & Central Asia,62.03,59.26,55.14,78.44,37.97,60.71,61.20,1.00,True,0.14,0.00,broadband_per_100;peeringdb_ixp_count;peeringdb_facility_count,0.00,,
30,UKR,Ukraine,Europe & Central Asia,56.51,66.04,54.04,81.78,80.22,36.22,60.94,1.00,True,0.23,0.00,peeringdb_ixp_count;peeringdb_facility_count;electricity_generation_twh,0.00,,
31,AUS,Australia,East Asia & Pacific,47.06,32.77,34.77,91.40,54.87,87.41,60.79,1.00,True,-0.02,0.00,wgi_regulatory_quality;wgi_rule_of_law;peeringdb_ixp_count,0.00,,
32,ARG,Argentina,Latin America & Caribbean,53.30,46.03,45.74,79.54,75.64,53.57,58.61,1.00,True,-0.02,0.00,peeringdb_facility_count;electricity_generation_twh;population,0.00,,
33,TUR,Turkiye,Europe & Central Asia,52.76,55.05,36.04,80.52,82.79,31.29,54.86,1.00,True,-0.39,1.00,electricity_generation_twh;population;peeringdb_facility_count,0.00,,
34,MYS,Malaysia,East Asia & Pacific,30.84,49.86,42.55,76.53,56.04,68.88,54.71,1.00,True,-0.13,-1.00,wgi_regulatory_quality;electricity_generation_twh;peeringdb_facility_count,0.00,,
35,PER,Peru,Latin America & Caribbean,69.52,41.40,35.01,71.38,63.37,40.48,54.07,1.00,True,-0.05,0.00,peeringdb_ixp_count;renewable_share_elec_pct;grid_co2_g_kwh,0.00,,
36,ECU,Ecuador,Latin America & Caribbean,79.32,59.54,33.98,70.54,46.27,23.64,53.36,1.00,True,0.15,0.00,renewable_share_elec_pct;low_carbon_share_elec_pct;grid_co2_g_kwh,0.00,,
37,SRB,Serbia,Europe & Central Asia,31.55,62.77,54.64,67.25,56.64,47.11,52.46,1.00,True,0.21,0.00,broadband_per_100;cdd65_hist;peeringdb_facility_count,0.00,,
38,ETH,Ethiopia,Sub-Saharan Africa,98.04,40.91,57.30,38.80,61.94,19.05,52.10,1.00,True,-0.62,0.00,grid_co2_g_kwh;low_carbon_share_elec_pct;renewable_share_elec_pct,0.00,,
39,GHA,Ghana,Sub-Saharan Africa,49.55,55.86,52.43,50.80,48.82,51.36,51.47,1.00,True,-1.07,2.00,water_stress_bws;population;inform_drought,0.00,,
40,LAO,Lao PDR,East Asia & Pacific,75.58,64.77,49.39,39.06,26.34,43.03,51.29,1.00,True,-0.05,-1.00,renewable_share_elec_pct;low_carbon_share_elec_pct;inform_drought,0.00,,
41,DOM,Dominican Republic,Latin America & Caribbean,37.79,60.76,33.40,56.90,53.86,61.90,50.83,1.00,True,0.25,-1.00,inform_drought;wgi_political_stability;peeringdb_ixp_count,0.00,,
42,TJK,Tajikistan,Europe & Central Asia,89.84,40.54,51.83,36.16,60.98,23.81,49.91,1.00,True,0.29,0.00,renewable_share_elec_pct;grid_co2_g_kwh;low_carbon_share_elec_pct,0.00,,
43,ISR,Israel,"Middle East, North Africa, Afghanistan & Pakistan",34.05,30.28,50.69,73.16,41.26,60.54,49.82,1.00,True,-0.21,2.00,wgi_regulatory_quality;wgi_rule_of_law;peeringdb_facility_count,0.00,,
44,ZAF,South Africa,Sub-Saharan Africa,20.50,29.16,50.45,73.41,93.82,48.47,49.80,1.00,True,0.00,-1.00,unemployment_rate_pct;electricity_generation_twh;population,0.00,,
45,BLR,Belarus,Europe & Central Asia,43.14,72.19,70.49,56.85,39.68,20.92,49.55,1.00,True,0.19,-1.00,cdd65_hist;broadband_per_100;inform_drought,0.00,,
46,JOR,Jordan,"Middle East, North Africa, Afghanistan & Pakistan",39.04,26.38,55.69,45.78,75.62,55.10,47.86,1.00,True,-0.33,19.00,unemployment_rate_pct;wgi_regulatory_quality;inform_river_flood,0.00,,
47,KAZ,Kazakhstan,Europe & Central Asia,19.25,41.61,52.02,72.39,55.91,46.43,47.25,1.00,True,0.03,-1.00,peeringdb_ixp_count;electricity_generation_twh;cdd65_hist,0.00,,
48,MAR,Morocco,"Middle East, North Africa, Afghanistan & Pakistan",34.40,30.09,41.63,54.83,78.29,42.52,44.94,1.00,True,0.20,-1.00,population;unemployment_rate_pct;electricity_generation_twh,0.00,,
49,NGA,Nigeria,Sub-Saharan Africa,47.06,46.11,43.94,56.66,60.45,20.58,44.41,1.00,True,-0.29,0.00,population;water_stress_bws;peeringdb_ixp_count,0.00,,
50,UZB,Uzbekistan,Europe & Central Asia,22.28,30.72,47.18,71.42,60.44,39.46,44.36,1.00,True,0.22,-2.00,broadband_per_100;population;electricity_generation_twh,0.00,,
51,AZE,Azerbaijan,Europe & Central Asia,21.75,41.69,51.80,49.03,54.09,47.62,43.11,1.00,True,-0.02,-1.00,cdd65_hist;inform_coastal_flood;inform_tsunami,0.00,,
52,PRK,"Korea, Dem. People's Rep.",East Asia & Pacific,65.24,53.64,40.45,27.37,52.10,19.39,41.72,0.95,True,0.07,-1.00,cdd65_hist;renewable_share_elec_pct;population,0.00,,
53,TUN,Tunisia,"Middle East, North Africa, Afghanistan & Pakistan",19.79,33.72,36.72,46.91,75.81,32.82,38.05,1.00,True,0.01,0.00,unemployment_rate_pct;population;inform_tropical_cyclone,0.00,,
54,DZA,Algeria,"Middle East, North Africa, Afghanistan & Pakistan",11.05,32.56,46.35,38.69,84.25,25.17,35.24,1.00,True,-0.24,0.00,unemployment_rate_pct;population;electricity_generation_twh,0.00,,
55,XKX,Kosovo,Europe & Central Asia,,,,23.21,23.08,48.30,33.22,0.29,True,0.00,0.00,wgi_rule_of_law,0.00,,min_electricity_generation_twh
56,JPN,Japan,East Asia & Pacific,43.49,68.29,14.59,93.61,53.60,92.01,63.62,1.00,False,0.59,0.00,wgi_political_stability;wgi_rule_of_law;wgi_regulatory_quality,0.00,,
57,KOR,"Korea, Rep.",East Asia & Pacific,41.00,65.76,25.59,90.26,50.64,83.67,61.75,1.00,False,0.32,0.00,wgi_rule_of_law;broadband_per_100;wgi_regulatory_quality,0.00,,
58,USA,United States,North America,50.80,47.72,16.24,96.76,68.48,67.69,59.49,1.00,False,0.15,0.00,peeringdb_facility_count;peeringdb_ixp_count;electricity_generation_twh,0.00,,
59,COL,Colombia,Latin America & Caribbean,77.18,60.14,19.92,75.04,78.83,32.14,56.77,1.00,False,0.01,0.00,renewable_share_elec_pct;low_carbon_share_elec_pct;population,0.00,,
60,CHN,China,East Asia & Pacific,47.77,44.56,14.21,93.48,70.41,46.94,53.50,1.00,False,0.28,0.00,electricity_generation_twh;population;broadband_per_100,0.00,,
61,VNM,Viet Nam,East Asia & Pacific,55.08,39.89,21.54,75.67,49.23,51.02,50.49,1.00,False,-0.15,0.00,population;electricity_generation_twh;peeringdb_facility_count,0.00,,
62,ARE,United Arab Emirates,"Middle East, North Africa, Afghanistan & Pakistan",37.08,11.25,36.73,80.54,33.77,78.40,49.78,1.00,False,-0.09,0.00,wgi_regulatory_quality;broadband_per_100;electricity_generation_twh,0.00,,
63,VEN,"Venezuela, RB",Latin America & Caribbean,88.41,50.57,24.16,67.09,63.20,4.59,49.55,1.00,False,-0.69,0.00,renewable_share_elec_pct;grid_co2_g_kwh;low_carbon_share_elec_pct,0.00,,
64,RUS,Russian Federation,Europe & Central Asia,43.14,55.73,33.65,89.85,52.98,12.76,47.85,1.00,False,0.23,0.00,electricity_generation_twh;peeringdb_ixp_count;population,0.00,,
65,SAU,Saudi Arabia,"Middle East, North Africa, Afghanistan & Pakistan",8.56,17.27,50.24,85.24,50.12,63.27,46.55,1.00,False,-0.30,1.00,electricity_generation_twh;broadband_per_100;wgi_regulatory_quality,0.00,,
66,MEX,Mexico,Latin America & Caribbean,41.53,45.85,17.41,82.49,54.84,28.74,45.53,1.00,False,0.06,1.00,population;electricity_generation_twh;peeringdb_facility_count,0.00,,
67,IDN,Indonesia,East Asia & Pacific,24.06,40.40,19.28,81.31,62.08,43.03,44.84,1.00,False,0.14,1.00,peeringdb_ixp_count;population;peeringdb_facility_count,0.00,,
68,QAT,Qatar,"Middle East, North Africa, Afghanistan & Pakistan",18.89,11.74,62.24,58.86,15.66,79.76,44.17,1.00,False,-0.12,1.00,wgi_regulatory_quality;wgi_political_stability;wgi_rule_of_law,0.00,,
69,THA,Thailand,East Asia & Pacific,30.30,20.43,27.23,78.31,46.25,46.94,42.88,1.00,False,0.07,1.00,population;peeringdb_ixp_count;electricity_generation_twh,0.00,,
70,PHL,Philippines,East Asia & Pacific,34.05,37.20,14.22,72.90,52.53,40.48,42.45,1.00,False,-0.16,2.00,population;peeringdb_ixp_count;electricity_generation_twh,0.00,,
71,IND,India,South Asia,30.66,18.11,9.12,81.55,69.27,41.67,41.79,1.00,False,0.61,0.00,population;electricity_generation_twh;peeringdb_facility_count,0.00,,
72,PAK,Pakistan,"Middle East, North Africa, Afghanistan & Pakistan",58.82,30.64,14.50,63.46,76.35,13.78,41.62,1.00,False,0.20,2.00,population;electricity_generation_twh;peeringdb_facility_count,0.00,,
73,BHR,Bahrain,"Middle East, North Africa, Afghanistan & Pakistan",4.10,39.06,61.87,60.92,13.75,60.03,41.53,1.00,False,-0.59,3.00,wgi_regulatory_quality;inform_drought;inform_river_flood,0.00,,
74,EGY,"Egypt, Arab Rep.","Middle East, North Africa, Afghanistan & Pakistan",26.20,39.29,24.09,65.36,79.88,28.06,41.42,1.00,False,0.40,-1.00,population;electricity_generation_twh;unemployment_rate_pct,0.00,,
75,OMN,Oman,"Middle East, North Africa, Afghanistan & Pakistan",21.21,17.44,35.28,57.32,32.87,72.45,41.39,1.00,False,0.11,0.00,wgi_regulatory_quality;wgi_rule_of_law;wgi_political_stability,0.00,,
76,MMR,Myanmar,East Asia & Pacific,53.30,59.16,11.91,54.78,54.79,4.93,38.74,1.00,False,-0.09,1.00,population;inform_drought;peeringdb_facility_count,0.00,,
77,KWT,Kuwait,"Middle East, North Africa, Afghanistan & Pakistan",12.30,22.46,54.39,45.70,23.54,64.29,38.34,1.00,False,0.49,-25.00,electricity_generation_twh;wgi_regulatory_quality;inform_earthquake,0.00,,
78,BGD,Bangladesh,South Asia,7.84,44.18,9.32,72.77,65.80,19.56,34.64,1.00,False,0.26,0.00,population;peeringdb_ixp_count;peeringdb_facility_count,0.00,,
79,IRQ,Iraq,"Middle East, North Africa, Afghanistan & Pakistan",7.66,21.92,38.19,61.13,87.63,10.03,33.55,1.00,False,-0.72,0.00,unemployment_rate_pct;electricity_generation_twh;population,0.00,,
80,IRN,"Iran, Islamic Rep.","Middle East, North Africa, Afghanistan & Pakistan",13.55,25.93,17.01,61.60,81.93,9.86,31.64,1.00,False,0.30,0.00,electricity_generation_twh;population;unemployment_rate_pct,0.00,,
81,TKM,Turkmenistan,Europe & Central Asia,2.67,34.56,43.62,30.00,43.40,22.96,27.19,1.00,False,0.34,0.00,inform_tsunami;electricity_generation_twh;cdd65_hist,0.00,,
82,LBY,Libya,"Middle East, North Africa, Afghanistan & Pakistan",3.21,26.74,45.95,35.94,71.08,5.78,27.00,1.00,False,-0.14,0.00,unemployment_rate_pct;electricity_generation_twh;inform_river_flood,0.00,,
83,SYR,Syrian Arab Republic,"Middle East, North Africa, Afghanistan & Pakistan",9.63,25.88,41.00,29.98,80.33,2.72,26.53,1.00,False,-0.03,0.00,unemployment_rate_pct;population;electricity_generation_twh,0.00,,
