rank,fips,county_name,state,moratorium_state_active,pillar_energy_carbon,pillar_water,pillar_climate_resilience,pillar_grid_infrastructure,pillar_land,pillar_community,pillar_cost,pillar_permitting,composite,coverage,floor_ok,horizon_delta,rank_delta_2050,top_reasons,robustness,failed_gates,unknown_gates
1,53075,Whitman,WA,False,70.33,72.97,52.27,54.29,68.12,44.78,77.50,63.18,65.70,0.84,True,-0.15,0.00,industrial_price_cents_kwh;cdd_2050_rcp85;grid_renewable_share,1.00,,max_queue_median_age_years
2,53005,Benton,WA,False,70.15,70.63,53.24,51.54,41.02,65.40,77.50,64.50,65.25,0.87,True,0.72,0.00,industrial_price_cents_kwh;water_stress_2050;queue_active_mw_clean_excl_storage,1.00,,
3,42079,Luzerne,PA,False,63.65,87.33,61.47,60.97,41.42,86.24,38.13,35.97,63.87,0.87,True,-0.07,0.00,drought_share_weeks_d2plus;nri_drought_score;cdd_2050_rcp85,1.00,,
4,53025,Grant,WA,False,70.36,51.38,53.79,72.19,52.83,59.22,77.50,63.22,62.56,0.87,True,0.80,-1.00,industrial_price_cents_kwh;plant_clean_capacity_mw_100km;queue_active_mw_clean_excl_storage,0.99,,
5,42033,Clearfield,PA,False,60.36,85.90,68.14,42.99,54.05,72.97,38.13,34.55,61.87,0.87,True,-0.12,1.00,drought_share_weeks_d2plus;nri_drought_score;cdd_2050_rcp85,1.00,,
6,41067,Washington,OR,False,61.18,83.12,72.73,52.67,36.16,67.53,33.40,40.21,61.67,0.87,True,0.33,0.00,water_stress_2050;cdd_2050_rcp85;nri_drought_score,1.00,,
7,53071,Walla Walla,WA,False,69.14,53.17,55.71,50.86,55.39,59.34,77.50,61.76,61.35,0.87,True,0.69,-1.00,industrial_price_cents_kwh;plant_clean_capacity_mw_100km;grid_renewable_share,0.95,,
8,42069,Lackawanna,PA,False,56.20,88.90,59.08,51.72,34.47,82.00,38.13,37.33,60.77,0.84,True,-0.02,1.00,drought_share_weeks_d2plus;nri_drought_score;cdd_2050_rcp85,1.00,,max_queue_median_age_years
9,42107,Schuylkill,PA,False,57.19,80.21,59.28,52.98,48.16,84.70,38.13,37.00,59.95,0.84,True,0.06,0.00,nri_drought_score;plant_clean_capacity_mw_100km;drought_share_weeks_d2plus,0.99,,max_queue_median_age_years
10,42115,Susquehanna,PA,False,53.08,90.28,54.29,54.97,55.21,62.94,38.13,37.05,59.53,0.84,True,-0.09,0.00,drought_share_weeks_d2plus;nri_drought_score;cdd_2050_rcp85,0.92,,max_queue_median_age_years
11,42081,Lycoming,PA,False,52.74,84.45,57.20,49.79,50.30,74.80,38.13,34.99,58.49,0.87,True,-0.09,0.00,drought_share_weeks_d2plus;nri_drought_score;cdd_2050_rcp85,0.04,,
12,16069,Nez Perce,ID,False,57.87,73.26,51.06,47.18,47.14,50.77,51.06,56.52,57.91,0.82,True,0.27,-3.00,water_stress_2050;grid_renewable_share;cdd_2050_rcp85,0.04,,max_queue_median_age_years
13,42065,Jefferson,PA,False,51.58,87.33,53.89,45.77,45.42,72.67,38.13,36.52,57.87,0.87,True,-0.09,1.00,drought_share_weeks_d2plus;nri_drought_score;cdd_2050_rcp85,0.01,,
14,41047,Marion,OR,False,56.52,77.33,71.38,37.50,34.51,61.39,33.40,44.19,57.73,0.87,True,0.32,-4.00,cdd_2050_rcp85;water_stress_2050;nri_drought_score,0.02,,
15,16055,Kootenai,ID,False,55.32,64.85,66.32,48.29,55.44,63.64,51.06,45.20,57.64,0.87,True,0.02,-2.00,cdd_2050_rcp85;grid_renewable_share;nri_drought_score,0.02,,
16,42031,Clarion,PA,False,51.82,86.66,53.55,45.28,40.06,71.09,38.13,38.43,57.53,0.87,True,-0.13,2.00,drought_share_weeks_d2plus;nri_drought_score;cdd_2050_rcp85,0.00,,
17,42039,Crawford,PA,False,54.22,86.70,48.49,37.44,47.07,74.34,38.13,39.17,57.53,0.87,True,-0.10,1.00,drought_share_weeks_d2plus;nri_drought_score;cdd_2050_rcp85,0.00,,
18,42019,Butler,PA,False,49.65,88.18,53.69,64.29,44.93,64.46,38.13,27.60,57.50,0.87,True,-0.17,5.00,drought_share_weeks_d2plus;nri_drought_score;water_stress_2050,0.01,,
19,49007,Carbon,UT,False,61.87,56.49,63.68,52.91,71.64,49.74,41.52,51.11,56.93,0.84,True,0.08,-2.00,cdd_2050_rcp85;water_stress_2050;grid_renewable_share,0.02,,max_queue_median_age_years
20,42089,Monroe,PA,False,57.70,73.51,60.14,47.55,34.36,75.18,38.13,35.19,56.93,0.84,True,-0.05,1.00,nri_drought_score;drought_share_weeks_d2plus;plant_clean_capacity_mw_100km,0.00,,max_queue_median_age_years
21,42127,Wayne,PA,False,54.56,79.13,56.12,42.65,49.53,68.03,38.13,35.16,56.67,0.84,True,-0.18,1.00,drought_share_weeks_d2plus;nri_drought_score;cdd_2050_rcp85,0.00,,max_queue_median_age_years
22,42133,York,PA,False,63.11,61.38,62.71,48.47,37.48,66.71,38.13,45.85,56.63,0.84,True,-0.12,0.00,plant_clean_capacity_mw_100km;drought_share_weeks_d2plus;queue_operational_mw_online_5y,0.00,,max_queue_median_age_years
23,42013,Blair,PA,False,48.71,74.01,66.19,51.95,39.51,73.97,38.13,37.65,56.12,0.84,True,-0.26,0.00,drought_share_weeks_d2plus;nri_drought_score;cdd_2050_rcp85,0.00,,max_queue_median_age_years
24,42011,Berks,PA,False,61.41,57.55,60.56,71.17,35.59,71.69,38.13,31.93,55.63,0.87,True,0.07,0.00,plant_clean_capacity_mw_100km;drought_share_weeks_d2plus;queue_operational_mw_online_5y,0.00,,
25,45055,Kershaw,SC,False,55.97,52.95,51.50,47.66,53.57,52.84,69.11,59.42,55.41,0.84,True,0.24,0.00,plant_clean_capacity_mw_100km;industrial_price_cents_kwh;nri_drought_score,0.00,,max_queue_median_age_years
26,37153,Richmond,NC,False,64.43,52.87,49.27,55.84,34.33,69.31,45.37,48.77,54.80,0.87,True,0.15,0.00,grid_co2_lb_mwh;queue_operational_mw_online_5y;nri_drought_score,0.00,,
27,45057,Lancaster,SC,False,52.38,48.58,55.94,60.96,39.16,59.38,69.11,58.35,54.68,0.82,True,0.20,0.00,plant_clean_capacity_mw_100km;industrial_price_cents_kwh;grid_co2_lb_mwh,0.00,,max_queue_median_age_years
28,45039,Fairfield,SC,False,56.61,38.54,55.02,58.85,70.32,61.58,69.11,54.75,54.50,0.84,True,0.40,-2.00,plant_clean_capacity_mw_100km;industrial_price_cents_kwh;grid_co2_lb_mwh,0.00,,max_queue_median_age_years
29,37113,Macon,NC,False,57.10,60.78,61.68,47.09,41.61,50.67,45.37,42.54,54.24,0.82,True,0.02,0.00,plant_clean_capacity_mw_100km;water_stress_2050;cdd_2050_rcp85,0.00,,max_queue_median_age_years
30,37087,Haywood,NC,False,57.66,56.34,65.46,46.02,33.07,59.74,45.37,43.38,54.09,0.82,True,0.11,-1.00,cdd_2050_rcp85;plant_clean_capacity_mw_100km;grid_co2_lb_mwh,0.00,,max_queue_median_age_years
31,42067,Juniata,PA,False,49.78,73.02,55.69,50.48,40.92,61.08,38.13,37.90,53.94,0.84,True,-0.34,3.00,drought_share_weeks_d2plus;nri_drought_score;queue_operational_mw_online_5y,0.00,,max_queue_median_age_years
32,45003,Aiken,SC,False,61.20,34.99,48.78,65.34,51.28,55.66,69.11,61.07,53.91,0.87,True,0.62,-1.00,plant_clean_capacity_mw_100km;industrial_price_cents_kwh;grid_co2_lb_mwh,0.00,,
33,42071,Lancaster,PA,False,50.65,68.91,55.13,61.54,34.83,64.30,38.13,36.51,53.77,0.84,True,0.01,1.00,plant_clean_capacity_mw_100km;grid_co2_lb_mwh;drought_share_weeks_d2plus,0.00,,max_queue_median_age_years
34,45073,Oconee,SC,False,55.42,43.03,54.51,54.00,39.41,53.98,69.11,57.85,53.18,0.84,True,0.75,-1.00,plant_clean_capacity_mw_100km;industrial_price_cents_kwh;grid_co2_lb_mwh,0.00,,max_queue_median_age_years
35,37083,Halifax,NC,False,67.13,37.09,51.63,51.38,44.30,71.52,45.37,49.59,52.64,0.82,True,-0.22,1.00,grid_co2_lb_mwh;queue_operational_mw_online_5y;plant_clean_capacity_mw_100km,0.00,,max_queue_median_age_years
36,45065,McCormick,SC,False,50.08,44.05,51.33,66.55,55.87,47.51,69.11,55.71,52.59,0.82,True,0.85,-3.00,nri_drought_score;plant_clean_capacity_mw_100km;industrial_price_cents_kwh,0.00,,max_queue_median_age_years
37,45007,Anderson,SC,False,55.55,33.13,55.75,62.53,38.22,57.52,69.11,63.87,52.48,0.87,True,0.60,-1.00,plant_clean_capacity_mw_100km;industrial_price_cents_kwh;grid_co2_lb_mwh,0.00,,
38,45063,Lexington,SC,False,59.37,32.14,52.33,57.83,44.21,52.46,69.11,63.92,52.45,0.84,True,0.24,1.00,plant_clean_capacity_mw_100km;industrial_price_cents_kwh;grid_co2_lb_mwh,0.00,,max_queue_median_age_years
39,37007,Anson,NC,False,55.26,48.96,47.76,70.49,48.59,61.55,45.37,47.66,52.35,0.87,True,0.12,3.00,plant_clean_capacity_mw_100km;grid_co2_lb_mwh;nri_drought_score,0.00,,
40,45087,Union,SC,False,54.71,33.92,57.80,42.67,57.18,66.47,69.11,54.81,51.89,0.84,True,0.35,0.00,industrial_price_cents_kwh;plant_clean_capacity_mw_100km;grid_co2_lb_mwh,0.00,,max_queue_median_age_years
41,45081,Saluda,SC,False,61.64,32.11,45.16,56.99,52.62,45.82,69.11,59.77,51.61,0.84,True,0.30,0.00,plant_clean_capacity_mw_100km;industrial_price_cents_kwh;grid_co2_lb_mwh,0.00,,max_queue_median_age_years
42,45079,Richland,SC,False,58.04,33.99,56.14,50.88,36.13,46.60,69.11,59.97,51.43,0.84,True,0.25,0.00,industrial_price_cents_kwh;grid_co2_lb_mwh;plant_clean_capacity_mw_100km,0.00,,max_queue_median_age_years
43,45059,Laurens,SC,False,56.59,31.02,54.53,50.72,51.11,55.72,69.11,58.11,51.22,0.84,True,0.34,-2.00,plant_clean_capacity_mw_100km;industrial_price_cents_kwh;grid_co2_lb_mwh,0.00,,max_queue_median_age_years
44,37123,Montgomery,NC,False,56.52,47.21,47.74,57.48,51.00,60.06,45.37,44.74,51.11,0.87,True,0.06,0.00,plant_clean_capacity_mw_100km;grid_co2_lb_mwh;nri_drought_score,0.00,,
45,42099,Perry,PA,False,40.49,78.26,57.48,38.61,38.73,49.33,38.13,37.29,51.10,0.84,True,0.02,2.00,drought_share_weeks_d2plus;nri_drought_score;grid_co2_lb_mwh,0.00,,max_queue_median_age_years
46,45001,Abbeville,SC,False,50.52,30.85,56.13,66.58,48.25,59.88,69.11,58.34,51.06,0.82,True,0.80,-85.00,plant_clean_capacity_mw_100km;industrial_price_cents_kwh;grid_co2_lb_mwh,0.00,,max_queue_median_age_years
47,45021,Cherokee,SC,False,54.88,31.22,59.68,45.01,36.24,63.91,69.11,59.48,51.06,0.84,True,0.33,0.00,plant_clean_capacity_mw_100km;industrial_price_cents_kwh;grid_co2_lb_mwh,0.00,,max_queue_median_age_years
48,37157,Rockingham,NC,False,50.18,36.32,61.00,77.64,41.00,70.86,45.37,48.50,50.76,0.87,True,-0.04,2.00,grid_co2_lb_mwh;nri_wildfire_score;nri_winter_score,0.00,,
49,49035,Salt Lake,UT,False,56.82,35.18,69.01,69.62,35.07,56.97,41.52,41.47,50.64,0.87,True,0.85,-7.00,grid_renewable_share;queue_operational_mw_online_5y;grid_co2_lb_mwh,0.00,,
50,37127,Nash,NC,False,60.34,36.64,51.32,55.94,38.38,64.00,45.37,51.64,50.43,0.87,True,-0.04,1.00,grid_co2_lb_mwh;plant_clean_capacity_mw_100km;drought_share_weeks_d2plus,0.00,,
51,37183,Wake,NC,False,58.31,34.68,59.30,61.51,35.19,54.78,45.37,53.71,50.39,0.87,True,-0.09,3.00,grid_co2_lb_mwh;plant_clean_capacity_mw_100km;nri_heat_wave_score,0.00,,
52,37151,Randolph,NC,False,53.66,39.59,57.63,58.34,41.02,63.83,45.37,49.75,50.26,0.84,True,-0.00,2.00,grid_co2_lb_mwh;plant_clean_capacity_mw_100km;nri_drought_score,0.00,,max_queue_median_age_years
53,37175,Transylvania,NC,False,52.11,46.78,64.29,46.97,32.97,56.68,45.37,42.37,50.06,0.82,True,0.16,-2.00,plant_clean_capacity_mw_100km;grid_co2_lb_mwh;cdd_2050_rcp85,0.00,,max_queue_median_age_years
54,37181,Vance,NC,False,54.54,33.98,64.26,51.00,39.06,72.33,45.37,49.68,50.04,0.84,True,-0.19,3.00,grid_co2_lb_mwh;plant_clean_capacity_mw_100km;nri_wildfire_score,0.00,,max_queue_median_age_years
55,37145,Person,NC,False,59.24,33.96,61.86,50.74,43.80,55.36,45.37,48.54,50.01,0.87,True,0.00,3.00,grid_co2_lb_mwh;plant_clean_capacity_mw_100km;nri_heat_wave_score,0.00,,
56,37199,Yancey,NC,False,48.11,51.37,60.73,54.34,42.68,48.64,45.37,42.25,49.98,0.82,True,0.08,2.00,cdd_2050_rcp85;grid_co2_lb_mwh;nri_heat_wave_score,0.00,,max_queue_median_age_years
57,37081,Guilford,NC,False,50.09,31.96,61.73,73.34,39.83,70.52,45.37,54.11,49.97,0.82,True,0.03,4.00,grid_co2_lb_mwh;plant_clean_capacity_mw_100km;dc_existing_count,0.00,,max_queue_median_age_years
58,49041,Sevier,UT,False,55.76,42.35,58.29,41.30,81.63,35.17,41.52,49.41,49.92,0.84,True,0.32,1.00,cdd_2050_rcp85;grid_renewable_share;grid_co2_lb_mwh,0.00,,max_queue_median_age_years
59,37101,Johnston,NC,False,59.07,33.87,55.77,53.36,40.19,56.15,45.37,51.90,49.49,0.87,True,0.05,1.00,grid_co2_lb_mwh;plant_clean_capacity_mw_100km;nri_tornado_score,0.00,,
60,37077,Granville,NC,False,60.59,34.25,57.25,58.93,36.08,47.79,45.37,46.42,49.39,0.87,True,-0.01,1.00,grid_co2_lb_mwh;plant_clean_capacity_mw_100km;queue_active_mw_clean_excl_storage,0.00,,
61,37003,Alexander,NC,False,49.43,44.53,56.53,49.34,35.57,61.88,45.37,50.55,49.14,0.82,True,0.09,1.00,plant_clean_capacity_mw_100km;grid_co2_lb_mwh;nri_drought_score,0.00,,max_queue_median_age_years
62,37097,Iredell,NC,False,50.01,37.89,58.11,58.65,35.93,63.61,45.37,53.39,49.06,0.82,True,0.07,1.00,plant_clean_capacity_mw_100km;grid_co2_lb_mwh;plant_capacity_mw_100km,0.00,,max_queue_median_age_years
63,37027,Caldwell,NC,False,47.59,40.37,59.71,63.61,32.97,68.62,45.37,44.49,48.92,0.82,True,0.21,1.00,grid_co2_lb_mwh;plant_clean_capacity_mw_100km;dc_existing_count,0.00,,max_queue_median_age_years
64,37161,Rutherford,NC,False,49.16,37.05,54.98,69.13,34.94,72.61,45.37,46.25,48.85,0.82,True,0.33,1.00,plant_clean_capacity_mw_100km;grid_co2_lb_mwh;dc_existing_count,0.00,,max_queue_median_age_years
65,37179,Union,NC,False,53.33,34.56,53.35,59.53,38.49,59.15,45.37,54.31,48.55,0.82,True,0.10,1.00,plant_clean_capacity_mw_100km;grid_co2_lb_mwh;plant_capacity_mw_100km,0.00,,max_queue_median_age_years
66,37069,Franklin,NC,False,54.57,34.10,58.29,54.14,38.85,54.54,45.37,49.22,48.33,0.82,True,-0.10,1.00,grid_co2_lb_mwh;plant_clean_capacity_mw_100km;plant_capacity_mw_100km,0.00,,max_queue_median_age_years
67,37057,Davidson,NC,False,56.82,31.58,55.21,49.29,35.13,64.24,45.37,51.04,48.21,0.84,True,-0.05,1.00,grid_co2_lb_mwh;plant_clean_capacity_mw_100km;nri_winter_score,0.00,,max_queue_median_age_years
68,37033,Caswell,NC,False,50.64,34.20,58.72,59.68,46.39,54.01,45.37,46.63,47.81,0.82,True,-0.04,1.00,grid_co2_lb_mwh;plant_clean_capacity_mw_100km;plant_capacity_mw_100km,0.00,,max_queue_median_age_years
69,37125,Moore,NC,False,50.26,41.07,51.74,52.22,41.00,55.05,45.37,47.30,47.66,0.82,True,0.12,0.00,grid_co2_lb_mwh;plant_clean_capacity_mw_100km;nri_drought_score,0.00,,max_queue_median_age_years
70,37105,Lee,NC,False,49.15,38.00,53.14,46.06,35.28,63.67,45.37,48.07,46.77,0.82,True,0.14,0.00,grid_co2_lb_mwh;plant_clean_capacity_mw_100km;mfg_emp_share_1969,0.00,,max_queue_median_age_years
71,37167,Stanly,NC,False,50.84,32.06,53.93,53.00,33.29,55.43,45.37,52.36,46.28,0.82,True,0.08,0.00,plant_clean_capacity_mw_100km;grid_co2_lb_mwh;plant_capacity_mw_100km,0.00,,max_queue_median_age_years
72,37169,Stokes,NC,False,42.71,34.67,61.48,54.44,38.17,54.21,45.37,46.38,45.39,0.87,True,-0.19,0.00,grid_co2_lb_mwh;nri_winter_score;nri_wildfire_score,0.00,,
73,49011,Davis,UT,False,42.08,34.71,65.22,51.01,33.07,50.13,41.52,44.06,44.41,0.82,True,0.76,0.00,grid_renewable_share;grid_co2_lb_mwh;state_policy_risk,0.00,,max_queue_median_age_years
74,36033,Franklin,NY,True,80.42,95.42,52.26,46.75,62.14,63.28,6.55,42.65,64.88,0.87,False,0.04,0.00,drought_share_weeks_d2plus;water_stress_2050;nri_drought_score,0.00,,
75,36049,Lewis,NY,True,78.77,92.10,56.16,38.94,62.75,64.31,6.55,43.46,63.81,0.84,False,-0.17,0.00,drought_share_weeks_d2plus;nri_drought_score;cdd_2050_rcp85,0.00,,max_queue_median_age_years
76,36067,Onondaga,NY,True,71.44,89.98,64.14,48.15,37.54,73.76,6.55,53.50,63.47,0.84,False,-0.03,0.00,drought_share_weeks_d2plus;nri_drought_score;grid_co2_lb_mwh,0.00,,max_queue_median_age_years
77,36089,St. Lawrence,NY,True,70.85,94.70,58.27,40.68,59.14,73.97,6.55,44.02,63.17,0.87,False,0.09,0.00,drought_share_weeks_d2plus;water_stress_2050;nri_drought_score,0.00,,
78,36019,Clinton,NY,True,69.78,94.18,54.10,47.56,50.12,65.68,6.55,45.17,61.87,0.87,False,0.08,0.00,drought_share_weeks_d2plus;water_stress_2050;nri_drought_score,0.00,,
79,53001,Adams,WA,False,71.84,61.25,48.92,34.78,67.76,44.74,77.50,63.87,61.65,0.87,False,0.46,-2.00,industrial_price_cents_kwh;grid_renewable_share;nri_drought_score,0.00,,
80,36053,Madison,NY,True,73.55,89.90,56.26,34.62,41.30,65.74,6.55,50.64,61.39,0.87,False,0.06,1.00,drought_share_weeks_d2plus;nri_drought_score;cdd_2050_rcp85,0.00,,
81,36101,Steuben,NY,True,78.79,76.12,55.57,39.47,57.20,77.22,6.55,48.73,61.22,0.87,False,0.00,1.00,drought_share_weeks_d2plus;grid_co2_lb_mwh;cdd_2050_rcp85,0.00,,
82,36065,Oneida,NY,True,65.28,89.94,63.23,37.81,44.28,78.53,6.55,48.45,61.08,0.84,False,0.00,0.00,drought_share_weeks_d2plus;nri_drought_score;grid_co2_lb_mwh,0.00,,max_queue_median_age_years
83,36007,Broome,NY,True,62.10,85.51,62.47,47.96,48.07,81.76,6.55,46.57,60.06,0.84,False,-0.14,0.00,drought_share_weeks_d2plus;nri_drought_score;grid_co2_lb_mwh,0.00,,max_queue_median_age_years
84,36095,Schoharie,NY,True,68.17,89.70,53.71,42.33,54.62,61.56,6.55,45.99,60.02,0.84,False,-0.10,0.00,drought_share_weeks_d2plus;nri_drought_score;grid_co2_lb_mwh,0.00,,max_queue_median_age_years
85,50003,Bennington,VT,False,67.49,92.41,46.79,57.54,49.32,57.80,4.52,41.05,59.48,0.80,False,0.04,0.00,drought_share_weeks_d2plus;cdd_2050_rcp85;nri_drought_score,0.00,,max_queue_median_age_years
86,36001,Albany,NY,True,60.73,90.91,64.61,41.62,31.63,60.32,6.55,49.04,58.86,0.84,False,0.01,0.00,drought_share_weeks_d2plus;nri_drought_score;grid_co2_lb_mwh,0.00,,max_queue_median_age_years
87,36031,Essex,NY,True,62.65,95.12,48.73,35.32,67.01,60.19,6.55,42.07,58.69,0.84,False,0.07,0.00,drought_share_weeks_d2plus;water_stress_2050;nri_drought_score,0.00,,max_queue_median_age_years
88,36091,Saratoga,NY,True,62.85,91.01,58.07,34.83,38.35,60.98,6.55,45.92,58.15,0.84,False,-0.01,-1.00,drought_share_weeks_d2plus;nri_drought_score;grid_co2_lb_mwh,0.00,,max_queue_median_age_years
89,36093,Schenectady,NY,True,59.51,88.25,59.88,44.79,31.20,69.38,6.55,49.85,58.15,0.84,False,-0.13,1.00,drought_share_weeks_d2plus;nri_drought_score;grid_co2_lb_mwh,0.00,,max_queue_median_age_years
90,53003,Asotin,WA,False,54.09,68.57,59.39,29.60,54.15,41.38,77.50,56.99,58.10,0.84,False,0.52,-2.00,industrial_price_cents_kwh;cdd_2050_rcp85;grid_renewable_share,0.00,,max_queue_median_age_years
91,36021,Columbia,NY,True,64.06,87.62,50.12,49.74,42.28,61.97,6.55,47.28,58.07,0.84,False,-0.02,1.00,drought_share_weeks_d2plus;grid_co2_lb_mwh;water_stress_2050,0.00,,max_queue_median_age_years
92,42043,Dauphin,PA,False,59.67,74.32,58.86,56.72,27.66,61.81,38.13,43.07,57.69,0.87,False,0.04,1.00,drought_share_weeks_d2plus;plant_clean_capacity_mw_100km;queue_active_mw_clean_excl_storage,0.00,,
93,09150,Northeastern Connecticut,CT,False,74.21,70.53,50.12,56.12,38.92,76.61,2.64,41.93,57.33,0.84,False,0.18,-1.00,grid_co2_lb_mwh;plant_clean_capacity_mw_100km;cdd_2050_rcp85,0.00,,max_queue_median_age_years
94,36035,Fulton,NY,True,55.80,90.54,58.04,36.64,36.78,78.96,6.55,44.06,57.16,0.84,False,-0.02,1.00,drought_share_weeks_d2plus;nri_drought_score;grid_co2_lb_mwh,0.00,,max_queue_median_age_years
95,36099,Seneca,NY,True,69.95,74.88,52.53,42.74,26.56,65.99,6.55,56.96,57.04,0.87,False,-0.04,0.00,water_stress_2050;drought_share_weeks_d2plus;grid_co2_lb_mwh,0.00,,
96,42093,Montour,PA,False,48.08,84.80,59.97,55.68,28.17,56.99,38.13,45.25,56.91,0.87,False,-0.10,0.00,drought_share_weeks_d2plus;nri_drought_score;grid_co2_lb_mwh,0.00,,
97,23007,Franklin,ME,False,65.21,77.73,54.29,45.24,74.40,59.57,3.36,40.87,56.80,0.80,False,0.05,0.00,cdd_2050_rcp85;water_stress_2050;grid_co2_lb_mwh,0.00,,max_queue_median_age_years
98,50007,Chittenden,VT,False,54.17,93.09,60.97,41.41,32.05,54.73,4.52,50.95,56.71,0.80,False,0.04,0.00,drought_share_weeks_d2plus;water_stress_2050;nri_drought_score,0.00,,max_queue_median_age_years
99,42025,Carbon,PA,False,59.69,73.50,62.61,47.35,30.78,70.12,38.13,22.25,56.14,0.87,False,-0.22,0.00,nri_drought_score;drought_share_weeks_d2plus;plant_clean_capacity_mw_100km,0.00,,
100,23017,Oxford,ME,False,65.26,76.26,54.80,39.76,68.70,60.80,3.36,41.24,56.01,0.82,False,0.07,0.00,cdd_2050_rcp85;water_stress_2050;grid_co2_lb_mwh,0.00,,max_queue_median_age_years
101,50025,Windham,VT,False,59.14,87.13,48.81,50.00,56.36,54.68,4.52,41.37,55.92,0.80,False,0.17,-1.00,nri_drought_score;cdd_2050_rcp85;drought_share_weeks_d2plus,0.00,,max_queue_median_age_years
102,50001,Addison,VT,False,56.38,91.44,52.73,42.16,46.25,45.10,4.52,50.86,55.90,0.80,False,0.15,1.00,drought_share_weeks_d2plus;nri_drought_score;cdd_2050_rcp85,0.00,,max_queue_median_age_years
103,49015,Emery,UT,False,64.08,52.64,59.79,54.50,76.64,27.69,41.52,59.02,55.80,0.87,False,0.19,-1.00,water_stress_2050;queue_active_mw_clean_excl_storage;grid_renewable_share,0.00,,
104,36097,Schuyler,NY,True,64.37,71.01,57.12,48.42,44.32,64.65,6.55,49.34,55.72,0.87,False,0.01,1.00,drought_share_weeks_d2plus;grid_co2_lb_mwh;cdd_2050_rcp85,0.00,,
105,36069,Ontario,NY,True,62.48,75.68,57.72,39.54,39.14,59.37,6.55,53.98,55.55,0.84,False,-0.01,0.00,drought_share_weeks_d2plus;water_stress_2050;grid_co2_lb_mwh,0.00,,max_queue_median_age_years
106,42075,Lebanon,PA,False,57.37,68.71,57.87,48.34,27.93,62.45,38.13,45.56,55.35,0.84,False,-0.07,0.00,plant_clean_capacity_mw_100km;drought_share_weeks_d2plus;queue_operational_mw_online_5y,0.00,,max_queue_median_age_years
107,42041,Cumberland,PA,False,52.31,72.47,59.65,53.91,29.63,56.85,38.13,45.04,55.15,0.84,False,-0.04,0.00,drought_share_weeks_d2plus;plant_clean_capacity_mw_100km;grid_co2_lb_mwh,0.00,,max_queue_median_age_years
108,50011,Franklin,VT,False,52.25,94.21,53.07,36.73,42.16,47.93,4.52,50.30,55.01,0.80,False,0.08,0.00,drought_share_weeks_d2plus;water_stress_2050;nri_drought_score,0.00,,max_queue_median_age_years
109,36015,Chemung,NY,True,55.90,70.20,65.75,42.30,35.73,81.63,6.55,47.38,54.48,0.84,False,0.11,0.00,drought_share_weeks_d2plus;grid_co2_lb_mwh;cdd_2050_rcp85,0.00,,max_queue_median_age_years
110,37021,Buncombe,NC,False,57.88,47.76,64.05,73.21,31.95,59.88,45.37,47.10,54.28,0.87,False,0.13,0.00,plant_clean_capacity_mw_100km;grid_co2_lb_mwh;cdd_2050_rcp85,0.00,,
111,50023,Washington,VT,False,51.09,93.09,51.22,42.67,47.14,48.01,4.52,41.86,54.09,0.80,False,0.01,0.00,drought_share_weeks_d2plus;nri_drought_score;cdd_2050_rcp85,0.00,,max_queue_median_age_years
112,37011,Avery,NC,False,53.03,68.99,60.19,41.71,31.37,49.78,45.37,43.00,53.92,0.82,False,-0.03,0.00,nri_drought_score;cdd_2050_rcp85;grid_co2_lb_mwh,0.00,,max_queue_median_age_years
113,23001,Androscoggin,ME,False,65.05,64.91,63.19,39.20,37.68,64.52,3.36,46.38,53.79,0.84,False,0.24,0.00,cdd_2050_rcp85;water_stress_2050;grid_co2_lb_mwh,0.00,,
114,25027,Worcester,MA,False,68.23,56.86,58.02,50.69,43.01,72.39,2.27,45.60,53.52,0.87,False,0.11,0.00,grid_co2_lb_mwh;cdd_2050_rcp85;plant_clean_capacity_mw_100km,0.00,,
115,50019,Orleans,VT,False,51.65,90.13,48.21,30.33,52.31,53.85,4.52,44.45,53.12,0.80,False,0.04,-2.00,drought_share_weeks_d2plus;nri_drought_score;cdd_2050_rcp85,0.00,,max_queue_median_age_years
116,51660,Harrisonburg,VA,False,47.98,65.06,62.64,71.80,33.55,68.85,12.48,52.28,53.02,0.82,False,-0.14,0.00,nri_drought_score;grid_co2_lb_mwh;plant_clean_capacity_mw_100km,0.00,,max_queue_median_age_years
117,42001,Adams,PA,False,62.31,56.38,57.46,41.08,25.73,58.53,38.13,45.02,52.93,0.87,False,-0.02,-1.00,drought_share_weeks_d2plus;plant_clean_capacity_mw_100km;queue_operational_mw_online_5y,0.00,,
118,25013,Hampden,MA,False,66.07,59.95,54.19,45.86,34.87,79.54,2.27,46.29,52.92,0.87,False,0.18,-1.00,grid_co2_lb_mwh;plant_clean_capacity_mw_100km;cdd_2050_rcp85,0.00,,
119,42055,Franklin,PA,False,55.04,61.37,59.28,37.31,42.17,60.29,38.13,44.14,52.84,0.87,False,-0.38,4.00,drought_share_weeks_d2plus;queue_operational_mw_online_5y;grid_co2_lb_mwh,0.00,,
120,25011,Franklin,MA,False,68.62,68.51,43.70,38.02,43.31,62.36,2.27,43.09,52.56,0.84,False,0.15,0.00,cdd_2050_rcp85;grid_co2_lb_mwh;queue_operational_mw_online_5y,0.00,,max_queue_median_age_years
121,42029,Chester,PA,False,57.35,47.48,61.87,80.49,25.67,61.96,38.13,33.18,52.17,0.84,False,0.04,0.00,plant_clean_capacity_mw_100km;grid_co2_lb_mwh;drought_share_weeks_d2plus,0.00,,max_queue_median_age_years
122,33011,Hillsborough,NH,False,58.92,53.59,53.98,75.99,42.64,62.43,2.94,55.31,51.85,0.82,False,-0.08,0.00,grid_co2_lb_mwh;cdd_2050_rcp85;plant_clean_capacity_mw_100km,0.00,,max_queue_median_age_years
123,42077,Lehigh,PA,False,48.34,54.19,66.67,66.83,24.55,71.91,38.13,33.96,51.56,0.82,False,-0.05,0.00,plant_clean_capacity_mw_100km;drought_share_weeks_d2plus;grid_co2_lb_mwh,0.00,,max_queue_median_age_years
124,37089,Henderson,NC,False,56.16,41.55,69.29,50.82,26.67,57.89,45.37,48.11,51.24,0.82,False,0.09,-2.00,plant_clean_capacity_mw_100km;grid_co2_lb_mwh;cdd_2050_rcp85,0.00,,max_queue_median_age_years
125,51678,Lexington,VA,False,47.52,68.04,58.60,57.66,37.32,51.11,12.48,52.80,51.10,0.80,False,-0.23,1.00,nri_drought_score;drought_share_weeks_d2plus;grid_co2_lb_mwh,0.00,,max_queue_median_age_years
126,37045,Cleveland,NC,False,53.93,34.79,59.70,83.28,30.37,62.92,45.37,52.66,51.05,0.87,False,0.21,-3.00,plant_clean_capacity_mw_100km;grid_co2_lb_mwh;nri_winter_score,0.00,,
127,51600,Fairfax,VA,False,56.31,57.06,67.69,69.27,38.99,38.07,12.48,38.03,50.99,0.82,False,-0.07,0.00,nri_drought_score;grid_co2_lb_mwh;plant_clean_capacity_mw_100km,0.00,,max_queue_median_age_years
128,45083,Spartanburg,SC,False,55.69,23.65,60.98,59.38,39.41,60.90,69.11,62.17,50.98,0.87,False,0.33,-2.00,plant_clean_capacity_mw_100km;industrial_price_cents_kwh;grid_co2_lb_mwh,0.00,,
129,51840,Winchester,VA,False,47.48,62.90,65.04,59.46,35.38,48.78,12.48,52.97,50.71,0.80,False,-0.50,4.00,nri_drought_score;grid_co2_lb_mwh;drought_share_weeks_d2plus,0.00,,max_queue_median_age_years
130,37005,Alleghany,NC,False,50.72,47.53,61.33,55.71,31.32,57.02,45.37,49.69,50.69,0.82,False,-0.35,2.00,cdd_2050_rcp85;grid_co2_lb_mwh;nri_heat_wave_score,0.00,,max_queue_median_age_years
131,34027,Morris,NJ,False,56.81,60.12,57.51,64.44,26.25,70.58,3.96,34.66,50.41,0.82,False,0.72,-6.00,drought_share_weeks_d2plus;cdd_2050_rcp85;queue_operational_mw_online_5y,0.00,,max_queue_median_age_years
132,37119,Mecklenburg,NC,False,56.55,28.04,58.97,80.68,32.07,61.24,45.37,57.22,50.34,0.87,False,0.11,0.00,plant_clean_capacity_mw_100km;grid_co2_lb_mwh;nri_heat_wave_score,0.00,,
133,25015,Hampshire,MA,False,63.24,60.48,51.19,42.78,31.93,59.38,2.27,44.22,50.06,0.84,False,0.15,-2.00,grid_co2_lb_mwh;cdd_2050_rcp85;queue_operational_mw_online_5y,0.00,,max_queue_median_age_years
134,42091,Montgomery,PA,False,50.22,46.89,64.84,67.45,27.85,65.24,38.13,35.00,50.05,0.84,False,0.02,0.00,plant_clean_capacity_mw_100km;grid_co2_lb_mwh;drought_share_weeks_d2plus,0.00,,max_queue_median_age_years
135,37093,Hoke,NC,False,56.61,42.65,53.26,48.07,30.49,62.40,45.37,49.58,49.83,0.84,False,0.13,-1.00,grid_co2_lb_mwh;plant_clean_capacity_mw_100km;nri_drought_score,0.00,,max_queue_median_age_years
136,51069,Frederick,VA,False,63.68,43.94,58.05,66.15,37.08,53.87,12.48,41.01,49.68,0.87,False,-0.46,3.00,queue_operational_mw_online_5y;grid_co2_lb_mwh;drought_share_weeks_d2plus,0.00,,
137,37071,Gaston,NC,False,50.21,35.87,59.69,74.03,26.12,66.14,45.37,52.54,49.62,0.87,False,0.43,-5.00,plant_clean_capacity_mw_100km;grid_co2_lb_mwh;nri_winter_score,0.00,,
138,24013,Carroll,MD,False,57.79,49.20,64.59,54.23,28.65,55.62,5.16,53.90,49.46,0.82,False,-0.12,0.00,plant_clean_capacity_mw_100km;drought_share_weeks_d2plus;grid_co2_lb_mwh,0.00,,max_queue_median_age_years
139,51117,Mecklenburg,VA,False,67.11,32.13,58.05,67.86,58.35,60.66,12.48,40.57,49.42,0.87,False,0.03,-1.00,grid_co2_lb_mwh;queue_operational_mw_online_5y;plant_clean_capacity_mw_100km,0.00,,
140,51610,Falls Church,VA,False,53.74,56.45,69.42,70.32,39.01,19.22,12.48,39.36,49.40,0.80,False,-0.10,1.00,nri_drought_score;grid_co2_lb_mwh;drought_share_weeks_d2plus,0.00,,max_queue_median_age_years
141,37035,Catawba,NC,False,49.65,34.46,65.15,63.46,31.25,64.42,45.37,53.76,49.36,0.82,False,0.25,-3.00,plant_clean_capacity_mw_100km;grid_co2_lb_mwh;dc_existing_count,0.00,,max_queue_median_age_years
142,51683,Manassas,VA,False,51.44,57.88,67.41,67.18,36.83,27.90,12.48,41.24,49.22,0.80,False,-0.03,1.00,nri_drought_score;grid_co2_lb_mwh;plant_clean_capacity_mw_100km,0.00,,max_queue_median_age_years
143,45077,Pickens,SC,False,49.35,27.98,64.09,53.82,28.35,57.91,69.11,57.91,49.19,0.82,False,0.35,-5.00,plant_clean_capacity_mw_100km;industrial_price_cents_kwh;grid_co2_lb_mwh,0.00,,max_queue_median_age_years
144,37109,Lincoln,NC,False,54.77,36.61,59.13,51.05,30.74,59.38,45.37,52.79,49.10,0.82,False,0.18,-2.00,plant_clean_capacity_mw_100km;grid_co2_lb_mwh;plant_capacity_mw_100km,0.00,,max_queue_median_age_years
145,33001,Belknap,NH,False,55.29,58.86,52.59,45.81,39.59,53.52,2.94,56.10,49.07,0.82,False,-0.11,2.00,cdd_2050_rcp85;grid_co2_lb_mwh;drought_share_weeks_d2plus,0.00,,max_queue_median_age_years
146,51685,Manassas Park,VA,False,51.71,58.02,63.44,69.31,20.77,43.41,12.48,37.26,48.84,0.82,False,-0.01,-1.00,nri_drought_score;grid_co2_lb_mwh;plant_clean_capacity_mw_100km,0.00,,max_queue_median_age_years
147,45045,Greenville,SC,False,50.43,23.14,60.02,58.60,32.87,58.86,69.11,61.47,48.77,0.84,False,0.24,-3.00,plant_clean_capacity_mw_100km;industrial_price_cents_kwh;grid_co2_lb_mwh,0.00,,max_queue_median_age_years
148,45037,Edgefield,SC,False,51.90,27.34,50.17,62.73,55.83,45.29,69.11,55.89,48.76,0.82,False,0.70,-7.00,plant_clean_capacity_mw_100km;industrial_price_cents_kwh;grid_co2_lb_mwh,0.00,,max_queue_median_age_years
149,51109,Louisa,VA,False,62.34,44.49,58.62,51.74,53.08,49.04,12.48,38.15,48.64,0.87,False,-0.32,4.00,grid_co2_lb_mwh;queue_operational_mw_online_5y;plant_clean_capacity_mw_100km,0.00,,
150,34037,Sussex,NJ,False,54.68,54.37,58.74,67.69,28.29,70.76,3.96,29.32,48.57,0.82,False,0.10,-2.00,cdd_2050_rcp85;queue_operational_mw_online_5y;drought_share_weeks_d2plus,0.00,,max_queue_median_age_years
151,33013,Merrimack,NH,False,54.61,58.35,49.38,42.54,50.65,55.28,2.94,53.73,48.49,0.84,False,-0.09,2.00,cdd_2050_rcp85;grid_co2_lb_mwh;drought_share_weeks_d2plus,0.00,,max_queue_median_age_years
152,37063,Durham,NC,False,54.73,30.49,58.13,71.06,21.79,58.85,45.37,51.55,48.47,0.87,False,-0.03,1.00,grid_co2_lb_mwh;plant_clean_capacity_mw_100km;nri_heat_wave_score,0.00,,
153,37023,Burke,NC,False,49.45,39.69,58.79,51.85,30.81,68.00,45.37,45.00,48.21,0.82,False,0.31,-3.00,plant_clean_capacity_mw_100km;grid_co2_lb_mwh;plant_capacity_mw_100km,0.00,,max_queue_median_age_years
154,51037,Charlotte,VA,False,60.85,35.62,60.34,61.78,60.98,54.79,12.48,38.76,47.97,0.87,False,-0.22,1.00,queue_active_mw_clean_excl_storage;grid_co2_lb_mwh;drought_share_weeks_d2plus,0.00,,
155,51107,Loudoun,VA,False,52.81,53.08,65.68,60.16,31.38,46.25,12.48,33.25,47.97,0.87,False,-0.12,1.00,grid_co2_lb_mwh;water_stress_2050;drought_share_weeks_d2plus,0.00,,
156,37067,Forsyth,NC,False,48.80,29.13,59.98,62.11,36.12,67.58,45.37,53.62,47.54,0.84,False,-0.08,88.00,grid_co2_lb_mwh;plant_clean_capacity_mw_100km;nri_wildfire_score,0.00,,max_queue_median_age_years
157,34019,Hunterdon,NJ,False,60.16,47.35,58.44,50.76,22.81,64.20,3.96,38.31,47.36,0.82,False,0.34,-2.00,drought_share_weeks_d2plus;queue_operational_mw_online_5y;grid_co2_lb_mwh,0.00,,max_queue_median_age_years
158,37025,Cabarrus,NC,False,51.41,30.00,52.96,63.58,31.21,64.76,45.37,53.12,47.16,0.82,False,0.12,0.00,plant_clean_capacity_mw_100km;grid_co2_lb_mwh;plant_capacity_mw_100km,0.00,,max_queue_median_age_years
159,51147,Prince Edward,VA,False,58.60,34.92,64.61,56.77,48.89,58.61,12.48,37.15,46.98,0.87,False,0.06,-2.00,grid_co2_lb_mwh;drought_share_weeks_d2plus;plant_clean_capacity_mw_100km,0.00,,
160,51029,Buckingham,VA,False,57.41,43.49,59.41,41.66,61.60,52.38,12.48,36.93,46.95,0.87,False,-0.17,3.00,grid_co2_lb_mwh;drought_share_weeks_d2plus;plant_clean_capacity_mw_100km,0.00,,
161,51111,Lunenburg,VA,False,62.70,31.67,62.23,51.45,62.71,52.46,12.48,37.32,46.89,0.87,False,-0.04,1.00,grid_co2_lb_mwh;queue_active_mw_clean_excl_storage;plant_clean_capacity_mw_100km,0.00,,
162,51145,Powhatan,VA,False,63.26,37.01,62.84,48.94,40.38,38.59,12.48,36.67,46.21,0.84,False,-0.23,0.00,grid_co2_lb_mwh;queue_operational_mw_online_5y;plant_clean_capacity_mw_100km,0.00,,max_queue_median_age_years
163,51137,Orange,VA,False,55.12,44.15,55.31,49.79,38.23,52.13,12.48,41.02,45.81,0.84,False,-0.31,0.00,grid_co2_lb_mwh;queue_operational_mw_online_5y;drought_share_weeks_d2plus,0.00,,max_queue_median_age_years
164,51049,Cumberland,VA,False,59.23,37.92,58.93,55.94,54.41,34.79,12.48,36.92,45.72,0.84,False,-0.18,0.00,grid_co2_lb_mwh;queue_active_mw_clean_excl_storage;plant_clean_capacity_mw_100km,0.00,,
165,06077,San Joaquin,CA,False,77.45,19.55,52.58,52.93,35.20,63.78,0.95,38.19,45.35,0.84,False,0.19,0.00,grid_co2_lb_mwh;queue_operational_mw_online_5y;queue_active_mw_clean_excl_storage,0.00,,
166,06067,Sacramento,CA,False,69.41,27.28,54.91,58.62,29.96,58.67,0.95,36.73,44.96,0.84,False,0.13,-1.00,grid_co2_lb_mwh;queue_active_mw_clean_excl_storage;grid_renewable_share,0.00,,
167,51135,Nottoway,VA,False,57.13,33.75,65.93,46.52,51.02,42.99,12.48,37.86,44.93,0.84,False,-0.01,1.00,grid_co2_lb_mwh;plant_clean_capacity_mw_100km;drought_share_weeks_d2plus,0.00,,max_queue_median_age_years
168,37149,Polk,NC,False,49.53,25.91,59.29,56.86,31.73,51.24,45.37,45.07,44.55,0.82,False,0.30,-1.00,plant_clean_capacity_mw_100km;grid_co2_lb_mwh;nri_winter_score,0.00,,max_queue_median_age_years
169,51075,Goochland,VA,False,54.41,39.69,61.28,48.40,43.52,36.85,12.48,37.80,44.31,0.84,False,-0.22,1.00,grid_co2_lb_mwh;plant_clean_capacity_mw_100km;drought_share_weeks_d2plus,0.00,,max_queue_median_age_years
170,06099,Stanislaus,CA,False,75.92,20.77,52.99,38.78,36.31,65.01,0.95,35.94,44.18,0.84,False,0.42,0.00,grid_co2_lb_mwh;queue_operational_mw_online_5y;grid_renewable_share,0.00,,
171,06019,Fresno,CA,False,80.68,17.72,47.50,42.33,42.71,62.42,0.95,29.15,43.80,0.84,False,0.29,0.00,queue_active_mw_clean_excl_storage;queue_operational_mw_online_5y;grid_co2_lb_mwh,0.00,,
172,51065,Fluvanna,VA,False,46.95,40.69,59.65,62.25,42.78,37.14,12.48,36.82,43.19,0.87,False,-0.17,0.00,grid_co2_lb_mwh;drought_share_weeks_d2plus;plant_clean_capacity_mw_100km,0.00,,
173,06101,Sutter,CA,False,67.60,22.19,60.51,46.73,26.70,59.39,0.95,36.98,43.14,0.84,False,0.09,0.00,grid_co2_lb_mwh;grid_renewable_share;plant_clean_capacity_mw_100km,0.00,,
174,06031,Kings,CA,False,80.29,10.72,49.23,40.63,47.78,53.26,0.95,39.04,42.78,0.84,False,0.29,0.00,queue_active_mw_clean_excl_storage;queue_operational_mw_online_5y;grid_co2_lb_mwh,0.00,,
175,06113,Yolo,CA,False,64.62,23.93,55.37,49.89,33.93,55.86,0.95,38.12,42.47,0.80,False,0.03,0.00,grid_co2_lb_mwh;grid_renewable_share;plant_clean_capacity_mw_100km,0.00,,max_queue_median_age_years
176,51187,Warren,VA,False,45.92,42.59,53.52,50.37,21.39,56.93,12.48,38.23,42.07,0.84,False,-0.18,-1.00,grid_co2_lb_mwh;drought_share_weeks_d2plus;nri_heat_wave_score,0.00,,max_queue_median_age_years
177,51113,Madison,VA,False,47.97,44.47,49.45,53.74,35.07,32.99,12.48,38.85,41.90,0.82,False,-0.42,1.00,grid_co2_lb_mwh;drought_share_weeks_d2plus;plant_clean_capacity_mw_100km,0.00,,max_queue_median_age_years
178,51079,Greene,VA,False,48.79,43.33,52.01,49.23,22.30,37.54,12.48,37.49,41.48,0.80,False,-0.23,0.00,grid_co2_lb_mwh;drought_share_weeks_d2plus;plant_clean_capacity_mw_100km,0.00,,max_queue_median_age_years
179,06047,Merced,CA,False,67.82,16.79,48.78,36.33,40.14,55.10,0.95,31.83,39.53,0.84,False,0.26,0.00,queue_active_mw_clean_excl_storage;grid_co2_lb_mwh;grid_renewable_share,0.00,,
