fips,county,balanced,monetized,smaa,critic,entropy,revealed,borda_all,borda_no_entropy
41067,"Washington, OR",120,652,14,1,6,9,54,39
53011,"Clark, WA",7,1,5,27,338,103,50,50
53075,"Whitman, WA",3,10,1,78,318,660,49,49
53025,"Grant, WA",1,92,2,12,50,120,48,48
19163,"Scott, IA",6,611,7,6,257,122,44,44
47181,"Wayne, TN",2,560,3,208,895,1475,37,37
26163,"Wayne, MI",304,1386,16,20,9,3,36,24
48029,"Bexar, TX",1122,222,271,524,1,7,34,14
17161,"Rock Island, IL",200,1099,9,2,278,106,31,31
49035,"Salt Lake, UT",489,93,227,31,3,8,31,13
48113,"Dallas, TX",179,142,19,264,12,1,31,22
04013,"Maricopa, AZ",1421,1226,271,1116,11,2,29,19
40051,"Grady, OK",9,624,6,266,189,504,27,27
41051,"Multnomah, OR",1005,412,271,4,59,12,26,26
40097,"Mayes, OK",4,271,12,118,29,1003,26,26
48331,"Milam, TX",24,184,15,193,2,471,25,6
39155,"Trumbull, OH",13,775,4,50,64,96,25,25
32003,"Clark, NV",719,1408,240,198,4,18,20,3
36033,"Franklin, NY",986,2,271,64,392,548,19,19
17031,"Cook, IL",641,1409,202,94,5,19,18,2
36097,"Schuyler, NY",1274,3,271,202,464,778,18,18
27037,"Dakota, MN",1062,1346,271,3,23,84,18,18
36019,"Clinton, NY",1031,4,271,49,369,371,17,17
48439,"Tarrant, TX",997,158,271,397,36,4,17,17
18141,"St. Joseph, IN",102,829,54,5,42,206,16,16
53005,"Benton, WA",5,149,30,42,328,136,16,16
39061,"Hamilton, OH",923,736,271,21,21,5,16,16
53071,"Walla Walla, WA",18,8,85,157,399,477,16,16
36013,"Chautauqua, NY",1123,5,271,182,329,418,16,16
45025,"Chesterfield, SC",17,9,52,180,555,596,16,16
42091,"Montgomery, PA",1367,197,271,625,111,6,15,15
36109,"Tompkins, NY",1325,6,271,279,541,323,15,15
40001,"Adair, OK",10,364,18,337,719,1388,14,14
36063,"Niagara, NY",1097,7,271,29,47,248,14,14
08041,"El Paso, CO",530,1264,125,54,7,42,14,0
36055,"Monroe, NY",1106,23,271,7,62,31,14,14
42079,"Luzerne, PA",54,290,8,37,170,56,13,13
27123,"Ramsey, MN",1185,1289,271,8,75,33,13,13
47151,"Scott, TN",8,342,25,262,1090,854,13,13
42011,"Berks, PA",374,140,271,238,8,24,13,0
36067,"Onondaga, NY",1025,33,271,9,331,62,12,12
36029,"Erie, NY",995,40,271,10,118,28,11,11
48453,"Travis, TX",1007,239,271,440,17,14,11,7
29189,"St. Louis, MO",1150,1449,271,205,10,156,11,0
42003,"Allegheny, PA",401,1271,202,104,27,10,11,11
42033,"Clearfield, PA",94,294,10,67,199,202,11,11
16055,"Kootenai, ID",140,11,271,56,393,271,10,10
40017,"Canadian, OK",11,308,45,234,223,394,10,10
55087,"Outagamie, WI",427,1134,28,11,411,230,10,10
48131,"Duval, TX",100,280,11,775,367,1166,10,10
39035,"Cuyahoga, OH",932,712,271,59,19,13,10,8
37119,"Mecklenburg, NC",324,137,139,222,237,11,10,10
47049,"Fentress, TN",12,366,79,384,1170,1056,9,9
45069,"Marlboro, SC",28,12,48,108,402,970,9,9
17143,"Peoria, IL",266,1417,46,13,209,159,8,8
30003,"Big Horn, MT",231,167,13,461,576,1338,8,8
45041,"Florence, SC",65,13,271,365,757,463,8,8
17125,"Mason, IL",425,1504,271,35,13,594,8,0
48121,"Denton, TX",303,359,65,573,14,21,7,0
53003,"Asotin, WA",1028,14,271,633,839,1183,7,7
27053,"Hennepin, MN",1139,1320,271,19,41,16,7,7
18039,"Elkhart, IN",214,622,129,14,401,283,7,7
40119,"Payne, OK",14,150,82,223,554,236,7,7
48085,"Collin, TX",175,305,23,163,15,30,6,0
39049,"Franklin, OH",505,887,240,332,81,15,6,6
48139,"Ellis, TX",157,45,20,428,16,65,6,1
45003,"Aiken, SC",51,15,121,298,649,146,6,6
19127,"Marshall, IA",15,363,29,91,195,466,6,6
27109,"Olmsted, MN",1120,1376,271,15,112,180,6,6
17073,"Henry, IL",258,1489,27,16,375,445,5,5
05143,"Washington, AR",16,501,55,143,721,457,5,5
36091,"Saratoga, NY",1292,16,271,267,699,183,5,5
56001,"Albany, WY",532,1178,17,141,529,1156,4,4
48141,"El Paso, TX",1360,31,271,1253,688,17,4,4
36069,"Ontario, NY",1326,17,271,329,797,295,4,4
36007,"Broome, NY",1090,38,271,17,145,223,4,4
36065,"Oneida, NY",1065,18,271,28,332,113,3,3
17095,"Knox, IL",253,1460,62,18,348,641,3,3
31153,"Sarpy, NE",1329,1001,271,321,18,139,3,0
36049,"Lewis, NY",1033,19,271,76,488,880,2,2
40081,"Lincoln, OK",19,215,39,375,643,423,2,2
36075,"Oswego, NY",1089,20,271,100,428,450,1,1
40143,"Tulsa, OK",20,173,21,92,97,85,1,1
19153,"Polk, IA",23,574,123,33,197,20,1,1
55079,"Milwaukee, WI",1167,1202,271,22,20,55,1,0
05043,"Drew, AR",1166,277,271,1349,1394,1300,0,0
05045,"Faulkner, AR",222,321,271,767,985,297,0,0
05047,"Franklin, AR",957,52,271,666,957,878,0,0
05049,"Fulton, AR",1076,473,271,1203,1521,1488,0,0
05051,"Garland, AR",1048,323,271,1212,1466,657,0,0
05053,"Grant, AR",124,443,196,479,783,856,0,0
05055,"Greene, AR",504,491,271,1247,1242,745,0,0
05057,"Hempstead, AR",312,307,227,1058,718,1009,0,0
05059,"Hot Spring, AR",340,329,271,1007,1103,1066,0,0
05067,"Jackson, AR",227,788,253,798,454,931,0,0
05069,"Jefferson, AR",32,109,93,283,139,306,0,0
05071,"Johnson, AR",139,285,152,838,1355,1274,0,0
05073,"Lafayette, AR",1164,700,271,1354,689,1266,0,0
05075,"Lawrence, AR",1258,541,271,1509,1359,1354,0,0
05079,"Lincoln, AR",1135,336,271,1343,1210,1328,0,0
05081,"Little River, AR",1220,341,271,1367,1041,1212,0,0
05083,"Logan, AR",1009,270,271,1258,1475,1209,0,0
05085,"Lonoke, AR",1053,394,271,1045,1068,720,0,0
05087,"Madison, AR",963,710,271,896,1313,1498,0,0
05091,"Miller, AR",373,330,271,1139,1171,526,0,0
05093,"Mississippi, AR",167,1035,44,419,313,249,0,0
05095,"Monroe, AR",1095,398,271,1155,187,1227,0,0
05097,"Montgomery, AR",1038,312,271,1309,1428,1541,0,0
05099,"Nevada, AR",1047,727,271,917,433,1097,0,0
05103,"Ouachita, AR",138,493,129,608,423,719,0,0
05105,"Perry, AR",1006,358,271,1167,1517,1313,0,0
05111,"Poinsett, AR",325,575,220,918,479,775,0,0
05117,"Prairie, AR",1214,571,271,1485,1038,1483,0,0
05119,"Pulaski, AR",328,374,271,978,1086,204,0,0
05121,"Randolph, AR",1149,424,271,1385,1523,1387,0,0
05123,"St. Francis, AR",49,200,59,254,337,715,0,0
05125,"Saline, AR",104,262,271,540,877,189,0,0
05127,"Scott, AR",967,338,271,1051,1270,1466,0,0
05129,"Searcy, AR",978,496,271,959,1020,1482,0,0
05131,"Sebastian, AR",160,231,271,533,819,287,0,0
05133,"Sevier, AR",1132,434,271,1384,1443,1400,0,0
05135,"Sharp, AR",1248,452,271,1486,1548,1506,0,0
05137,"Stone, AR",1136,365,271,1405,1541,1516,0,0
05141,"Van Buren, AR",949,291,271,951,1367,1325,0,0
05145,"White, AR",146,384,253,742,252,586,0,0
05147,"Woodruff, AR",1207,596,271,1338,513,1197,0,0
05149,"Yell, AR",971,314,271,938,1051,1037,0,0
06019,"Fresno, CA",1560,1560,271,1456,691,176,0,0
06031,"Kings, CA",1562,1565,271,1517,266,622,0,0
06047,"Merced, CA",1565,1564,271,1531,792,864,0,0
06061,"Placer, CA",1564,1556,271,1547,1275,683,0,0
06067,"Sacramento, CA",1557,1557,271,1158,228,70,0,0
06069,"San Benito, CA",1553,1558,271,1401,1007,1096,0,0
06077,"San Joaquin, CA",1556,1561,271,1122,83,201,0,0
06099,"Stanislaus, CA",1561,1562,271,1438,703,433,0,0
06101,"Sutter, CA",1558,1563,271,1233,626,488,0,0
06113,"Yolo, CA",1559,1559,271,1413,936,485,0,0
08001,"Adams, CO",895,1282,271,621,87,71,0,0
08013,"Boulder, CO",900,1361,271,1101,163,256,0,0
08014,"Broomfield, CO",1563,1377,271,1521,1265,291,0,0
08031,"Denver, CO",1547,1400,271,903,28,26,0,0
08035,"Douglas, CO",915,1374,271,1447,1196,142,0,0
08043,"Fremont, CO",868,1391,271,1102,288,1385,0,0
08063,"Kit Carson, CO",1470,1272,271,964,545,1323,0,0
08069,"Larimer, CO",881,1287,271,761,564,281,0,0
08073,"Lincoln, CO",1507,1393,271,1290,891,1379,0,0
08081,"Moffat, CO",836,1159,72,813,710,1228,0,0
08083,"Montezuma, CO",1548,1387,271,1265,1003,1201,0,0
08087,"Morgan, CO",1491,1323,271,1189,873,1055,0,0
08101,"Pueblo, CO",858,1375,271,360,90,207,0,0
08123,"Weld, CO",896,1411,271,1109,637,197,0,0
09110,"Capitol, CT",1198,1554,271,286,143,354,0,0
09140,"Naugatuck Valley, CT",1283,1548,271,807,842,1004,0,0
09150,"Northeastern Connecticut, CT",1245,1549,271,504,634,1495,0,0
09160,"Northwest Hills, CT",1238,1547,271,583,616,1370,0,0
12001,"Alachua, FL",889,1351,271,1020,272,584,0,0
12003,"Baker, FL",1476,1196,271,923,242,1327,0,0
12023,"Columbia, FL",1542,1337,271,1378,352,1260,0,0
12039,"Gadsden, FL",907,1305,271,1452,1291,1301,0,0
12041,"Gilchrist, FL",1544,1363,271,1427,297,1542,0,0
12073,"Leon, FL",913,1428,271,1497,1289,561,0,0
12083,"Marion, FL",893,1381,271,1320,1199,678,0,0
12095,"Orange, FL",801,1259,271,502,219,125,0,0
12097,"Osceola, FL",860,1390,271,1017,1015,511,0,0
12105,"Polk, FL",714,1339,271,276,25,154,0,0
12117,"Seminole, FL",1545,1383,271,1361,1434,703,0,0
12119,"Sumter, FL",874,1388,271,830,256,975,0,0
12125,"Union, FL",912,1358,271,1402,1285,1550,0,0
13009,"Baldwin, GA",1344,961,271,1229,1036,280,0,0
13013,"Barrow, GA",1321,842,271,1042,1240,406,0,0
13015,"Bartow, GA",561,504,271,765,790,286,0,0
13017,"Ben Hill, GA",1379,1052,271,1350,1442,1272,0,0
13021,"Bibb, GA",1391,966,271,1394,294,178,0,0
13023,"Bleckley, GA",1388,1016,271,1461,1508,963,0,0
13025,"Brantley, GA",683,979,271,1396,1498,1426,0,0
13033,"Burke, GA",206,570,271,616,251,686,0,0
13035,"Butts, GA",1416,909,271,1415,1501,449,0,0
13037,"Calhoun, GA",820,863,271,1443,261,1383,0,0
13043,"Candler, GA",1251,891,271,1163,1334,1079,0,0
13047,"Catoosa, GA",1308,875,271,1270,1468,262,0,0
13053,"Chattahoochee, GA",815,677,271,1272,599,441,0,0
13055,"Chattooga, GA",563,783,271,1213,1377,956,0,0
13057,"Cherokee, GA",1111,816,271,344,677,134,0,0
13059,"Clarke, GA",1373,959,271,1315,747,196,0,0
13063,"Clayton, GA",1094,895,271,609,289,110,0,0
13069,"Coffee, GA",628,839,271,1081,1056,1053,0,0
13071,"Colquitt, GA",713,1073,271,1198,346,1103,0,0
13073,"Columbia, GA",1420,993,271,1465,1502,308,0,0
13077,"Coweta, GA",310,417,176,220,35,94,0,0
13079,"Crawford, GA",711,795,271,1254,1226,1078,0,0
13081,"Crisp, GA",876,954,271,1554,1485,1368,0,0
13083,"Dade, GA",1156,612,271,1184,1450,833,0,0
13085,"Dawson, GA",1378,741,271,1300,1436,957,0,0
13091,"Dodge, GA",1202,704,271,1031,857,986,0,0
13093,"Dooly, GA",821,903,271,1528,1385,1175,0,0
13095,"Dougherty, GA",1177,916,271,871,43,242,0,0
13097,"Douglas, GA",1200,809,271,630,122,194,0,0
13103,"Effingham, GA",417,859,271,755,31,377,0,0
13105,"Elbert, GA",642,835,271,1076,1088,766,0,0
13107,"Emanuel, GA",294,977,271,656,888,609,0,0
13109,"Evans, GA",745,933,271,1436,1514,1414,0,0
13111,"Fannin, GA",518,535,271,1234,1476,809,0,0
13113,"Fayette, GA",1253,771,271,1092,233,119,0,0
13115,"Floyd, GA",414,521,271,561,102,240,0,0
13117,"Forsyth, GA",1255,801,271,952,1223,186,0,0
13119,"Franklin, GA",706,862,271,1306,1445,993,0,0
13121,"Fulton, GA",201,889,181,74,65,25,0,0
13131,"Grady, GA",668,1129,271,1235,1249,1278,0,0
13133,"Greene, GA",1419,982,271,1543,1556,1199,0,0
13135,"Gwinnett, GA",1191,804,271,710,126,22,0,0
13137,"Habersham, GA",1138,869,271,596,1098,499,0,0
13139,"Hall, GA",1154,851,271,529,812,115,0,0
13141,"Hancock, GA",1112,447,271,890,647,739,0,0
13143,"Haralson, GA",610,747,271,1125,1338,955,0,0
13145,"Harris, GA",1477,942,271,1552,1563,674,0,0
13147,"Hart, GA",1269,892,271,916,221,509,0,0
13149,"Heard, GA",416,464,271,497,26,729,0,0
13151,"Henry, GA",1365,953,271,1250,1417,76,0,0
13153,"Houston, GA",1447,983,271,1368,259,130,0,0
13155,"Irwin, GA",586,1077,271,988,740,1231,0,0
13157,"Jackson, GA",1241,879,271,848,969,198,0,0
13159,"Jasper, GA",725,923,271,1283,1262,764,0,0
13161,"Jeff Davis, GA",510,856,271,702,204,1171,0,0
13163,"Jefferson, GA",218,409,271,374,127,375,0,0
13165,"Jenkins, GA",548,865,271,1156,1047,1252,0,0
13167,"Johnson, GA",1287,995,271,1380,1455,934,0,0
13169,"Jones, GA",1393,994,271,1444,1524,502,0,0
13175,"Laurens, GA",1093,675,271,652,236,314,0,0
13181,"Lincoln, GA",468,940,271,1080,1307,1265,0,0
13183,"Long, GA",790,956,271,1508,1527,1535,0,0
13185,"Lowndes, GA",773,1106,271,1276,1370,728,0,0
13187,"Lumpkin, GA",1277,685,271,1186,1424,677,0,0
13189,"McDuffie, GA",695,1230,271,1062,920,706,0,0
13193,"Macon, GA",502,827,271,1003,207,939,0,0
13195,"Madison, GA",735,849,271,1337,1471,740,0,0
13197,"Marion, GA",684,740,271,1302,1136,1188,0,0
13199,"Meriwether, GA",589,698,271,999,1024,610,0,0
13209,"Montgomery, GA",703,886,271,1321,309,1371,0,0
13211,"Morgan, GA",803,950,271,1511,1546,930,0,0
13213,"Murray, GA",666,790,271,1365,1491,756,0,0
13215,"Muscogee, GA",1337,800,271,1352,342,149,0,0
13219,"Oconee, GA",1461,918,271,1524,1544,438,0,0
13221,"Oglethorpe, GA",1382,883,271,1389,1418,914,0,0
13225,"Peach, GA",1439,951,271,1466,671,753,0,0
13227,"Pickens, GA",1364,755,271,1348,1469,1039,0,0
13229,"Pierce, GA",795,958,271,1332,1329,1299,0,0
13235,"Pulaski, GA",1424,1079,271,1539,1494,1262,0,0
13241,"Rabun, GA",560,844,271,1259,1076,1044,0,0
13243,"Randolph, GA",658,806,271,1228,580,1076,0,0
13245,"Richmond, GA",1369,948,271,1326,1427,296,0,0
13247,"Rockdale, GA",1271,870,271,906,1124,302,0,0
13255,"Spalding, GA",1289,719,271,1127,1341,218,0,0
13263,"Talbot, GA",464,631,271,626,108,400,0,0
13269,"Taylor, GA",657,779,271,1287,1058,1112,0,0
13271,"Telfair, GA",1405,1074,271,1393,991,1263,0,0
13273,"Terrell, GA",467,807,271,672,165,786,0,0
13277,"Tift, GA",1463,1037,271,1376,1321,1189,0,0
13279,"Toombs, GA",618,837,271,946,245,1006,0,0
13281,"Towns, GA",636,694,271,1310,1516,995,0,0
13283,"Treutlen, GA",1316,1055,271,1360,1449,1410,0,0
13285,"Troup, GA",543,949,271,842,280,447,0,0
13287,"Turner, GA",738,1020,271,1218,959,1406,0,0
13289,"Twiggs, GA",1328,1046,271,1239,811,626,0,0
13291,"Union, GA",403,468,271,979,1402,788,0,0
13293,"Upson, GA",612,722,271,1063,1303,725,0,0
13297,"Walton, GA",1284,864,271,907,186,148,0,0
13299,"Ware, GA",623,1093,271,1215,1156,1110,0,0
13301,"Warren, GA",503,396,271,947,465,681,0,0
13303,"Washington, GA",133,401,134,357,49,263,0,0
13305,"Wayne, GA",681,893,271,1311,1441,1322,0,0
13309,"Wheeler, GA",1327,1075,271,1232,1197,1373,0,0
13311,"White, GA",1170,644,271,996,1345,659,0,0
13313,"Whitfield, GA",1057,882,271,526,114,265,0,0
13315,"Wilcox, GA",1370,1100,271,1371,1060,1462,0,0
13317,"Wilkes, GA",511,881,271,1200,1055,824,0,0
13319,"Wilkinson, GA",1361,990,271,1297,988,988,0,0
13321,"Worth, GA",737,926,271,1468,1497,1376,0,0
16001,"Ada, ID",329,191,227,73,72,100,0,0
16057,"Latah, ID",305,91,184,336,750,827,0,0
16069,"Nez Perce, ID",245,135,271,203,503,601,0,0
17001,"Adams, IL",514,1498,271,142,492,989,0,0
17005,"Bond, IL",1480,1505,271,1087,1390,1540,0,0
17007,"Boone, IL",1324,1279,271,148,820,820,0,0
17009,"Brown, IL",865,1474,271,571,1224,1545,0,0
17011,"Bureau, IL",356,1482,96,66,440,521,0,0
17015,"Carroll, IL",593,1256,271,366,923,817,0,0
17023,"Clark, IL",701,1543,271,424,614,1461,0,0
17025,"Clay, IL",574,1469,271,147,408,1072,0,0
17027,"Clinton, IL",877,1521,271,982,1165,1463,0,0
17029,"Coles, IL",638,1531,271,310,568,858,0,0
17033,"Crawford, IL",700,1506,271,278,668,1211,0,0
17035,"Cumberland, IL",842,1487,271,814,954,1514,0,0
17037,"DeKalb, IL",311,1348,107,25,205,257,0,0
17039,"De Witt, IL",454,1426,271,121,530,899,0,0
17041,"Douglas, IL",786,1530,271,885,1444,1446,0,0
17043,"DuPage, IL",1483,1314,271,644,284,165,0,0
17045,"Edgar, IL",473,1432,271,211,420,1213,0,0
17047,"Edwards, IL",782,1496,271,319,456,1380,0,0
17049,"Effingham, IL",804,1485,271,411,987,1158,0,0
17051,"Fayette, IL",676,1466,271,564,692,1439,0,0
17053,"Ford, IL",320,1448,164,97,469,1237,0,0
17055,"Franklin, IL",847,1541,271,505,534,964,0,0
17057,"Fulton, IL",459,1501,159,61,366,581,0,0
17061,"Greene, IL",549,1440,271,136,359,1239,0,0
17065,"Hamilton, IL",685,1453,271,195,414,1023,0,0
17077,"Jackson, IL",851,1535,271,805,875,996,0,0
17079,"Jasper, IL",648,1533,271,253,77,1384,0,0
17081,"Jefferson, IL",770,1536,271,445,695,1033,0,0
17083,"Jersey, IL",1432,1486,271,577,1153,1464,0,0
17085,"Jo Daviess, IL",452,1238,253,280,1062,810,0,0
17087,"Johnson, IL",838,1511,271,591,978,1429,0,0
17089,"Kane, IL",805,1297,271,189,537,167,0,0
17093,"Kendall, IL",1443,1532,271,263,519,638,0,0
17103,"Lee, IL",529,1404,271,177,506,421,0,0
17107,"Logan, IL",539,1493,271,185,516,564,0,0
17109,"McDonough, IL",552,1529,208,55,358,948,0,0
17111,"McHenry, IL",854,1368,271,388,563,320,0,0
17113,"McLean, IL",398,1481,271,162,630,388,0,0
17115,"Macon, IL",499,1523,139,112,383,339,0,0
17117,"Macoupin, IL",482,1483,271,82,99,555,0,0
17119,"Madison, IL",823,1526,271,400,107,627,0,0
17121,"Marion, IL",717,1538,271,274,518,1270,0,0
17123,"Marshall, IL",542,1471,271,139,505,887,0,0
17127,"Massac, IL",1533,1507,271,1333,1446,1455,0,0
17129,"Menard, IL",729,1476,271,272,831,1038,0,0
17131,"Mercer, IL",491,1477,196,80,455,1317,0,0
17133,"Monroe, IL",1554,1492,271,1424,1509,1425,0,0
17135,"Montgomery, IL",472,1528,271,135,66,1069,0,0
17145,"Perry, IL",796,1542,271,477,610,1284,0,0
17147,"Piatt, IL",688,1490,271,448,1040,1216,0,0
17155,"Putnam, IL",456,1443,271,46,100,1214,0,0
17157,"Randolph, IL",718,1499,271,307,89,949,0,0
17159,"Richland, IL",760,1488,271,508,1043,1369,0,0
17163,"St. Clair, IL",894,1522,271,1071,729,562,0,0
17167,"Sangamon, IL",385,1465,271,53,93,213,0,0
17169,"Schuyler, IL",810,1478,271,517,815,1509,0,0
17173,"Shelby, IL",577,1464,271,503,693,1275,0,0
17175,"Stark, IL",624,1517,271,152,357,1060,0,0
17177,"Stephenson, IL",477,1380,142,128,200,489,0,0
17179,"Tazewell, IL",365,1429,120,39,437,225,0,0
17181,"Union, IL",1511,1502,271,1303,1333,1472,0,0
17183,"Vermilion, IL",285,1423,24,85,95,848,0,0
17185,"Wabash, IL",746,1491,271,206,485,1192,0,0
17187,"Warren, IL",744,1479,271,300,605,1250,0,0
17189,"Washington, IL",870,1555,271,887,821,1501,0,0
17191,"Wayne, IL",659,1495,271,359,697,1306,0,0
17193,"White, IL",822,1497,271,565,526,1149,0,0
17195,"Whiteside, IL",292,1403,87,38,334,352,0,0
17197,"Will, IL",591,1278,271,119,53,163,0,0
17199,"Williamson, IL",545,1503,240,77,142,757,0,0
17201,"Winnebago, IL",445,1089,70,26,416,203,0,0
18001,"Adams, IN",694,1095,271,269,793,1167,0,0
18005,"Bartholomew, IN",759,1227,271,487,264,593,0,0
18007,"Benton, IN",475,1328,271,175,441,1261,0,0
18013,"Brown, IN",864,1242,271,1103,1420,1413,0,0
18015,"Carroll, IN",849,1220,271,1142,1473,1480,0,0
18019,"Clark, IN",1404,1199,271,426,705,454,0,0
18021,"Clay, IN",763,1219,271,546,915,1016,0,0
18023,"Clinton, IN",625,1150,271,299,717,926,0,0
18027,"Daviess, IN",818,1260,271,600,872,915,0,0
18031,"Decatur, IN",848,1250,271,1047,1166,1229,0,0
18035,"Delaware, IN",1346,1151,271,489,561,840,0,0
18037,"Dubois, IN",531,1288,271,164,583,701,0,0
18043,"Floyd, IN",1352,1166,271,557,154,776,0,0
18051,"Gibson, IN",546,873,271,174,148,619,0,0
18057,"Hamilton, IN",1227,1180,271,179,235,182,0,0
18059,"Hancock, IN",1464,1181,271,860,1220,968,0,0
18063,"Hendricks, IN",1502,1237,271,1044,1320,597,0,0
18067,"Howard, IN",1254,1133,271,145,501,576,0,0
18071,"Jackson, IN",727,1217,271,443,862,754,0,0
18075,"Jay, IN",647,1343,271,452,547,1347,0,0
18077,"Jefferson, IN",1462,1177,271,1208,1430,1238,0,0
18079,"Jennings, IN",1495,1244,271,1375,1489,1235,0,0
18081,"Johnson, IN",1496,1214,271,969,1260,512,0,0
18083,"Knox, IN",470,908,271,160,137,615,0,0
18085,"Kosciusko, IN",582,1078,271,191,650,578,0,0
18087,"LaGrange, IN",600,1319,271,252,678,819,0,0
18089,"Lake, IN",301,1341,57,47,22,255,0,0
18091,"LaPorte, IN",350,1352,271,110,429,733,0,0
18093,"Lawrence, IN",1481,1229,271,1185,1357,1080,0,0
18097,"Marion, IN",1275,1241,271,87,68,41,0,0
18105,"Monroe, IN",1349,1197,271,373,979,645,0,0
18109,"Morgan, IN",1392,1208,271,808,213,767,0,0
18111,"Newton, IN",369,1113,271,188,596,1123,0,0
18113,"Noble, IN",617,1009,271,199,661,789,0,0
18115,"Ohio, IN",1413,1261,271,1150,1478,1460,0,0
18117,"Orange, IN",1294,1182,271,734,1281,1310,0,0
18119,"Owen, IN",1428,1235,271,1083,1447,1405,0,0
18121,"Parke, IN",747,1156,271,933,1393,1305,0,0
18123,"Perry, IN",1345,1228,271,821,1330,1268,0,0
18127,"Porter, IN",1183,871,271,144,71,518,0,0
18129,"Posey, IN",649,1306,271,243,101,831,0,0
18135,"Randolph, IN",437,860,271,259,480,1242,0,0
18137,"Ripley, IN",692,1135,271,578,945,1088,0,0
18139,"Rush, IN",785,1183,271,757,772,1332,0,0
18143,"Scott, IN",1459,1239,271,1041,1347,1218,0,0
18145,"Shelby, IN",853,1243,271,705,961,910,0,0
18147,"Spencer, IN",866,1362,271,1104,1119,1104,0,0
18151,"Steuben, IN",708,991,271,481,1158,1032,0,0
18153,"Sullivan, IN",558,1280,271,218,487,947,0,0
18155,"Switzerland, IN",1340,1130,271,883,1300,1294,0,0
18157,"Tippecanoe, IN",297,1191,196,24,438,270,0,0
18159,"Tipton, IN",726,1168,271,528,781,1303,0,0
18161,"Union, IN",840,1186,271,1242,1438,1515,0,0
18163,"Vanderburgh, IN",1355,1215,271,486,784,235,0,0
18165,"Vermillion, IN",650,1160,271,462,527,1131,0,0
18167,"Vigo, IN",1145,901,271,115,70,414,0,0
18169,"Wabash, IN",797,1137,271,708,912,1082,0,0
18171,"Warren, IN",776,1112,271,941,1277,1551,0,0
18175,"Washington, IN",1354,1171,271,845,1343,1343,0,0
18177,"Wayne, IN",590,1154,271,277,504,573,0,0
18179,"Wells, IN",845,1161,271,940,1319,1311,0,0
18181,"White, IN",388,1213,271,183,574,1165,0,0
18183,"Whitley, IN",814,1092,271,604,930,971,0,0
19005,"Allamakee, IA",37,626,159,221,104,969,0,0
19007,"Appanoose, IA",368,593,271,752,566,812,0,0
19009,"Audubon, IA",419,786,271,1110,575,1029,0,0
19011,"Benton, IA",275,688,271,1025,1295,1204,0,0
19013,"Black Hawk, IA",137,648,271,335,782,185,0,0
19015,"Boone, IA",264,627,271,931,1206,749,0,0
19017,"Bremer, IA",223,589,271,611,1094,990,0,0
19019,"Buchanan, IA",91,654,271,343,585,851,0,0
19023,"Butler, IA",192,746,271,881,953,1100,0,0
19025,"Calhoun, IA",255,618,271,615,520,692,0,0
19027,"Carroll, IA",113,598,271,328,573,558,0,0
19029,"Cass, IA",296,784,271,833,621,630,0,0
19031,"Cedar, IA",150,680,271,575,1092,953,0,0
19033,"Cerro Gordo, IA",48,376,271,240,451,369,0,0
19035,"Cherokee, IA",129,621,271,457,421,540,0,0
19037,"Chickasaw, IA",181,599,271,711,817,992,0,0
19047,"Crawford, IA",106,711,271,527,618,917,0,0
19049,"Dallas, IA",86,634,271,225,132,184,0,0
19051,"Davis, IA",393,641,271,1050,1233,1176,0,0
19053,"Decatur, IA",308,655,271,911,698,730,0,0
19057,"Des Moines, IA",182,633,145,169,407,428,0,0
19059,"Dickinson, IA",79,603,179,353,768,804,0,0
19063,"Emmet, IA",163,681,271,560,538,695,0,0
19065,"Fayette, IA",114,607,271,512,588,850,0,0
19069,"Franklin, IA",84,854,253,289,339,600,0,0
19071,"Fremont, IA",415,753,271,971,578,839,0,0
19073,"Greene, IA",132,629,271,296,354,453,0,0
19075,"Grundy, IA",233,581,271,750,981,1083,0,0
19077,"Guthrie, IA",251,687,271,997,878,886,0,0
19079,"Hamilton, IA",101,638,271,570,720,779,0,0
19081,"Hancock, IA",159,670,271,513,570,771,0,0
19083,"Hardin, IA",164,773,271,587,521,787,0,0
19085,"Harrison, IA",319,658,271,934,832,1256,0,0
19087,"Henry, IA",359,1369,271,603,952,1191,0,0
19091,"Humboldt, IA",280,693,271,720,587,818,0,0
19093,"Ida, IA",265,595,271,788,687,933,0,0
19095,"Iowa, IA",241,739,271,792,1131,1010,0,0
19097,"Jackson, IA",31,702,271,317,758,806,0,0
19099,"Jasper, IA",199,555,271,612,1084,529,0,0
19101,"Jefferson, IA",418,1364,271,986,1293,1264,0,0
19105,"Jones, IA",126,692,271,586,1149,1015,0,0
19107,"Keokuk, IA",358,679,271,865,601,846,0,0
19109,"Kossuth, IA",77,668,118,281,363,446,0,0
19111,"Lee, IA",252,1395,271,646,198,1022,0,0
19113,"Linn, IA",33,326,227,57,113,123,0,0
19115,"Louisa, IA",115,378,271,348,523,958,0,0
19117,"Lucas, IA",506,590,271,1192,958,1077,0,0
19119,"Lyon, IA",217,717,271,863,1010,869,0,0
19123,"Mahaska, IA",191,582,271,378,624,520,0,0
19125,"Marion, IA",323,588,271,922,308,514,0,0
19129,"Mills, IA",315,805,271,891,1025,976,0,0
19135,"Monroe, IA",536,662,271,1138,733,1248,0,0
19137,"Montgomery, IA",210,780,271,758,654,632,0,0
19139,"Muscatine, IA",25,1114,220,30,130,419,0,0
19141,"O'Brien, IA",75,559,271,456,704,542,0,0
19143,"Osceola, IA",122,561,271,439,502,777,0,0
19145,"Page, IA",47,682,271,176,381,277,0,0
19151,"Pocahontas, IA",186,592,271,368,326,432,0,0
19155,"Pottawattamie, IA",36,751,271,256,52,340,0,0
19157,"Poweshiek, IA",248,672,271,800,1123,755,0,0
19161,"Sac, IA",127,583,271,446,470,492,0,0
19169,"Story, IA",76,564,271,227,350,212,0,0
19171,"Tama, IA",238,705,271,801,579,938,0,0
19175,"Union, IA",313,605,271,619,600,642,0,0
19179,"Wapello, IA",148,1273,271,345,443,966,0,0
19181,"Warren, IA",254,643,271,804,312,334,0,0
19183,"Washington, IA",302,1406,271,744,1009,1276,0,0
19185,"Wayne, IA",346,628,271,819,572,1028,0,0
19187,"Webster, IA",29,808,167,129,347,363,0,0
19189,"Winnebago, IA",26,356,142,149,385,579,0,0
19191,"Winneshiek, IA",188,576,271,828,1067,1120,0,0
19197,"Wright, IA",211,707,271,745,657,780,0,0
20001,"Allen, KS",698,989,271,660,471,983,0,0
20003,"Anderson, KS",736,985,271,1019,924,1243,0,0
20005,"Atchison, KS",716,934,271,990,795,977,0,0
20009,"Barton, KS",812,1104,271,1261,890,1118,0,0
20011,"Bourbon, KS",603,1257,271,682,466,894,0,0
20013,"Brown, KS",652,925,271,977,669,837,0,0
20015,"Butler, KS",772,1164,271,1037,837,1159,0,0
20021,"Cherokee, KS",841,1022,271,1187,639,1140,0,0
20027,"Clay, KS",1341,1121,271,936,509,1364,0,0
20029,"Cloud, KS",644,1115,271,686,335,1068,0,0
20031,"Coffey, KS",1307,987,271,1002,660,1230,0,0
20035,"Cowley, KS",1336,1188,271,1195,838,929,0,0
20037,"Crawford, KS",733,1021,271,809,766,650,0,0
20041,"Dickinson, KS",808,1128,271,1147,732,1448,0,0
20043,"Doniphan, KS",800,866,271,1173,934,961,0,0
20045,"Douglas, KS",535,946,271,260,176,342,0,0
20053,"Ellsworth, KS",1500,1117,271,1512,1161,1491,0,0
20055,"Finney, KS",1347,818,271,1100,709,412,0,0
20057,"Ford, KS",1338,845,271,1111,805,700,0,0
20059,"Franklin, KS",664,1015,271,723,922,959,0,0
20067,"Grant, KS",1434,1032,271,1269,775,876,0,0
20069,"Gray, KS",1458,1076,271,1432,1167,1241,0,0
20077,"Harper, KS",1426,1412,271,1291,424,705,0,0
20085,"Jackson, KS",1377,974,271,937,962,1417,0,0
20095,"Kingman, KS",1505,1218,271,1535,1082,1393,0,0
20099,"Labette, KS",722,1223,271,725,400,815,0,0
20103,"Leavenworth, KS",522,573,271,224,512,344,0,0
20107,"Linn, KS",524,1371,271,576,690,1177,0,0
20111,"Lyon, KS",496,947,271,590,694,808,0,0
20113,"McPherson, KS",765,1120,271,960,798,1309,0,0
20115,"Marion, KS",767,992,271,1170,828,1437,0,0
20117,"Marshall, KS",721,1048,271,1182,604,1255,0,0
20121,"Miami, KS",616,1126,271,662,1083,814,0,0
20123,"Mitchell, KS",1455,1118,271,1317,517,1128,0,0
20125,"Montgomery, KS",1482,1056,271,1400,785,865,0,0
20127,"Morris, KS",1222,1000,271,695,577,1432,0,0
20131,"Nemaha, KS",715,1029,271,1128,807,1244,0,0
20133,"Neosho, KS",758,986,271,1140,926,1160,0,0
20139,"Osage, KS",637,981,271,855,770,1172,0,0
20145,"Pawnee, KS",1466,1157,271,1504,825,1132,0,0
20149,"Pottawatomie, KS",1302,1087,271,803,899,1273,0,0
20151,"Pratt, KS",779,852,271,1143,595,1058,0,0
20155,"Reno, KS",1262,1194,271,1008,746,687,0,0
20159,"Rice, KS",1389,1144,271,1060,249,1222,0,0
20161,"Riley, KS",816,1070,271,1152,1213,1013,0,0
20171,"Scott, KS",1363,647,271,1079,652,1148,0,0
20175,"Seward, KS",1457,1096,271,1345,904,442,0,0
20177,"Shawnee, KS",512,965,271,351,131,330,0,0
20189,"Stevens, KS",1485,1397,271,1359,860,889,0,0
20201,"Washington, KS",1446,1081,271,1347,533,1419,0,0
20205,"Wilson, KS",806,1063,271,987,453,1021,0,0
20209,"Wyandotte, KS",1152,566,271,109,360,88,0,0
21001,"Adair, KY",428,872,271,1072,1244,1179,0,0
21005,"Anderson, KY",1021,499,271,643,1235,1048,0,0
21007,"Ballard, KY",380,776,271,953,1017,857,0,0
21009,"Barren, KY",278,1246,271,715,964,587,0,0
21011,"Bath, KY",172,483,164,460,1008,1345,0,0
21015,"Boone, KY",938,411,271,134,642,73,0,0
21017,"Bourbon, KY",288,475,227,844,1314,1361,0,0
21021,"Boyle, KY",1045,478,271,488,1042,1151,0,0
21023,"Bracken, KY",1026,635,271,873,1398,1479,0,0
21025,"Breathitt, KY",1037,1061,271,584,594,1442,0,0
21029,"Bullitt, KY",1213,565,271,1263,1352,571,0,0
21031,"Butler, KY",1063,782,271,1036,1336,1279,0,0
21035,"Calloway, KY",216,642,271,774,330,572,0,0
21037,"Campbell, KY",940,440,271,287,1013,157,0,0
21043,"Carter, KY",1087,738,271,928,1182,1412,0,0
21045,"Casey, KY",377,528,271,1237,1419,1339,0,0
21047,"Christian, KY",286,761,271,1090,1375,490,0,0
21049,"Clark, KY",1022,514,271,405,184,919,0,0
21051,"Clay, KY",1118,1050,271,1014,1029,1367,0,0
21067,"Fayette, KY",944,602,271,168,241,172,0,0
21069,"Fleming, KY",66,238,110,396,814,1253,0,0
21073,"Franklin, KY",985,623,271,547,1155,585,0,0
21075,"Fulton, KY",508,876,271,1065,590,897,0,0
21077,"Gallatin, KY",1015,664,271,827,1396,1207,0,0
21079,"Garrard, KY",376,686,271,867,314,1457,0,0
21081,"Grant, KY",88,481,111,301,1075,732,0,0
21083,"Graves, KY",38,388,154,285,752,448,0,0
21085,"Grayson, KY",1027,697,271,921,1401,1034,0,0
21093,"Hardin, KY",170,511,271,394,830,343,0,0
21097,"Harrison, KY",141,457,176,480,1005,1057,0,0
21099,"Hart, KY",395,777,271,1095,1331,1234,0,0
21111,"Jefferson, KY",952,857,271,89,61,46,0,0
21113,"Jessamine, KY",1109,615,271,749,1209,941,0,0
21115,"Johnson, KY",1083,1041,271,783,1059,1395,0,0
21117,"Kenton, KY",937,444,271,270,999,98,0,0
21121,"Knox, KY",1130,762,271,1056,1261,1147,0,0
21123,"Larue, KY",439,586,271,1123,1327,1324,0,0
21125,"Laurel, KY",1175,556,271,1175,1431,762,0,0
21131,"Leslie, KY",1075,847,271,716,632,1523,0,0
21137,"Lincoln, KY",283,585,271,534,879,1362,0,0
21139,"Livingston, KY",564,723,271,1293,1309,1326,0,0
21141,"Logan, KY",202,757,271,484,863,1008,0,0
21143,"Lyon, KY",614,649,271,1179,1298,1181,0,0
21145,"McCracken, KY",993,915,271,471,34,370,0,0
21147,"McCreary, KY",974,435,271,607,1112,838,0,0
21151,"Madison, KY",277,620,188,421,774,616,0,0
21155,"Marion, KY",269,896,271,727,1000,991,0,0
21157,"Marshall, KY",435,671,271,900,1079,636,0,0
21171,"Monroe, KY",389,720,271,1135,1145,1403,0,0
21173,"Montgomery, KY",1024,446,271,370,794,1126,0,0
21177,"Muhlenberg, KY",97,400,271,309,85,591,0,0
21179,"Nelson, KY",1064,484,271,958,1388,772,0,0
21183,"Ohio, KY",345,748,271,973,1148,1107,0,0
21185,"Oldham, KY",1043,536,271,895,1243,393,0,0
21187,"Owen, KY",1074,673,271,1114,1482,1377,0,0
21191,"Pendleton, KY",931,522,271,355,1154,874,0,0
21193,"Perry, KY",1069,970,271,437,377,1061,0,0
21199,"Pulaski, KY",1143,600,271,1281,1486,741,0,0
21205,"Rowan, KY",1020,505,271,689,1253,1245,0,0
21207,"Russell, KY",391,578,271,810,1078,994,0,0
21209,"Scott, KY",1019,545,271,515,1071,608,0,0
21211,"Shelby, KY",196,441,253,675,1272,605,0,0
21213,"Simpson, KY",236,785,271,346,871,1073,0,0
21215,"Spencer, KY",1041,488,271,679,1350,1116,0,0
21217,"Taylor, KY",1116,619,271,789,1237,1145,0,0
21219,"Todd, KY",408,822,271,1264,1490,1287,0,0
21221,"Trigg, KY",362,606,271,1236,1515,1026,0,0
21223,"Trimble, KY",1002,259,271,949,1365,1398,0,0
21225,"Union, KY",375,617,271,1069,1012,883,0,0
21227,"Warren, KY",1060,898,271,826,1255,536,0,0
21229,"Washington, KY",119,503,182,406,866,1320,0,0
21235,"Whitley, KY",1239,608,271,1374,1506,1085,0,0
21239,"Woodford, KY",982,645,271,568,265,1153,0,0
22009,"Avoyelles, LA",96,319,128,847,803,532,0,0
22011,"Beauregard, LA",1103,76,271,1536,1448,875,0,0
22015,"Bossier, LA",1153,36,271,1388,1274,205,0,0
22021,"Caldwell, LA",1247,105,271,1553,1540,1416,0,0
22025,"Catahoula, LA",322,311,193,1412,1039,984,0,0
22029,"Concordia, LA",121,275,74,876,664,648,0,0
22035,"East Carroll, LA",263,66,202,932,422,726,0,0
22037,"East Feliciana, LA",448,244,271,1459,1229,1129,0,0
22039,"Evangeline, LA",446,462,271,1479,1222,1025,0,0
22041,"Franklin, LA",220,264,227,1134,606,623,0,0
22043,"Grant, LA",465,353,271,1532,1533,1365,0,0
22049,"Jackson, LA",1100,58,271,1383,1326,1297,0,0
22059,"LaSalle, LA",1108,343,271,1476,1397,918,0,0
22061,"Lincoln, LA",1192,81,271,1409,1493,861,0,0
22065,"Madison, LA",1096,69,271,1391,861,905,0,0
22067,"Morehouse, LA",93,250,26,738,201,570,0,0
22069,"Natchitoches, LA",351,327,105,1490,1425,849,0,0
22073,"Ouachita, LA",180,170,75,785,767,224,0,0
22077,"Pointe Coupee, LA",71,71,49,536,157,577,0,0
22079,"Rapides, LA",237,212,227,1217,897,232,0,0
22081,"Red River, LA",599,123,271,1503,764,1174,0,0
22083,"Richland, LA",107,44,162,929,244,662,0,0
22085,"Sabine, LA",988,749,271,1271,749,1247,0,0
22091,"St. Helena, LA",317,245,271,1398,1317,1330,0,0
22097,"St. Landry, LA",927,192,271,1000,203,508,0,0
22115,"Vernon, LA",1032,159,271,1416,1193,1137,0,0
22119,"Webster, LA",1235,176,271,1489,1205,923,0,0
22121,"West Baton Rouge, LA",1098,78,271,1029,1130,617,0,0
22123,"West Carroll, LA",405,165,253,1171,546,498,0,0
22125,"West Feliciana, LA",316,113,240,1363,1504,1288,0,0
23001,"Androscoggin, ME",1356,1447,271,217,224,408,0,0
23007,"Franklin, ME",1161,1265,271,467,1110,1530,0,0
23017,"Oxford, ME",1160,1266,271,369,301,1259,0,0
24013,"Carroll, MD",1478,855,271,791,1099,496,0,0
24021,"Frederick, MD",1522,1410,271,835,974,723,0,0
24027,"Howard, MD",1417,750,271,367,846,111,0,0
25003,"Berkshire, MA",1013,1546,271,107,76,927,0,0
25011,"Franklin, MA",1452,1553,271,1351,1279,1471,0,0
25013,"Hampden, MA",1259,1552,271,402,336,312,0,0
25015,"Hampshire, MA",1498,1551,271,1243,1273,913,0,0
25027,"Worcester, MA",1171,1545,271,181,268,158,0,0
26005,"Allegan, MI",679,1148,271,651,648,559,0,0
26015,"Barry, MI",734,1204,271,453,840,750,0,0
26021,"Berrien, MI",640,1085,253,324,460,537,0,0
26023,"Branch, MI",407,911,271,126,164,464,0,0
26025,"Calhoun, MI",550,1405,271,235,482,435,0,0
26027,"Cass, MI",244,1094,132,44,208,461,0,0
26037,"Clinton, MI",569,1200,271,282,725,480,0,0
26045,"Eaton, MI",357,912,227,111,149,397,0,0
26057,"Gratiot, MI",479,1365,271,268,613,998,0,0
26059,"Hillsdale, MI",544,1084,271,410,713,799,0,0
26065,"Ingham, MI",337,1014,167,48,92,150,0,0
26067,"Ionia, MI",525,1398,253,340,676,614,0,0
26073,"Isabella, MI",487,998,271,187,524,545,0,0
26075,"Jackson, MI",478,1392,271,204,553,321,0,0
26077,"Kalamazoo, MI",462,1378,271,101,483,177,0,0
26081,"Kent, MI",555,1210,134,158,738,50,0,0
26085,"Lake, MI",635,1170,208,442,1147,1539,0,0
26091,"Lenawee, MI",168,914,61,65,476,200,0,0
26093,"Livingston, MI",788,1325,271,580,641,288,0,0
26099,"Macomb, MI",1409,1322,271,779,603,108,0,0
26101,"Manistee, MI",656,1169,271,582,1049,1527,0,0
26107,"Mecosta, MI",490,1251,271,314,990,1109,0,0
26111,"Midland, MI",578,1163,271,178,141,599,0,0
26113,"Missaukee, MI",667,1119,133,466,1159,1503,0,0
26117,"Montcalm, MI",232,1315,69,36,434,491,0,0
26121,"Muskegon, MI",360,815,36,69,82,273,0,0
26123,"Newaygo, MI",318,1143,32,90,609,901,0,0
26125,"Oakland, MI",761,1236,271,680,983,52,0,0
26127,"Oceana, MI",336,1252,166,96,498,1143,0,0
26133,"Osceola, MI",390,1140,106,130,627,1240,0,0
26139,"Ottawa, MI",460,1269,271,146,168,315,0,0
26149,"St. Joseph, MI",355,921,271,103,500,568,0,0
26151,"Sanilac, MI",187,1275,42,138,417,1046,0,0
26155,"Shiawassee, MI",293,978,271,95,468,420,0,0
26157,"Tuscola, MI",290,1003,215,308,497,1087,0,0
26159,"Van Buren, MI",341,1284,271,125,473,452,0,0
26161,"Washtenaw, MI",696,1345,271,438,557,112,0,0
26165,"Wexford, MI",450,1107,66,81,567,1047,0,0
27003,"Anoka, MN",1436,1344,271,237,662,368,0,0
27009,"Benton, MN",1372,1124,271,197,458,935,0,0
27011,"Big Stone, MN",1246,1088,271,132,298,1236,0,0
27013,"Blue Earth, MN",1399,1332,271,322,663,444,0,0
27015,"Brown, MN",1418,1292,271,649,939,932,0,0
27019,"Carver, MN",1330,1285,271,105,633,399,0,0
27023,"Chippewa, MN",1445,1311,271,707,701,1418,0,0
27025,"Chisago, MN",1403,1132,271,209,491,716,0,0
27033,"Cottonwood, MN",1291,1370,271,320,398,1091,0,0
27039,"Dodge, MN",1343,1302,271,339,1002,1108,0,0
27047,"Freeborn, MN",1182,1155,271,83,351,481,0,0
27049,"Goodhue, MN",1105,1162,271,43,432,539,0,0
27059,"Isanti, MN",1394,1318,271,241,800,828,0,0
27063,"Jackson, MN",1368,1384,271,469,404,952,0,0
27065,"Kanabec, MN",1471,1299,271,802,1102,1458,0,0
27067,"Kandiyohi, MN",1267,1281,271,137,319,981,0,0
27073,"Lac qui Parle, MN",1210,1301,271,71,290,774,0,0
27081,"Lincoln, MN",1298,1312,271,236,355,945,0,0
27085,"McLeod, MN",1305,1329,271,86,457,967,0,0
27091,"Martin, MN",1376,1327,271,361,415,769,0,0
27093,"Meeker, MN",1357,1335,271,265,640,1036,0,0
27095,"Mille Lacs, MN",1456,1293,271,697,1066,1390,0,0
27099,"Mower, MN",1232,1389,271,153,389,478,0,0
27101,"Murray, MN",1310,1401,271,295,322,845,0,0
27103,"Nicollet, MN",1497,1298,271,746,1141,853,0,0
27105,"Nobles, MN",1206,1142,271,216,515,826,0,0
27127,"Redwood, MN",1181,1102,271,170,344,658,0,0
27129,"Renville, MN",1348,1283,271,257,340,698,0,0
27131,"Rice, MN",1342,1313,271,250,833,665,0,0
27139,"Scott, MN",1350,1109,271,166,602,325,0,0
27141,"Sherburne, MN",1408,1146,271,212,73,574,0,0
27143,"Sibley, MN",1397,1294,271,713,1072,1098,0,0
27145,"Stearns, MN",1412,1331,271,483,906,811,0,0
27147,"Steele, MN",1301,1286,271,210,829,711,0,0
27149,"Stevens, MN",1229,1267,271,127,444,1186,0,0
27151,"Swift, MN",1323,1303,271,213,345,1277,0,0
27157,"Wabasha, MN",1260,1379,271,194,551,793,0,0
27161,"Waseca, MN",1414,1321,271,441,867,1225,0,0
27163,"Washington, MN",1429,1326,271,122,472,233,0,0
27165,"Watonwan, MN",1475,1342,271,610,481,1168,0,0
27169,"Winona, MN",1395,1304,271,418,917,862,0,0
27173,"Yellow Medicine, MN",1286,1372,271,261,333,942,0,0
28001,"Adams, MS",660,372,271,1328,1109,1269,0,0
28003,"Alcorn, MS",495,971,271,790,1044,1202,0,0
28005,"Amite, MS",1125,331,271,1266,631,1499,0,0
28007,"Attala, MS",620,838,271,1088,549,1292,0,0
28009,"Benton, MS",547,732,271,1151,1203,1556,0,0
28011,"Bolivar, MS",461,867,271,1068,403,688,0,0
28013,"Calhoun, MS",1194,760,271,1202,950,1366,0,0
28015,"Carroll, MS",1226,304,271,1319,947,1342,0,0
28017,"Chickasaw, MS",588,781,271,1010,739,1443,0,0
28019,"Choctaw, MS",633,813,271,976,686,1450,0,0
28023,"Clarke, MS",704,1108,271,1419,274,1533,0,0
28027,"Coahoma, MS",1236,344,271,782,356,1045,0,0
28029,"Copiah, MS",622,380,271,1397,1429,1374,0,0
28031,"Covington, MS",834,1007,271,1498,1297,1561,0,0
28033,"DeSoto, MS",404,833,271,395,681,175,0,0
28035,"Forrest, MS",1425,975,271,1453,1480,1319,0,0
28037,"Franklin, MS",646,410,271,1463,1217,1435,0,0
28043,"Grenada, MS",1333,665,271,1454,1433,1372,0,0
28049,"Hinds, MS",682,1027,271,1301,889,326,0,0
28051,"Holmes, MS",533,298,271,872,378,1114,0,0
28057,"Itawamba, MS",595,826,271,1107,1372,1321,0,0
28061,"Jasper, MS",451,597,271,1124,724,1504,0,0
28065,"Jefferson Davis, MS",793,935,271,1379,822,1522,0,0
28067,"Jones, MS",1335,919,271,1449,1454,1397,0,0
28069,"Kemper, MS",1217,1039,271,1180,659,1444,0,0
28071,"Lafayette, MS",1244,703,271,1157,1416,1019,0,0
28073,"Lamar, MS",540,963,271,550,24,1182,0,0
28075,"Lauderdale, MS",1431,1031,271,1510,1439,1099,0,0
28077,"Lawrence, MS",1451,558,271,1546,1499,1560,0,0
28079,"Leake, MS",1400,1023,271,1518,1462,1564,0,0
28081,"Lee, MS",551,832,271,700,907,620,0,0
28083,"Leflore, MS",601,368,271,1061,450,825,0,0
28085,"Lincoln, MS",771,470,271,1470,1520,1296,0,0
28087,"Lowndes, MS",661,945,271,1130,179,796,0,0
28089,"Madison, MS",557,997,271,956,276,588,0,0
28093,"Marshall, MS",289,734,271,665,910,1084,0,0
28097,"Montgomery, MS",572,263,271,962,611,1127,0,0
28099,"Neshoba, MS",1385,1002,271,1467,1463,1553,0,0
28101,"Newton, MS",1411,1036,271,1516,1477,1563,0,0
28103,"Noxubee, MS",1272,927,271,1335,629,1476,0,0
28105,"Oktibbeha, MS",1423,858,271,1425,1470,1289,0,0
28107,"Panola, MS",447,279,271,794,932,922,0,0
28111,"Perry, MS",498,1123,271,1194,933,1529,0,0
28113,"Pike, MS",1490,549,271,1558,1536,1517,0,0
28115,"Pontotoc, MS",1265,759,271,1224,1421,1331,0,0
28117,"Prentiss, MS",570,817,271,1028,1322,1434,0,0
28121,"Rankin, MS",751,1136,271,1323,1100,946,0,0
28123,"Scott, MS",673,1026,271,1162,232,1487,0,0
28127,"Simpson, MS",766,519,271,1480,1211,1526,0,0
28129,"Smith, MS",1332,509,271,1484,1415,1524,0,0
28131,"Stone, MS",1453,1165,271,1513,1510,1546,0,0
28133,"Sunflower, MS",516,474,271,1085,368,873,0,0
28137,"Tate, MS",1223,266,271,1067,1369,1251,0,0
28139,"Tippah, MS",488,793,271,866,1181,1438,0,0
28141,"Tishomingo, MS",455,745,271,884,1189,1308,0,0
28143,"Tunica, MS",1300,1131,271,1129,394,1111,0,0
28145,"Union, MS",1264,737,271,1039,1324,1391,0,0
28147,"Walthall, MS",1390,550,271,1502,1472,1547,0,0
28149,"Warren, MS",730,361,271,1430,1280,937,0,0
28153,"Wayne, MS",436,1019,271,1221,1054,1544,0,0
28155,"Webster, MS",1250,731,271,1241,1254,1453,0,0
28159,"Winston, MS",1228,1018,271,1177,982,1493,0,0
28161,"Yalobusha, MS",1230,287,271,1273,1219,1285,0,0
29001,"Adair, MO",674,1416,271,585,963,1440,0,0
29003,"Andrew, MO",819,960,271,1197,1414,893,0,0
29007,"Audrain, MO",501,1420,271,401,700,1200,0,0
29009,"Barry, MO",1387,1203,271,1136,1105,1170,0,0
29011,"Barton, MO",852,1090,271,1238,1026,1290,0,0
29013,"Bates, MO",567,1045,271,836,1169,1020,0,0
29017,"Bollinger, MO",742,1468,271,1141,905,1456,0,0
29019,"Boone, MO",606,1442,271,769,307,822,0,0
29021,"Buchanan, MO",424,885,271,88,413,143,0,0
29023,"Butler, MO",869,1291,271,1387,1387,1119,0,0
29025,"Caldwell, MO",857,1427,271,1336,1459,1549,0,0
29031,"Cape Girardeau, MO",830,1467,271,1086,1118,781,0,0
29033,"Carroll, MO",757,955,271,771,430,916,0,0
29037,"Cass, MO",686,1042,271,476,716,293,0,0
29039,"Cedar, MO",764,1011,271,926,1236,1318,0,0
29043,"Christian, MO",897,1459,271,1472,1519,1163,0,0
29047,"Clay, MO",1173,1413,271,117,194,260,0,0
29049,"Clinton, MO",825,1457,271,1193,1457,1382,0,0
29051,"Cole, MO",873,1444,271,1164,1437,912,0,0
29053,"Cooper, MO",672,1435,271,659,980,1208,0,0
29055,"Crawford, MO",634,1434,271,991,1286,1402,0,0
29061,"Daviess, MO",780,980,271,914,673,1135,0,0
29063,"DeKalb, MO",824,1425,271,1280,1216,1349,0,0
29067,"Douglas, MO",1435,1470,271,1403,1460,1557,0,0
29069,"Dunklin, MO",885,1043,271,1299,804,348,0,0
29071,"Franklin, MO",828,1454,271,1289,1395,1117,0,0
29075,"Gentry, MO",791,1441,271,1118,711,1196,0,0
29077,"Greene, MO",342,766,271,72,151,109,0,0
29081,"Harrison, MO",691,943,271,981,682,860,0,0
29083,"Henry, MO",731,1463,271,777,138,1298,0,0
29089,"Howard, MO",768,1431,271,1188,1316,1521,0,0
29097,"Jasper, MO",783,938,271,902,171,436,0,0
29099,"Jefferson, MO",1380,1456,271,975,140,707,0,0
29101,"Johnson, MO",670,920,271,747,1180,409,0,0
29107,"Lafayette, MO",690,910,271,614,1077,1041,0,0
29109,"Lawrence, MO",754,1010,271,692,893,943,0,0
29111,"Lewis, MO",794,1437,271,1117,1353,1537,0,0
29113,"Lincoln, MO",413,1402,271,306,741,830,0,0
29115,"Linn, MO",749,1439,271,1075,809,1494,0,0
29117,"Livingston, MO",813,1436,271,1277,447,1481,0,0
29119,"McDonald, MO",833,1274,271,1284,1412,1295,0,0
29121,"Macon, MO",527,1472,271,589,645,1408,0,0
29127,"Marion, MO",710,1445,271,701,886,1407,0,0
29131,"Miller, MO",1484,1452,271,1433,1528,1531,0,0
29133,"Mississippi, MO",844,1475,271,1001,658,1101,0,0
29135,"Moniteau, MO",743,1430,271,823,1283,1399,0,0
29137,"Monroe, MO",613,1424,271,820,1037,1534,0,0
29139,"Montgomery, MO",677,1450,271,762,984,1381,0,0
29143,"New Madrid, MO",846,1537,271,920,372,760,0,0
29145,"Newton, MO",1467,1152,271,1340,1358,1267,0,0
29147,"Nodaway, MO",1180,1359,271,667,670,506,0,0
29153,"Ozark, MO",1486,1484,271,1494,1534,1559,0,0
29155,"Pemiscot, MO",1504,1534,271,1204,536,950,0,0
29157,"Perry, MO",861,1458,271,1346,1512,1507,0,0
29159,"Pettis, MO",762,1422,271,739,1073,1142,0,0
29161,"Phelps, MO",827,1446,271,1145,1453,1291,0,0
29163,"Pike, MO",651,1433,271,968,1406,1465,0,0
29165,"Platte, MO",583,922,271,399,277,267,0,0
29177,"Ray, MO",621,932,271,521,841,746,0,0
29185,"St. Clair, MO",817,1060,271,1252,1363,1427,0,0
29187,"St. Francois, MO",837,1461,271,1166,1426,1281,0,0
56031,"Platte, WY",669,172,104,718,384,1254,0,0
29195,"Saline, MO",580,1421,271,572,275,1486,0,0
29205,"Shelby, MO",732,1418,271,868,754,1468,0,0
29207,"Stoddard, MO",855,1500,271,1279,925,1334,0,0
29211,"Sullivan, MO",538,1419,271,354,365,1422,0,0
29213,"Taney, MO",1537,1473,271,1520,1547,1329,0,0
29217,"Vernon, MO",752,1053,271,1021,836,829,0,0
29219,"Warren, MO",609,1438,271,393,849,1054,0,0
29221,"Washington, MO",712,1451,271,1126,1386,1520,0,0
29510,"St. Louis, MO",1366,1455,271,386,317,145,0,0
01001,"Autauga, AL",654,706,271,1304,234,654,0,0
31003,"Antelope, NE",777,1065,271,1054,463,1093,0,0
31011,"Boone, NE",1516,1138,271,1541,896,1469,0,0
31023,"Butler, NE",1515,1187,271,1481,943,1430,0,0
31025,"Cass, NE",1358,803,271,1099,1034,868,0,0
31027,"Cedar, NE",1415,1038,271,1422,935,1161,0,0
31033,"Cheyenne, NE",1501,1296,271,1519,911,1122,0,0
31035,"Clay, NE",1523,1216,271,1538,1186,1436,0,0
31043,"Dakota, NE",769,1004,271,859,908,797,0,0
31051,"Dixon, NE",1433,1049,271,1377,874,1351,0,0
31055,"Douglas, NE",1221,689,271,167,48,45,0,0
31059,"Fillmore, NE",1489,1211,271,1308,548,1198,0,0
31067,"Gage, NE",575,1062,271,888,751,1059,0,0
31081,"Hamilton, NE",1529,1212,271,1551,1552,1505,0,0
31089,"Holt, NE",1384,1025,271,1199,665,965,0,0
31093,"Howard, NE",1551,1206,271,1565,1561,1552,0,0
31095,"Jefferson, NE",1460,1222,271,1327,522,1360,0,0
31097,"Johnson, NE",1398,1127,271,1292,955,1532,0,0
31107,"Knox, NE",1449,1067,271,1469,870,1210,0,0
31109,"Lancaster, NE",541,1205,271,288,214,116,0,0
31111,"Lincoln, NE",831,1080,271,1445,1351,1138,0,0
31119,"Madison, NE",1487,1153,271,1462,1252,1185,0,0
31127,"Nemaha, NE",1233,691,271,554,410,795,0,0
31131,"Otoe, NE",1299,1024,271,980,1023,1000,0,0
31141,"Platte, NE",829,1185,271,1334,1400,1205,0,0
31143,"Polk, NE",1538,1234,271,1555,1183,1513,0,0
31147,"Richardson, NE",1288,1097,271,768,386,649,0,0
31151,"Saline, NE",1514,1224,271,1542,1531,1536,0,0
01005,"Barbour, AL",568,819,271,1435,1432,1195,0,0
31155,"Saunders, NE",1430,1072,271,1370,315,1224,0,0
31159,"Seward, NE",1520,1198,271,1537,1529,1496,0,0
31177,"Washington, NE",863,1069,271,1231,1095,1152,0,0
31179,"Wayne, NE",1474,1110,271,1442,1191,1350,0,0
31185,"York, NE",890,1248,271,1533,1511,1477,0,0
01007,"Bibb, AL",807,1059,271,1544,1559,1336,0,0
32510,"Carson City, NV",1508,459,271,463,511,402,0,0
33001,"Belknap, NH",1444,1509,271,944,1173,1510,0,0
33003,"Carroll, NH",1225,1513,271,623,1096,1562,0,0
33005,"Cheshire, NH",1134,1514,271,350,927,1525,0,0
33011,"Hillsborough, NH",1114,1508,271,331,271,497,0,0
33013,"Merrimack, NH",1401,1512,271,1064,1185,1359,0,0
33019,"Sullivan, NH",1281,1510,271,601,916,1565,0,0
34019,"Hunterdon, NJ",1517,1356,271,898,370,301,0,0
34027,"Morris, NJ",1454,1300,271,552,304,102,0,0
34031,"Passaic, NJ",1473,1308,271,618,951,140,0,0
34035,"Somerset, NJ",1534,1367,271,1245,1146,245,0,0
34037,"Sussex, NJ",1437,1334,271,574,305,252,0,0
34041,"Warren, NJ",1526,1394,271,1120,324,592,0,0
35009,"Curry, NM",996,56,271,1078,941,234,0,0
36001,"Albany, NY",1189,30,271,23,390,79,0,0
01009,"Blount, AL",728,962,271,1529,1560,1184,0,0
36009,"Cattaraugus, NY",1084,35,271,84,379,552,0,0
01011,"Bullock, AL",629,928,271,1295,727,1075,0,0
36015,"Chemung, NY",1256,22,271,45,320,171,0,0
01013,"Butler, AL",517,877,271,893,532,1363,0,0
36021,"Columbia, NY",1163,27,271,159,478,307,0,0
36023,"Cortland, NY",1252,41,271,120,426,1017,0,0
01015,"Calhoun, AL",562,796,271,1211,218,392,0,0
36031,"Essex, NY",1144,28,271,275,592,881,0,0
01021,"Chilton, AL",678,878,271,1473,1554,911,0,0
36035,"Fulton, NY",1240,25,271,171,542,646,0,0
36041,"Hamilton, NY",1131,29,271,273,929,1502,0,0
01027,"Clay, AL",1279,884,271,1527,1562,1518,0,0
36053,"Madison, NY",1169,456,271,150,418,602,0,0
01031,"Coffee, AL",720,952,271,1492,1550,1144,0,0
01033,"Colbert, AL",400,957,271,523,109,655,0,0
01041,"Crenshaw, AL",1266,913,271,1431,1184,1452,0,0
55101,"Racine, WI",1469,1221,271,641,270,770,0,0
55105,"Rock, WI",381,1338,271,34,174,215,0,0
55111,"Sauk, WI",748,1515,271,522,1069,1411,0,0
55117,"Sheboygan, WI",507,1527,196,52,74,1031,0,0
36093,"Schenectady, NY",1270,26,271,106,543,168,0,0
36095,"Schoharie, NY",1126,34,271,102,448,928,0,0
55119,"Taylor, WI",611,1139,124,342,903,1146,0,0
36099,"Seneca, NY",1290,352,271,233,477,374,0,0
36101,"Steuben, NY",1107,134,271,93,382,434,0,0
55127,"Walworth, WI",523,917,184,63,535,333,0,0
36117,"Wayne, NY",1282,21,271,509,759,482,0,0
36123,"Yates, NY",1314,47,271,433,84,1086,0,0
37003,"Alexander, NC",1311,203,271,965,1194,554,0,0
37005,"Alleghany, NC",483,94,271,669,1247,895,0,0
37007,"Anson, NC",271,112,271,541,745,798,0,0
37011,"Avery, NC",528,88,271,760,1269,1162,0,0
37021,"Buncombe, NC",154,48,175,156,44,36,0,0
37023,"Burke, NC",559,198,271,729,1035,166,0,0
37025,"Cabarrus, NC",1293,310,271,894,1142,160,0,0
37027,"Caldwell, NC",471,201,271,712,295,228,0,0
37033,"Caswell, NC",597,229,271,889,1228,694,0,0
37035,"Catawba, NC",1205,214,271,519,282,104,0,0
37039,"Cherokee, NC",579,931,271,899,1306,773,0,0
37045,"Cleveland, NC",267,61,37,231,51,147,0,0
37057,"Davidson, NC",680,274,271,668,848,191,0,0
37063,"Durham, NC",1195,79,271,429,731,60,0,0
37065,"Edgecombe, NC",534,506,271,664,726,634,0,0
37067,"Forsyth, NC",1263,265,271,759,1085,51,0,0
37069,"Franklin, NC",643,224,271,948,1328,404,0,0
37071,"Gaston, NC",1071,83,271,79,63,48,0,0
37077,"Granville, NC",556,77,271,732,970,424,0,0
37081,"Guilford, NC",332,236,253,444,283,80,0,0
37083,"Halifax, NC",422,260,271,558,651,429,0,0
37087,"Haywood, NC",367,115,271,531,1114,310,0,0
37089,"Henderson, NC",1208,125,271,613,1139,124,0,0
37093,"Hoke, NC",663,309,271,637,880,791,0,0
37097,"Iredell, NC",481,254,271,358,743,82,0,0
37101,"Johnston, NC",566,194,271,780,937,327,0,0
37105,"Lee, NC",1396,261,271,1196,1356,635,0,0
37109,"Lincoln, NC",1320,241,271,635,914,227,0,0
37111,"McDowell, NC",809,202,271,1219,1325,410,0,0
37113,"Macon, NC",402,99,271,681,1215,318,0,0
55131,"Washington, WI",839,1141,271,383,858,473,0,0
37121,"Mitchell, NC",330,116,271,362,972,1062,0,0
37123,"Montgomery, NC",469,204,271,628,854,813,0,0
37125,"Moore, NC",655,278,271,1048,1305,510,0,0
37127,"Nash, NC",519,95,271,698,938,389,0,0
37145,"Person, NC",627,60,271,640,928,533,0,0
37147,"Pitt, NC",753,369,271,1274,1133,569,0,0
37149,"Polk, NC",1386,237,271,1210,1411,613,0,0
37151,"Randolph, NC",432,256,271,338,712,272,0,0
37153,"Richmond, NC",300,68,271,326,181,643,0,0
37155,"Robeson, NC",130,156,220,172,121,527,0,0
37157,"Rockingham, NC",221,55,113,154,46,229,0,0
37161,"Rutherford, NC",291,235,271,352,247,195,0,0
37167,"Stanly, NC",774,295,271,1148,1318,575,0,0
37169,"Stokes, NC",653,65,271,797,901,372,0,0
37175,"Transylvania, NC",602,103,271,817,1234,337,0,0
37179,"Union, NC",598,337,271,919,1225,284,0,0
37181,"Vance, NC",1199,249,271,525,864,405,0,0
37183,"Wake, NC",430,190,271,391,707,29,0,0
37185,"Warren, NC",537,255,271,699,748,664,0,0
37191,"Wayne, NC",371,153,271,478,123,606,0,0
37193,"Wilkes, NC",399,195,271,683,835,274,0,0
37195,"Wilson, NC",1268,289,271,861,994,437,0,0
37199,"Yancey, NC",592,106,271,854,1346,607,0,0
38015,"Burleigh, ND",480,880,253,841,1108,835,0,0
38055,"McLean, ND",171,646,22,349,427,522,0,0
38101,"Ward, ND",314,1207,227,207,597,385,0,0
39001,"Adams, OH",484,968,271,1084,1122,629,0,0
39003,"Allen, OH",1188,763,271,1091,1175,595,0,0
39005,"Ashland, OH",1276,690,271,1225,1354,800,0,0
39007,"Ashtabula, OH",349,562,131,985,1065,590,0,0
39011,"Auglaize, OH",441,714,271,1012,406,940,0,0
39015,"Brown, OH",697,724,271,1474,1537,852,0,0
39019,"Carroll, OH",429,721,271,1009,1227,628,0,0
39023,"Clark, OH",1178,767,271,778,708,231,0,0
39025,"Clermont, OH",198,614,227,151,78,57,0,0
39027,"Clinton, OH",268,695,271,427,948,292,0,0
39031,"Coshocton, OH",1219,758,271,1146,1101,844,0,0
39033,"Crawford, OH",225,684,95,290,510,807,0,0
55133,"Waukesha, WI",859,1193,271,458,865,243,0,0
39037,"Darke, OH",226,772,271,839,316,702,0,0
39039,"Defiance, OH",334,728,271,606,919,669,0,0
39041,"Delaware, OH",1196,850,271,993,325,193,0,0
39047,"Fayette, OH",453,1167,271,722,291,415,0,0
55135,"Waupaca, WI",645,1158,215,165,608,671,0,0
39051,"Fulton, OH",136,996,271,247,210,162,0,0
39055,"Geauga, OH",1133,569,271,812,1232,486,0,0
39057,"Greene, OH",1117,637,271,506,900,135,0,0
39059,"Guernsey, OH",1162,797,271,1106,1264,376,0,0
55137,"Waushara, WI",755,1544,271,511,826,1478,0,0
39067,"Harrison, OH",262,355,271,588,559,387,0,0
39069,"Henry, OH",378,754,271,1176,1405,921,0,0
39075,"Holmes, OH",1339,666,271,1358,1492,748,0,0
39077,"Huron, OH",228,625,113,468,847,603,0,0
39079,"Jackson, OH",299,476,271,490,771,356,0,0
39083,"Knox, OH",520,709,271,927,1052,556,0,0
39085,"Lake, OH",1179,604,271,925,1115,345,0,0
39091,"Logan, OH",594,794,271,1172,1187,816,0,0
39095,"Lucas, OH",1059,735,271,674,129,97,0,0
39097,"Madison, OH",363,769,271,376,135,220,0,0
39099,"Mahoning, OH",961,540,271,232,540,99,0,0
39101,"Marion, OH",343,846,271,551,735,476,0,0
39103,"Medina, OH",1157,678,271,764,1212,219,0,0
39105,"Meigs, OH",1218,810,271,1082,1113,689,0,0
39107,"Mercer, OH",409,713,271,880,1368,724,0,0
39109,"Miami, OH",1104,792,271,542,263,285,0,0
39111,"Monroe, OH",1050,653,271,544,734,903,0,0
39115,"Morgan, OH",1319,897,271,1455,1479,1027,0,0
39117,"Morrow, OH",364,1091,271,567,882,566,0,0
39119,"Muskingum, OH",1334,820,271,1475,1532,470,0,0
39121,"Noble, OH",1204,651,271,1275,1495,954,0,0
39129,"Pickaway, OH",1375,1270,271,1227,1188,275,0,0
39131,"Pike, OH",1231,812,271,1183,1361,538,0,0
39133,"Portage, OH",274,656,202,653,1177,289,0,0
39137,"Putnam, OH",259,756,173,510,231,744,0,0
39139,"Richland, OH",169,657,94,186,227,268,0,0
39141,"Ross, OH",494,814,271,1113,1404,259,0,0
39143,"Sandusky, OH",257,674,109,909,1127,709,0,0
39145,"Scioto, OH",1080,967,271,719,989,269,0,0
39147,"Seneca, OH",41,345,78,242,589,417,0,0
39149,"Shelby, OH",361,770,271,796,1201,631,0,0
39151,"Stark, OH",207,764,167,472,180,90,0,0
39153,"Summit, OH",992,774,271,293,267,107,0,0
55139,"Winnebago, WI",440,1525,253,40,436,801,0,0
39157,"Tuscarawas, OH",209,726,271,799,619,254,0,0
39159,"Union, OH",513,1012,271,721,178,336,0,0
39163,"Vinton, OH",466,828,271,857,260,675,0,0
39165,"Warren, OH",1113,676,271,726,380,75,0,0
39169,"Wayne, OH",348,661,271,703,586,244,0,0
39171,"Williams, OH",339,610,271,631,285,494,0,0
39173,"Wood, OH",153,1083,116,409,736,239,0,0
39175,"Wyandot, OH",281,696,184,617,884,855,0,0
55141,"Wood, WI",604,1539,271,248,550,1203,0,0
40005,"Atoka, OK",973,223,271,1181,1018,1352,0,0
40007,"Beaver, OK",954,383,271,793,459,936,0,0
40009,"Beckham, OK",1115,531,271,1372,1053,980,0,0
40011,"Blaine, OK",950,765,271,961,474,768,0,0
40013,"Bryan, OK",155,354,271,905,773,765,0,0
40015,"Caddo, OK",918,494,271,423,116,460,0,0
56015,"Goshen, WY",899,1290,253,1482,1143,1543,0,0
40019,"Carter, OK",247,450,271,1024,844,743,0,0
40021,"Cherokee, OK",59,375,170,736,1152,821,0,0
40023,"Choctaw, OK",81,154,137,816,452,708,0,0
40027,"Cleveland, OK",63,392,139,356,591,66,0,0
40033,"Cotton, OK",1119,455,271,1434,679,1280,0,0
40035,"Craig, OK",987,463,271,995,667,1257,0,0
40037,"Creek, OK",62,293,253,539,675,557,0,0
40039,"Custer, OK",953,520,271,877,940,604,0,0
40041,"Delaware, OK",144,408,163,1074,1239,1392,0,0
40047,"Garfield, OK",919,1263,271,416,212,303,0,0
56021,"Laramie, WY",354,1034,115,70,125,834,0,0
40055,"Greer, OK",1158,632,271,1471,569,1024,0,0
40061,"Haskell, OK",1085,466,271,1458,1371,1433,0,0
40063,"Hughes, OK",1017,594,271,1119,493,1447,0,0
40065,"Jackson, OK",1008,1316,271,1305,655,366,0,0
40067,"Jefferson, OK",394,423,196,1426,615,1346,0,0
40071,"Kay, OK",946,1122,271,773,507,582,0,0
40075,"Kiowa, OK",1052,667,271,1246,395,907,0,0
40077,"Latimer, OK",1042,477,271,1331,1151,1555,0,0
55039,"Fond du Lac, WI",443,1116,188,62,556,390,0,0
40083,"Logan, OK",1011,659,271,994,942,549,0,0
40087,"McClain, OK",46,219,107,499,714,515,0,0
40089,"McCurtain, OK",925,348,271,786,622,656,0,0
40091,"McIntosh, OK",955,221,271,846,824,1095,0,0
40093,"Major, OK",1040,823,271,1477,1104,1223,0,0
40095,"Marshall, OK",571,471,271,1410,1134,1404,0,0
01085,"Lowndes, AL",699,936,271,1414,813,1519,0,0
40099,"Murray, OK",1129,663,271,1342,1074,1420,0,0
40101,"Muskogee, OK",44,1068,122,455,531,443,0,0
40103,"Noble, OK",920,171,271,655,646,999,0,0
40107,"Okfuskee, OK",67,640,171,520,388,1064,0,0
40109,"Oklahoma, OK",916,302,271,140,103,32,0,0
40111,"Okmulgee, OK",131,601,149,1016,918,1007,0,0
40113,"Osage, OK",161,472,34,1307,1308,1286,0,0
40117,"Pawnee, OK",105,415,220,840,855,1232,0,0
01087,"Macon, AL",1472,984,271,1562,1287,763,0,0
40121,"Pittsburg, OK",82,178,90,972,786,759,0,0
40125,"Pottawatomie, OK",69,437,220,592,810,403,0,0
40127,"Pushmataha, OK",307,405,35,1420,1373,1441,0,0
40131,"Rogers, OK",74,199,253,485,115,544,0,0
40133,"Seminole, OK",30,233,71,323,323,513,0,0
40135,"Sequoyah, OK",208,1355,271,1089,1064,1124,0,0
40137,"Stephens, OK",87,404,151,663,742,637,0,0
40141,"Tillman, OK",1018,639,271,1268,445,736,0,0
01089,"Madison, AL",279,937,271,594,190,91,0,0
40149,"Washita, OK",1081,563,271,1423,789,871,0,0
40153,"Woodward, OK",968,798,271,1052,755,962,0,0
41005,"Clackamas, OR",383,186,202,75,376,78,0,0
41047,"Marion, OR",338,257,100,68,341,89,0,0
01091,"Marengo, AL",1407,900,271,1550,1248,1246,0,0
41059,"Umatilla, OR",463,82,73,246,431,322,0,0
01093,"Marion, AL",178,802,202,901,1310,1051,0,0
01095,"Marshall, AL",573,744,271,1244,1483,802,0,0
42007,"Beaver, PA",387,1262,91,155,54,126,0,0
01101,"Montgomery, AL",799,1066,271,1429,1349,395,0,0
42013,"Blair, PA",396,128,271,291,327,241,0,0
42019,"Butler, PA",411,84,159,475,262,105,0,0
42025,"Carbon, PA",632,362,271,538,696,355,0,0
42029,"Chester, PA",486,185,154,473,57,23,0,0
42031,"Clarion, PA",366,269,271,408,273,360,0,0
01105,"Perry, AL",1242,930,271,1267,446,1150,0,0
42037,"Columbia, PA",382,148,271,258,722,331,0,0
42039,"Crawford, PA",392,539,118,620,723,300,0,0
42041,"Cumberland, PA",458,138,271,420,653,81,0,0
42043,"Dauphin, PA",386,226,271,214,617,40,0,0
42049,"Erie, PA",1092,568,271,500,269,179,0,0
42051,"Fayette, PA",476,669,240,364,191,95,0,0
42055,"Franklin, PA",705,387,271,706,306,217,0,0
42059,"Greene, PA",709,1082,271,1046,744,543,0,0
42065,"Jefferson, PA",333,428,271,493,623,676,0,0
42067,"Juniata, PA",581,183,271,657,302,982,0,0
42069,"Lackawanna, PA",240,143,86,123,442,101,0,0
42071,"Lancaster, PA",605,177,271,913,303,59,0,0
42075,"Lebanon, PA",1318,161,271,781,1179,152,0,0
42077,"Lehigh, PA",1317,180,271,784,292,49,0,0
01107,"Pickens, AL",1371,902,271,1522,1389,1423,0,0
42081,"Lycoming, PA",205,127,92,284,628,364,0,0
42083,"McKean, PA",1030,104,271,294,397,647,0,0
42087,"Mifflin, PA",789,179,271,1132,1271,1011,0,0
42089,"Monroe, PA",284,147,215,318,525,188,0,0
01109,"Pike, AL",693,841,271,1411,1539,1312,0,0
42093,"Montour, PA",1193,124,271,414,286,738,0,0
42099,"Perry, PA",787,168,271,1209,1435,973,0,0
42107,"Schuylkill, PA",166,131,80,133,156,144,0,0
42115,"Susquehanna, PA",189,87,43,380,777,551,0,0
42125,"Washington, PA",492,1005,271,530,279,164,0,0
42127,"Wayne, PA",406,110,271,811,1107,805,0,0
42129,"Westmoreland, PA",331,1247,56,196,88,93,0,0
42133,"York, PA",370,141,271,239,371,43,0,0
45001,"Abbeville, SC",111,90,179,465,956,411,0,0
01111,"Randolph, AL",1402,894,271,1559,1564,1401,0,0
45007,"Anderson, SC",112,49,271,311,155,117,0,0
45011,"Barnwell, SC",64,155,154,304,565,713,0,0
45017,"Calhoun, SC",110,145,215,404,806,1190,0,0
45021,"Cherokee, SC",306,67,220,562,853,416,0,0
01113,"Russell, AL",702,799,271,1440,1538,737,0,0
45037,"Edgefield, SC",1054,111,271,966,1312,731,0,0
45039,"Fairfield, SC",35,121,63,215,499,691,0,0
01115,"St. Clair, AL",784,821,271,1515,1553,843,0,0
45045,"Greenville, SC",1016,97,271,684,296,53,0,0
45055,"Kershaw, SC",109,62,240,381,799,553,0,0
45057,"Lancaster, SC",60,72,227,249,894,525,0,0
45059,"Laurens, SC",204,175,271,496,776,313,0,0
45063,"Lexington, SC",176,146,253,494,760,169,0,0
45065,"McCormick, SC",118,118,240,555,1057,1271,0,0
01117,"Shelby, AL",723,1064,271,1493,1545,253,0,0
45073,"Oconee, SC",149,57,271,392,737,210,0,0
45075,"Orangeburg, SC",45,360,38,371,562,517,0,0
45077,"Pickens, SC",272,75,196,559,1032,181,0,0
45079,"Richland, SC",246,151,271,532,756,128,0,0
45081,"Saluda, SC",230,136,253,737,868,1092,0,0
45083,"Spartanburg, SC",972,42,271,292,644,47,0,0
45085,"Sumter, SC",68,74,154,316,684,530,0,0
45087,"Union, SC",215,102,188,415,544,500,0,0
46009,"Bon Homme, SD",1499,1147,271,935,636,1042,0,0
46011,"Brookings, SD",587,848,271,302,581,735,0,0
46015,"Brule, SD",1494,1179,271,1382,1257,1459,0,0
46027,"Clay, SD",1536,1174,271,1362,1452,1115,0,0
46029,"Codington, SD",792,972,271,717,827,1396,0,0
46037,"Day, SD",630,1086,97,251,300,1065,0,0
46051,"Grant, SD",619,1125,253,297,409,1333,0,0
46057,"Hamlin, SD",1406,1172,271,915,1137,1512,0,0
46065,"Hughes, SD",1531,1192,271,1450,1458,1421,0,0
46067,"Hutchinson, SD",1493,1149,271,1257,852,1030,0,0
46077,"Kingsbury, SD",1304,1098,271,377,435,1071,0,0
46079,"Lake, SD",871,1184,271,1160,1218,1409,0,0
46083,"Lincoln, SD",888,1209,271,853,892,475,0,0
46099,"Minnehaha, SD",879,1232,271,832,1021,328,0,0
46101,"Moody, SD",856,1176,271,970,787,1141,0,0
46109,"Roberts, SD",584,1145,103,313,412,1314,0,0
46127,"Union, SD",1550,1277,271,1530,1526,1335,0,0
47003,"Bedford, TN",431,683,271,1296,1464,1358,0,0
47005,"Benton, TN",984,480,271,671,1250,1348,0,0
47007,"Bledsoe, TN",27,406,112,470,1033,1102,0,0
47009,"Blount, TN",83,373,145,556,1162,208,0,0
47011,"Bradley, TN",941,421,271,459,1061,294,0,0
47013,"Campbell, TN",1010,403,271,1022,1378,1154,0,0
47015,"Cannon, TN",420,660,271,1214,1484,1445,0,0
47017,"Carroll, TN",80,729,98,312,761,1193,0,0
47019,"Carter, TN",948,349,271,325,977,906,0,0
47021,"Cheatham, TN",1014,502,271,691,1198,1001,0,0
47023,"Chester, TN",212,743,240,687,1259,1375,0,0
47025,"Claiborne, TN",980,432,271,730,1263,1074,0,0
47029,"Cocke, TN",928,422,271,315,997,1012,0,0
47033,"Crockett, TN",249,868,271,849,1046,1220,0,0
47037,"Davidson, TN",943,551,271,382,343,190,0,0
47039,"Decatur, TN",50,524,134,398,1106,1470,0,0
47041,"DeKalb, TN",1070,544,271,1049,1410,1340,0,0
47043,"Dickson, TN",964,442,271,412,1081,666,0,0
47045,"Dyer, TN",273,969,271,1034,1299,978,0,0
47047,"Fayette, TN",72,538,188,413,887,987,0,0
01121,"Talladega, AL",1303,904,271,1491,462,752,0,0
47051,"Franklin, TN",270,425,271,1174,1487,1049,0,0
47053,"Gibson, TN",295,831,271,886,1214,979,0,0
47055,"Giles, TN",21,458,89,379,1128,1249,0,0
47057,"Grainger, TN",85,397,33,229,834,859,0,0
47059,"Greene, TN",947,357,271,219,885,696,0,0
47061,"Grundy, TN",92,413,240,924,1376,1386,0,0
47069,"Hardeman, TN",39,725,51,230,560,1134,0,0
47071,"Hardin, TN",156,492,271,831,1323,1428,0,0
47075,"Haywood, TN",125,465,240,566,490,972,0,0
47077,"Henderson, TN",22,533,83,98,571,1173,0,0
47079,"Henry, TN",165,529,271,763,1296,1050,0,0
47081,"Hickman, TN",1036,616,271,878,1294,1424,0,0
47083,"Houston, TN",960,490,271,654,1304,1485,0,0
47089,"Jefferson, TN",924,399,271,161,816,531,0,0
47091,"Johnson, TN",184,335,137,709,1256,1355,0,0
47097,"Lauderdale, TN",123,733,271,629,1030,1136,0,0
47101,"Lewis, TN",34,580,67,327,1045,1474,0,0
47103,"Lincoln, TN",151,427,271,882,1382,1139,0,0
47107,"McMinn, TN",73,407,77,454,876,474,0,0
47109,"McNairy, TN",145,553,271,518,883,1293,0,0
47111,"Macon, TN",183,445,271,639,1267,1133,0,0
47113,"Madison, TN",224,778,215,595,1087,704,0,0
47117,"Marshall, TN",193,636,271,864,1276,1357,0,0
47121,"Meigs, TN",235,414,271,1026,1496,877,0,0
47123,"Monroe, TN",61,391,171,874,1381,734,0,0
47125,"Montgomery, TN",936,512,271,436,293,261,0,0
47127,"Moore, TN",256,708,271,930,1178,1511,0,0
47131,"Obion, TN",1044,890,271,1053,1238,879,0,0
47133,"Overton, TN",58,486,271,676,1302,1063,0,0
47137,"Pickett, TN",991,420,271,875,1374,1538,0,0
47139,"Polk, TN",185,433,271,1205,1465,1307,0,0
47141,"Putnam, TN",53,487,116,403,1111,353,0,0
47143,"Rhea, TN",52,430,102,593,217,651,0,0
47145,"Roane, TN",70,548,174,449,779,367,0,0
47147,"Robertson, TN",1067,547,271,963,1311,690,0,0
47149,"Rutherford, TN",1079,591,271,950,1284,349,0,0
01123,"Tallapoosa, AL",741,988,271,1514,1535,1130,0,0
47153,"Sequatchie, TN",42,438,148,690,1344,1043,0,0
47155,"Sevier, TN",158,377,271,1011,1409,350,0,0
47159,"Smith, TN",1121,534,271,1282,1513,1206,0,0
47161,"Stewart, TN",951,453,271,537,1282,1121,0,0
47163,"Sullivan, TN",921,350,271,124,374,329,0,0
47165,"Sumner, TN",930,485,271,482,299,396,0,0
47167,"Tipton, TN",99,572,193,422,1091,885,0,0
47171,"Unicoi, TN",917,318,271,113,769,1415,0,0
47173,"Union, TN",977,416,271,563,1208,1164,0,0
47175,"Van Buren, TN",43,495,188,740,1337,1490,0,0
01125,"Tuscaloosa, AL",1322,825,271,1437,1530,379,0,0
47183,"Weakley, TN",103,824,208,766,1192,872,0,0
47185,"White, TN",55,542,158,599,1221,944,0,0
47187,"Williamson, TN",147,454,271,636,1190,358,0,0
48001,"Anderson, TX",438,284,271,1249,1135,440,0,0
48003,"Andrews, TX",1172,1225,271,1364,1022,495,0,0
48005,"Angelina, TX",509,85,271,1369,364,357,0,0
48009,"Archer, TX",979,43,271,1043,993,747,0,0
48013,"Atascosa, TX",1137,206,271,1366,998,426,0,0
48015,"Austin, TX",442,73,271,1341,1204,479,0,0
48017,"Bailey, TX",1124,448,271,1329,791,904,0,0
48021,"Bastrop, TX",1001,164,271,795,86,187,0,0
48025,"Bee, TX",981,234,271,754,161,487,0,0
48027,"Bell, TX",956,460,271,363,40,34,0,0
01133,"Winston, AL",321,964,271,1093,1408,1302,0,0
48031,"Blanco, TX",1427,346,271,1563,1488,1125,0,0
48035,"Bosque, TX",116,144,84,1027,250,717,0,0
48037,"Bowie, TX",234,301,271,787,255,216,0,0
48041,"Brazos, TX",426,182,253,837,859,141,0,0
48047,"Brooks, TX",929,479,271,856,246,1344,0,0
48049,"Brown, TX",1004,317,271,851,728,459,0,0
48051,"Burleson, TX",639,166,271,1545,1542,1113,0,0
48055,"Caldwell, TX",1184,163,271,1206,913,317,0,0
48059,"Callahan, TX",990,811,271,624,159,761,0,0
48063,"Camp, TX",585,429,271,1399,1440,1070,0,0
48067,"Cass, TX",347,451,271,1096,976,785,0,0
48069,"Castro, TX",89,333,31,548,120,633,0,0
48073,"Cherokee, TX",1224,701,271,1487,1288,380,0,0
48075,"Childress, TX",1201,650,271,1446,216,398,0,0
48077,"Clay, TX",134,296,88,939,843,783,0,0
48083,"Coleman, TX",945,130,271,694,353,541,0,0
04015,"Mohave, AZ",353,371,53,330,484,222,0,0
48089,"Colorado, TX",1035,216,271,1191,968,673,0,0
48091,"Comal, TX",1186,382,271,1097,182,64,0,0
48093,"Comanche, TX",195,393,184,1178,818,668,0,0
48097,"Cooke, TX",1086,328,271,1161,311,276,0,0
48099,"Coryell, TX",384,292,271,1105,986,516,0,0
48107,"Crosby, TX",1061,205,271,1240,439,407,0,0
04021,"Pinal, AZ",1524,1111,271,1499,136,133,0,0
48115,"Dawson, TX",983,1044,271,678,128,299,0,0
48117,"Deaf Smith, TX",78,267,50,598,539,563,0,0
48119,"Delta, TX",1176,630,271,1055,119,484,0,0
04027,"Yuma, AZ",775,1414,271,824,215,456,0,0
05001,"Arkansas, AR",1034,386,271,1131,635,1014,0,0
48135,"Ector, TX",998,86,271,693,147,37,0,0
05007,"Benton, AR",117,530,176,333,620,472,0,0
05009,"Boone, AR",261,730,271,984,310,1451,0,0
48143,"Erath, TX",942,351,271,728,226,324,0,0
48145,"Falls, TX",95,577,126,417,69,422,0,0
48147,"Fannin, TX",500,162,271,1353,1157,439,0,0
48149,"Fayette, TX",1055,169,271,1038,202,483,0,0
48153,"Floyd, TX",1197,209,271,1441,467,925,0,0
48157,"Fort Bend, TX",203,196,98,491,38,44,0,0
48159,"Franklin, TX",1159,281,271,1121,965,997,0,0
48161,"Freestone, TX",174,114,271,955,105,884,0,0
48163,"Frio, TX",1141,187,271,1390,192,534,0,0
48165,"Gaines, TX",1280,584,271,1564,1557,1002,0,0
48169,"Garza, TX",1091,251,271,1451,1031,722,0,0
48177,"Gonzales, TX",1140,906,271,1448,992,882,0,0
48179,"Gray, TX",962,63,271,569,387,309,0,0
48181,"Grayson, TX",135,32,271,605,656,247,0,0
48183,"Gregg, TX",1309,715,271,1395,1399,221,0,0
48185,"Grimes, TX",287,98,271,850,211,663,0,0
48187,"Guadalupe, TX",1151,830,271,957,134,67,0,0
48189,"Hale, TX",976,370,271,714,144,493,0,0
48193,"Hamilton, TX",197,286,182,1066,229,924,0,0
48195,"Hansford, TX",1012,218,271,954,638,710,0,0
48199,"Hardin, TX",1306,718,271,1549,1422,900,0,0
48203,"Harrison, TX",250,300,240,670,98,359,0,0
48205,"Hartley, TX",1209,402,271,1500,1391,1094,0,0
48207,"Haskell, TX",989,554,271,647,56,214,0,0
48209,"Hays, TX",1362,787,271,1483,1125,121,0,0
48213,"Henderson, TX",143,129,271,543,152,258,0,0
48215,"Hidalgo, TX",934,768,271,244,33,35,0,0
48217,"Hill, TX",194,389,101,1015,133,335,0,0
48219,"Hockley, TX",1168,510,271,1417,1004,670,0,0
48221,"Hood, TX",219,64,76,870,55,127,0,0
48223,"Hopkins, TX",108,313,271,464,117,251,0,0
48225,"Houston, TX",444,37,211,1408,1163,712,0,0
48227,"Howard, TX",933,80,271,579,240,199,0,0
48231,"Hunt, TX",40,120,64,228,146,132,0,0
48233,"Hutchinson, TX",57,230,41,341,321,153,0,0
48237,"Jack, TX",1127,834,271,1288,995,1067,0,0
48241,"Jasper, TX",1261,282,271,1540,1525,1169,0,0
48249,"Jim Wells, TX",966,334,271,724,196,751,0,0
48251,"Johnson, TX",485,227,271,1314,845,114,0,0
48253,"Jones, TX",1023,532,271,1165,808,462,0,0
48255,"Karnes, TX",1101,210,271,1278,763,693,0,0
48257,"Kaufman, TX",434,449,271,992,193,69,0,0
48259,"Kendall, TX",1296,288,271,1457,1251,311,0,0
48277,"Lamar, TX",177,325,240,627,160,137,0,0
48279,"Lamb, TX",1049,217,271,1159,475,550,0,0
48281,"Lampasas, TX",326,50,271,1285,1019,870,0,0
48285,"Lavaca, TX",344,339,211,1255,975,892,0,0
48287,"Lee, TX",1211,207,271,1373,1164,896,0,0
48289,"Leon, TX",1146,240,271,1460,1348,951,0,0
48291,"Liberty, TX",1438,789,271,1557,1360,589,0,0
48297,"Live Oak, TX",1046,132,271,1344,1080,1356,0,0
48303,"Lubbock, TX",1128,419,271,1286,996,74,0,0
48305,"Lynn, TX",1072,188,271,1294,514,431,0,0
48307,"McCulloch, TX",999,108,271,1006,461,682,0,0
48309,"McLennan, TX",56,100,47,425,153,83,0,0
48313,"Madison, TX",665,258,271,1506,1384,1304,0,0
48315,"Marion, TX",1174,248,271,1324,967,867,0,0
48325,"Medina, TX",1212,174,271,1526,1231,250,0,0
48329,"Midland, TX",1082,181,271,1004,206,77,0,0
05011,"Bradley, AR",239,306,149,776,496,974,0,0
48335,"Mitchell, TX",969,119,271,910,183,413,0,0
48337,"Montague, TX",1051,46,271,1168,973,547,0,0
48339,"Montgomery, TX",1381,390,271,1523,1379,72,0,0
48341,"Moore, TX",276,385,271,1153,1342,782,0,0
48343,"Morris, TX",152,228,193,305,425,891,0,0
48347,"Nacogdoches, TX",1066,54,271,1220,949,667,0,0
48353,"Nolan, TX",939,613,271,431,166,373,0,0
48357,"Ochiltree, TX",421,439,271,1313,1121,890,0,0
48363,"Palo Pinto, TX",98,133,145,822,222,305,0,0
48365,"Panola, TX",1237,272,271,1548,1522,1389,0,0
48367,"Parker, TX",493,96,271,1262,801,161,0,0
48369,"Parmer, TX",1068,379,271,1223,946,792,0,0
48373,"Polk, TX",372,367,227,1230,1129,1157,0,0
48375,"Potter, TX",128,436,220,435,239,58,0,0
48379,"Rains, TX",1278,208,271,1421,1246,1005,0,0
48381,"Randall, TX",1099,517,271,942,869,170,0,0
48387,"Red River, TX",90,609,60,495,349,351,0,0
48389,"Reeves, TX",1003,101,271,908,37,138,0,0
48395,"Robertson, TX",162,39,271,897,162,644,0,0
48397,"Rockwall, TX",1331,299,271,1330,944,173,0,0
48399,"Runnels, TX",965,70,271,753,396,391,0,0
48401,"Rusk, TX",1088,232,271,1222,1001,338,0,0
48407,"San Jacinto, TX",423,253,271,1059,1116,1353,0,0
48411,"San Saba, TX",1165,297,271,1496,1028,1106,0,0
48415,"Scurry, TX",959,89,271,685,80,192,0,0
48419,"Shelby, TX",497,246,271,1428,1160,1194,0,0
48423,"Smith, TX",190,193,271,507,702,209,0,0
48425,"Somervell, TX",1374,225,271,1560,1503,866,0,0
48427,"Starr, TX",994,347,271,862,253,685,0,0
48437,"Swisher, TX",975,122,271,756,79,469,0,0
05019,"Clark, AR",1147,332,271,1356,1380,1040,0,0
48441,"Taylor, TX",922,117,271,192,220,151,0,0
48445,"Terry, TX",1110,469,271,1256,598,624,0,0
48449,"Titus, TX",449,431,271,967,106,505,0,0
48451,"Tom Green, TX",970,316,271,549,158,68,0,0
05021,"Clay, AR",397,515,271,1144,494,832,0,0
48455,"Trinity, TX",553,211,271,1478,1403,1492,0,0
48457,"Tyler, TX",1203,268,271,1505,1505,1508,0,0
48459,"Upshur, TX",521,461,271,1406,1456,524,0,0
48467,"Van Zandt, TX",173,139,271,677,243,226,0,0
48469,"Victoria, TX",1056,500,271,1073,730,455,0,0
48471,"Walker, TX",778,243,271,1534,1481,580,0,0
48473,"Waller, TX",662,59,271,1207,169,298,0,0
48477,"Washington, TX",576,213,271,1357,1172,699,0,0
48479,"Webb, TX",958,324,271,303,110,118,0,0
48485,"Wichita, TX",1029,51,271,974,762,63,0,0
48487,"Wilbarger, TX",935,395,271,447,39,129,0,0
48491,"Williamson, TX",1000,381,271,650,32,39,0,0
48493,"Wilson, TX",1234,489,271,1386,971,347,0,0
48497,"Wise, TX",596,107,271,1404,230,211,0,0
48499,"Wood, TX",457,467,271,1339,1413,888,0,0
48501,"Yoakum, TX",1155,276,271,1495,1016,1105,0,0
48503,"Young, TX",926,53,271,535,124,246,0,0
49007,"Carbon, UT",229,126,81,99,91,378,0,0
49011,"Davis, UT",1525,252,271,1018,715,61,0,0
49015,"Emery, UT",1078,24,271,184,373,266,0,0
49027,"Millard, UT",1215,189,271,347,67,679,0,0
05025,"Cleveland, AR",1073,303,271,1312,1258,1500,0,0
49039,"Sanpete, UT",689,152,227,869,881,721,0,0
49041,"Sevier, UT",615,157,152,658,683,836,0,0
49049,"Utah, UT",554,160,271,173,150,27,0,0
50001,"Addison, VT",1257,1008,271,451,960,1337,0,0
50003,"Bennington, VT",1058,1030,271,255,902,1258,0,0
50007,"Chittenden, VT",1273,1017,271,271,931,727,0,0
50011,"Franklin, VT",1312,1028,271,553,1027,1282,0,0
50019,"Orleans, VT",1383,1040,271,1137,1423,1558,0,0
50023,"Washington, VT",1315,1051,271,743,1245,1378,0,0
50025,"Windham, VT",1190,1058,271,661,1230,1316,0,0
51003,"Albemarle, VA",914,1366,271,1407,1366,237,0,0
51005,"Alleghany, VA",739,518,271,632,238,316,0,0
51009,"Amherst, VA",904,1396,271,1112,1120,784,0,0
51011,"Appomattox, VA",911,1354,271,1260,1474,1180,0,0
51015,"Augusta, VA",883,1295,271,1098,1063,567,0,0
51019,"Bedford, VA",1552,1350,271,1355,1461,652,0,0
51023,"Botetourt, VA",901,1330,271,1013,1150,684,0,0
51025,"Brunswick, VA",832,322,271,815,593,468,0,0
51027,"Buchanan, VA",1503,1373,271,501,361,841,0,0
51035,"Carroll, VA",891,1255,271,645,921,842,0,0
51037,"Charlotte, VA",811,273,271,474,528,362,0,0
51049,"Cumberland, VA",892,874,271,858,1050,621,0,0
51063,"Floyd, VA",880,1245,271,731,1332,1178,0,0
51065,"Fluvanna, VA",898,283,271,945,1117,238,0,0
51067,"Franklin, VA",902,1347,271,1023,1048,794,0,0
51069,"Frederick, VA",802,320,271,389,60,87,0,0
51075,"Goochland, VA",906,579,271,1226,1339,319,0,0
51079,"Greene, VA",1555,508,271,1501,1558,535,0,0
51081,"Greensville, VA",884,1201,271,638,177,341,0,0
51083,"Halifax, VA",862,1407,271,516,254,365,0,0
51085,"Hanover, VA",843,587,271,741,188,92,0,0
51087,"Henrico, VA",1465,552,271,492,94,38,0,0
51089,"Henry, VA",910,1349,271,892,753,386,0,0
51109,"Louisa, VA",886,1013,271,825,1006,174,0,0
51111,"Lunenburg, VA",875,752,271,770,674,503,0,0
51113,"Madison, VA",908,526,271,1507,1555,758,0,0
51117,"Mecklenburg, VA",781,527,271,387,30,304,0,0
51135,"Nottoway, VA",905,525,271,1035,1144,560,0,0
51137,"Orange, VA",903,507,271,1094,1138,264,0,0
51143,"Pittsylvania, VA",882,1415,271,733,680,425,0,0
51145,"Powhatan, VA",1532,537,271,1077,391,290,0,0
51147,"Prince Edward, VA",872,742,271,622,788,361,0,0
51161,"Roanoke, VA",1549,1310,271,1057,1315,640,0,0
51165,"Rockingham, VA",878,907,271,1251,1140,279,0,0
51167,"Russell, VA",1492,1276,271,829,185,697,0,0
51169,"Scott, VA",1506,1307,271,983,287,639,0,0
51171,"Shenandoah, VA",909,1340,271,1392,1301,909,0,0
51173,"Smyth, VA",867,1249,271,390,607,523,0,0
51177,"Spotsylvania, VA",1410,242,271,385,248,54,0,0
51185,"Tazewell, VA",887,1268,271,843,672,680,0,0
51187,"Warren, VA",1540,498,271,1325,489,332,0,0
51191,"Washington, VA",1468,1253,271,430,780,278,0,0
51195,"Wise, VA",1527,1324,271,879,225,507,0,0
51520,"Bristol, VA",1513,1258,271,432,823,598,0,0
51540,"Charlottesville, VA",1530,1382,271,1040,1168,382,0,0
51590,"Danville, VA",1519,1385,271,696,706,714,0,0
51595,"Emporia, VA",1521,716,271,1216,1266,1484,0,0
51600,"Fairfax, VA",1509,482,271,998,1132,465,0,0
51610,"Falls Church, VA",1539,516,271,1115,1340,790,0,0
51630,"Fredericksburg, VA",1440,523,271,704,1014,383,0,0
51640,"Galax, VA",1512,1233,271,648,1097,1431,0,0
51660,"Harrisonburg, VA",1351,418,271,597,281,155,0,0
51678,"Lexington, VA",1488,497,271,1033,1362,803,0,0
51680,"Lynchburg, VA",1535,1353,271,634,966,625,0,0
51683,"Manassas, VA",1543,513,271,1190,1364,381,0,0
51685,"Manassas Park, VA",1518,557,271,1201,1176,672,0,0
51690,"Martinsville, VA",1450,1333,271,190,419,653,0,0
51760,"Richmond, VA",1249,546,271,245,175,86,0,0
51770,"Roanoke, VA",1541,1357,271,852,1093,583,0,0
51775,"Salem, VA",1546,1360,271,989,1207,1233,0,0
51790,"Staunton, VA",1528,1309,271,943,1200,718,0,0
51820,"Waynesboro, VA",1510,1336,271,1005,1268,863,0,0
51840,"Winchester, VA",1479,426,271,751,1202,451,0,0
05027,"Columbia, AR",213,567,142,688,508,1035,0,0
05029,"Conway, AR",1077,247,271,1154,1195,920,0,0
05031,"Craighead, AR",243,899,271,514,625,401,0,0
05033,"Crawford, AR",282,220,271,1032,1278,430,0,0
05035,"Crittenden, AR",379,1480,271,1133,850,1473,0,0
05037,"Cross, AR",1142,1054,271,1248,666,898,0,0
54003,"Berkeley, WV",1442,1103,271,1169,1383,519,0,0
54013,"Calhoun, WV",1297,1101,271,1030,802,1394,0,0
54025,"Greenbrier, WV",309,999,40,772,1126,1018,0,0
54037,"Jefferson, WV",1422,1399,271,904,258,458,0,0
54061,"Monongalia, WV",1216,1057,271,673,1174,546,0,0
54065,"Morgan, WV",1448,1105,271,1381,1543,1226,0,0
54067,"Nicholas, WV",298,1317,211,602,778,908,0,0
54077,"Preston, WV",260,976,271,372,173,960,0,0
54081,"Raleigh, WV",1187,939,271,642,898,661,0,0
55001,"Adams, WI",707,1520,271,434,909,1528,0,0
55005,"Barron, WI",410,1033,126,41,405,427,0,0
55011,"Buffalo, WI",433,1190,211,200,167,1081,0,0
55015,"Calumet, WI",1148,1494,271,32,582,1217,0,0
55021,"Columbia, WI",675,1550,271,334,612,1341,0,0
55033,"Dunn, WI",474,1240,271,60,486,467,0,0
01043,"Cullman, AL",526,1071,271,1316,1507,742,0,0
01049,"DeKalb, AL",327,861,271,735,1089,847,0,0
01051,"Elmore, AL",835,1047,271,1556,1565,611,0,0
01055,"Etowah, AL",756,836,271,1464,1518,823,0,0
01057,"Fayette, AL",1285,843,271,1439,1407,1187,0,0
01059,"Franklin, AL",242,699,271,806,1392,1155,0,0
01061,"Geneva, AL",740,973,271,1488,1551,1454,0,0
01065,"Hale, AL",1441,905,271,1561,1451,1489,0,0
01067,"Henry, AL",798,853,271,1525,1549,1449,0,0
01069,"Houston, AL",687,543,271,1322,1335,565,0,0
01071,"Jackson, AL",142,888,58,581,45,384,0,0
01073,"Jefferson, AL",515,1006,271,1298,362,131,0,0
01075,"Lamar, AL",1243,840,271,1318,1292,1283,0,0
01077,"Lauderdale, AL",607,944,271,1149,1467,618,0,0
01079,"Lawrence, AL",335,791,271,748,1011,1090,0,0
55103,"Richland, WI",750,1254,271,545,856,1215,0,0
01081,"Lee, AL",1359,941,271,1418,1500,282,0,0
55047,"Green Lake, WI",850,1516,271,834,1241,1548,0,0
55053,"Jackson, WI",1313,1173,271,498,851,1315,0,0
55057,"Juneau, WI",671,1519,271,407,765,1467,0,0
55059,"Kenosha, WI",1353,929,271,131,58,346,0,0
55065,"Lafayette, WI",631,1518,271,450,796,1497,0,0
55073,"Marathon, WI",352,1462,68,51,172,985,0,0
55077,"Marquette, WI",826,1524,271,818,1290,1554,0,0
05039,"Dallas, AR",1039,340,271,912,552,1219,0,0
05041,"Desha, AR",1102,315,271,1070,449,1052,0,0
55089,"Ozaukee, WI",1295,1195,271,116,96,612,0,0
55091,"Pepin, WI",724,1231,271,201,685,1089,0,0
55093,"Pierce, WI",565,1189,271,114,584,528,0,0
55095,"Polk, WI",412,1175,240,58,495,501,0,0
55097,"Portage, WI",626,1540,271,226,558,1221,0,0
01045,"Dale, AL",608,924,271,1108,1070,902,0,0
