,pillar,critic,entropy,std,sum_1_minus_r
queue_active_mw_clean,energy_carbon,0.0423,0.0412,0.3581,33.2405
nri_hurricane_score,climate_resilience,0.0374,0.0143,0.3134,33.611
state_policy_risk,permitting,0.0362,0.0145,0.2849,35.782
grid_renewable_share,energy_carbon,0.0357,0.0313,0.2909,34.522
nri_heat_wave_score,climate_resilience,0.0352,0.0123,0.2839,34.9122
nri_inland_flood_score,climate_resilience,0.0347,0.0152,0.2825,34.5606
fiber_share_locations,grid_infrastructure,0.0343,0.0116,0.2777,34.7821
nri_winter_score,climate_resilience,0.0341,0.0162,0.29,33.1497
nri_drought_score,water,0.034,0.016,0.289,33.1759
water_stress_bws,water,0.0328,0.0091,0.2728,33.8593
nri_wildfire_score,climate_resilience,0.0322,0.0111,0.2773,32.743
nri_tornado_score,climate_resilience,0.0322,0.016,0.264,34.3054
pop_change_pct_since_peak,community,0.0315,0.0772,0.2499,35.4477
air_nonattainment_count,permitting,0.0306,0.005,0.2458,35.0521
water_permit_risk,permitting,0.0297,0.0043,0.2507,33.3858
queue_operational_mw_5y,energy_carbon,0.0284,0.1728,0.2338,34.2151
mfg_emp_share_1969,community,0.0283,0.0186,0.2401,33.1763
pop_density_per_sqkm,land,0.0282,0.0057,0.2153,36.9007
drought_share_weeks_d2plus,water,0.028,0.0057,0.2391,32.9318
wind_speed_100m_ms,energy_carbon,0.0274,0.0076,0.2263,34.1054
days_above_95f_hist,climate_resilience,0.0269,0.0043,0.2309,32.7754
plant_capacity_mw_100km,grid_infrastructure,0.0267,0.0092,0.2243,33.505
heat_sink_score,community,0.0266,0.0193,0.2369,31.6188
population,community,0.0266,0.015,0.2293,32.6408
queue_withdrawal_rate,grid_infrastructure,0.0263,0.0104,0.2163,34.1761
cdd_hist,water,0.0261,0.0062,0.2282,32.2306
coal_retired_mw,grid_infrastructure,0.0247,0.1969,0.2102,33.0439
plant_clean_capacity_mw_100km,energy_carbon,0.0236,0.0043,0.2008,33.1406
unemployment_rate_pct_2023,community,0.0234,0.0108,0.1936,34.1021
grid_co2_lb_mwh,energy_carbon,0.0226,0.0104,0.1836,34.586
dc_existing_count,grid_infrastructure,0.0209,0.1981,0.1777,33.1072
nri_coastal_flood_score,climate_resilience,0.0208,0.0019,0.1663,35.286
industrial_price_cents_kwh,cost,0.0178,0.0016,0.1403,35.6555
queue_median_age_years,grid_infrastructure,0.0177,0.0038,0.1475,33.847
land_area_sqkm,land,0.0163,0.002,0.1332,34.4112
