fips,county,critic,entropy
41067,"Washington, OR",1,6
17161,"Rock Island, IL",2,278
27037,"Dakota, MN",3,23
41051,"Multnomah, OR",4,59
18141,"St. Joseph, IN",5,42
19163,"Scott, IA",6,257
36055,"Monroe, NY",7,62
27123,"Ramsey, MN",8,75
36067,"Onondaga, NY",9,331
36029,"Erie, NY",10,118
55087,"Outagamie, WI",11,411
53025,"Grant, WA",12,50
17143,"Peoria, IL",13,209
18039,"Elkhart, IN",14,401
27109,"Olmsted, MN",15,112
17073,"Henry, IL",16,375
36007,"Broome, NY",17,145
17095,"Knox, IL",18,348
27053,"Hennepin, MN",19,41
26163,"Wayne, MI",20,9
39061,"Hamilton, OH",21,21
55079,"Milwaukee, WI",22,20
36001,"Albany, NY",23,390
18157,"Tippecanoe, IN",24,438
17037,"DeKalb, IL",25,205
17201,"Winnebago, IL",26,416
53011,"Clark, WA",27,338
36065,"Oneida, NY",28,332
36063,"Niagara, NY",29,47
19139,"Muscatine, IA",30,130
49035,"Salt Lake, UT",31,3
55015,"Calumet, WI",32,582
19153,"Polk, IA",33,197
55105,"Rock, WI",34,174
17125,"Mason, IL",35,13
26117,"Montcalm, MI",36,434
42079,"Luzerne, PA",37,170
17195,"Whiteside, IL",38,334
17179,"Tazewell, IL",39,437
55139,"Winnebago, WI",40,436
55005,"Barron, WI",41,405
53005,"Benton, WA",42,328
27049,"Goodhue, MN",43,432
26027,"Cass, MI",44,208
36015,"Chemung, NY",45,320
17155,"Putnam, IL",46,100
18089,"Lake, IN",47,22
26065,"Ingham, MI",48,92
36019,"Clinton, NY",49,369
39155,"Trumbull, OH",50,64
55073,"Marathon, WI",51,172
55117,"Sheboygan, WI",52,74
17167,"Sangamon, IL",53,93
08041,"El Paso, CO",54,7
17109,"McDonough, IL",55,358
16055,"Kootenai, ID",56,393
19113,"Linn, IA",57,113
55095,"Polk, WI",58,495
39035,"Cuyahoga, OH",59,19
55033,"Dunn, WI",60,486
17057,"Fulton, IL",61,366
55039,"Fond du Lac, WI",62,556
55127,"Walworth, WI",63,535
36033,"Franklin, NY",64,392
26091,"Lenawee, MI",65,476
17011,"Bureau, IL",66,440
42033,"Clearfield, PA",67,199
41047,"Marion, OR",68,341
26121,"Muskegon, MI",69,82
56021,"Laramie, WY",70,125
27073,"Lac qui Parle, MN",71,290
29077,"Greene, MO",72,151
16001,"Ada, ID",73,72
13121,"Fulton, GA",74,65
41005,"Clackamas, OR",75,376
36049,"Lewis, NY",76,488
17199,"Williamson, IL",77,142
53075,"Whitman, WA",78,318
37071,"Gaston, NC",79,63
17131,"Mercer, IL",80,455
26165,"Wexford, MI",81,567
17117,"Macoupin, IL",82,99
27047,"Freeborn, MN",83,351
36009,"Cattaraugus, NY",84,379
17183,"Vermilion, IL",85,95
27085,"McLeod, MN",86,457
18097,"Marion, IN",87,68
29021,"Buchanan, MO",88,413
21111,"Jefferson, KY",89,61
26123,"Newaygo, MI",90,609
19127,"Marshall, IA",91,195
40143,"Tulsa, OK",92,97
36101,"Steuben, NY",93,382
17031,"Cook, IL",94,5
26155,"Shiawassee, MI",95,468
26127,"Oceana, MI",96,498
17053,"Ford, IL",97,469
47077,"Henderson, TN",98,571
49007,"Carbon, UT",99,91
36075,"Oswego, NY",100,428
26077,"Kalamazoo, MI",101,483
36095,"Schoharie, NY",102,448
26149,"St. Joseph, MI",103,500
42003,"Allegheny, PA",104,27
27019,"Carver, MN",105,633
36093,"Schenectady, NY",106,543
25003,"Berkshire, MA",107,76
45069,"Marlboro, SC",108,402
20209,"Wyandotte, KS",109,360
18091,"LaPorte, IN",110,429
26045,"Eaton, MI",111,149
17115,"Macon, IL",112,383
47171,"Unicoi, TN",113,769
55093,"Pierce, WI",114,584
18167,"Vigo, IN",115,70
55089,"Ozaukee, WI",116,96
29047,"Clay, MO",117,194
40097,"Mayes, OK",118,29
17197,"Will, IL",119,53
36023,"Cortland, NY",120,426
17039,"De Witt, IL",121,530
27163,"Washington, MN",122,472
42069,"Lackawanna, PA",123,442
47163,"Sullivan, TN",124,374
26159,"Van Buren, MI",125,473
26023,"Branch, MI",126,164
27149,"Stevens, MN",127,444
17177,"Stephenson, IL",128,200
19187,"Webster, IA",129,347
26133,"Osceola, MI",130,627
55059,"Kenosha, WI",131,58
27011,"Big Stone, MN",132,298
42107,"Schuylkill, PA",133,156
21015,"Boone, KY",134,642
17135,"Montgomery, IL",135,66
17061,"Greene, IL",136,359
27067,"Kandiyohi, MN",137,319
26151,"Sanilac, MI",138,417
17123,"Marshall, IL",139,505
40109,"Oklahoma, OK",140,103
56001,"Albany, WY",141,529
17001,"Adams, IL",142,492
05143,"Washington, AR",143,721
18127,"Porter, IN",144,71
18067,"Howard, IN",145,501
26139,"Ottawa, MI",146,168
17025,"Clay, IL",147,408
17007,"Boone, IL",148,820
19189,"Winnebago, IA",149,385
36053,"Madison, NY",150,418
39025,"Clermont, OH",151,78
17175,"Stark, IL",152,357
27099,"Mower, MN",153,389
37157,"Rockingham, NC",154,46
42007,"Beaver, PA",155,54
37021,"Buncombe, NC",156,44
53071,"Walla Walla, WA",157,399
26081,"Kent, MI",158,738
36021,"Columbia, NY",159,478
18083,"Knox, IN",160,137
47089,"Jefferson, TN",161,816
17113,"McLean, IL",162,630
48085,"Collin, TX",163,15
18037,"Dubois, IN",164,583
55135,"Waupaca, WI",165,608
27139,"Scott, MN",166,602
31055,"Douglas, NE",167,48
21067,"Fayette, KY",168,241
19057,"Des Moines, IA",169,407
27127,"Redwood, MN",170,344
36035,"Fulton, NY",171,542
37155,"Robeson, NC",172,121
49049,"Utah, UT",173,150
18051,"Gibson, IN",174,148
18007,"Benton, IN",175,441
19145,"Page, IA",176,381
17103,"Lee, IL",177,506
26111,"Midland, MI",178,141
18057,"Hamilton, IN",179,235
45025,"Chesterfield, SC",180,555
25027,"Worcester, MA",181,268
36013,"Chautauqua, NY",182,329
18181,"White, IN",183,574
49015,"Emery, UT",184,373
17107,"Logan, IL",185,516
39139,"Richland, OH",186,227
26073,"Isabella, MI",187,524
18111,"Newton, IN",188,596
17089,"Kane, IL",189,537
51690,"Martinsville, VA",190,419
18085,"Kosciusko, IN",191,650
48441,"Taylor, TX",192,220
48331,"Milam, TX",193,2
27157,"Wabasha, MN",194,551
17065,"Hamilton, IL",195,414
42129,"Westmoreland, PA",196,88
27009,"Benton, MN",197,458
32003,"Clark, NV",198,4
18113,"Noble, IN",199,661
55011,"Buffalo, WI",200,167
55091,"Pepin, WI",201,685
36097,"Schuyler, NY",202,464
16069,"Nez Perce, ID",203,503
26075,"Jackson, MI",204,553
29189,"St. Louis, MO",205,10
17185,"Wabash, IL",206,485
38101,"Ward, ND",207,597
47181,"Wayne, TN",208,895
27025,"Chisago, MN",209,491
27147,"Steele, MN",210,829
17045,"Edgar, IL",211,420
27141,"Sherburne, MN",212,73
27151,"Swift, MN",213,345
42043,"Dauphin, PA",214,617
45039,"Fairfield, SC",215,499
27105,"Nobles, MN",216,515
23001,"Androscoggin, ME",217,224
18153,"Sullivan, IN",218,487
47059,"Greene, TN",219,885
13077,"Coweta, GA",220,35
19005,"Allamakee, IA",221,104
37119,"Mecklenburg, NC",222,237
40119,"Payne, OK",223,554
20103,"Leavenworth, KS",224,512
19049,"Dallas, IA",225,132
55097,"Portage, WI",226,558
19169,"Story, IA",227,350
48231,"Hunt, TX",228,146
47057,"Grainger, TN",229,834
47069,"Hardeman, TN",230,560
37045,"Cleveland, NC",231,51
39099,"Mahoning, OH",232,540
36099,"Seneca, NY",233,477
40017,"Canadian, OK",234,223
26025,"Calhoun, MI",235,482
27081,"Lincoln, MN",236,355
27003,"Anoka, MN",237,662
42011,"Berks, PA",238,8
42133,"York, PA",239,371
19033,"Cerro Gordo, IA",240,451
27059,"Isanti, MN",241,800
39147,"Seneca, OH",242,589
18129,"Posey, IN",243,101
48215,"Hidalgo, TX",244,33
51760,"Richmond, VA",245,175
41059,"Umatilla, OR",246,431
39051,"Fulton, OH",247,210
55141,"Wood, WI",248,550
45057,"Lancaster, SC",249,894
27131,"Rice, MN",250,833
46037,"Day, SD",251,300
18087,"LaGrange, IN",252,678
17079,"Jasper, IL",253,77
05123,"St. Francis, AR",254,337
50003,"Bennington, VT",255,902
19155,"Pottawattamie, IA",256,52
27129,"Renville, MN",257,340
42037,"Columbia, PA",258,722
18135,"Randolph, IN",259,480
20045,"Douglas, KS",260,176
27173,"Yellow Medicine, MN",261,333
47151,"Scott, TN",262,1090
17093,"Kendall, IL",263,519
48113,"Dallas, TX",264,12
27093,"Meeker, MN",265,640
40051,"Grady, OK",266,189
36091,"Saratoga, NY",267,699
26057,"Gratiot, MI",268,613
18001,"Adams, IN",269,793
21117,"Kenton, KY",270,999
50007,"Chittenden, VT",271,931
17129,"Menard, IL",272,831
36041,"Hamilton, NY",273,929
17121,"Marion, IL",274,518
36031,"Essex, NY",275,592
12105,"Polk, FL",276,25
18177,"Wayne, IN",277,504
17033,"Crawford, IL",278,668
36109,"Tompkins, NY",279,541
17085,"Jo Daviess, IL",280,1062
19109,"Kossuth, IA",281,363
26037,"Clinton, MI",282,725
05069,"Jefferson, AR",283,139
42081,"Lycoming, PA",284,628
21083,"Graves, KY",285,752
09110,"Capitol, CT",286,143
21037,"Campbell, KY",287,1013
31109,"Lancaster, NE",288,214
19069,"Franklin, IA",289,339
39033,"Crawford, OH",290,510
42013,"Blair, PA",291,327
45083,"Spartanburg, SC",292,644
39153,"Summit, OH",293,267
42083,"McKean, PA",294,397
27101,"Murray, MN",295,322
19073,"Greene, IA",296,354
46051,"Grant, SD",297,409
45003,"Aiken, SC",298,649
18023,"Clinton, IN",299,717
17187,"Warren, IL",300,605
21081,"Grant, KY",301,1075
46011,"Brookings, SD",302,581
48479,"Webb, TX",303,110
45011,"Barnwell, SC",304,565
48343,"Morris, TX",305,425
29113,"Lincoln, MO",306,741
17157,"Randolph, IL",307,89
26157,"Tuscola, MI",308,497
21177,"Muhlenberg, KY",309,85
17029,"Coles, IL",310,568
45007,"Anderson, SC",311,155
47017,"Carroll, TN",312,761
46109,"Roberts, SD",313,412
26107,"Mecosta, MI",314,990
47029,"Cocke, TN",315,997
45085,"Sumter, SC",316,684
19097,"Jackson, IA",317,758
42089,"Monroe, PA",318,525
17047,"Edwards, IL",319,456
27033,"Cottonwood, MN",320,398
31153,"Sarpy, NE",321,18
27013,"Blue Earth, MN",322,663
40133,"Seminole, OK",323,323
26021,"Berrien, MI",324,460
47019,"Carter, TN",325,977
37153,"Richmond, NC",326,181
47101,"Lewis, TN",327,1045
19027,"Carroll, IA",328,573
36069,"Ontario, NY",329,797
04015,"Mohave, AZ",330,484
33011,"Hillsborough, NH",331,271
39049,"Franklin, OH",332,81
05007,"Benton, AR",333,620
55021,"Columbia, WI",334,612
19013,"Black Hawk, IA",335,782
16057,"Latah, ID",336,750
40001,"Adair, OK",337,719
37151,"Randolph, NC",338,712
27039,"Dodge, MN",339,1002
26067,"Ionia, MI",340,676
48233,"Hutchinson, TX",341,321
55119,"Taylor, WI",342,903
19019,"Buchanan, IA",343,585
13057,"Cherokee, GA",344,677
19179,"Wapello, IA",345,443
21213,"Simpson, KY",346,871
49027,"Millard, UT",347,67
19115,"Louisa, IA",348,523
38055,"McLean, ND",349,427
33005,"Cheshire, NH",350,927
20177,"Shawnee, KS",351,131
37161,"Rutherford, NC",352,247
19059,"Dickinson, IA",353,768
29211,"Sullivan, MO",354,365
21191,"Pendleton, KY",355,1154
40027,"Cleveland, OK",356,591
13303,"Washington, GA",357,49
37097,"Iredell, NC",358,743
17191,"Wayne, IL",359,697
08101,"Pueblo, CO",360,90
27091,"Martin, MN",361,415
37121,"Mitchell, NC",362,972
48027,"Bell, TX",363,40
42051,"Fayette, PA",364,191
45041,"Florence, SC",365,757
17015,"Carroll, IL",366,923
24027,"Howard, MD",367,846
19151,"Pocahontas, IA",368,326
23017,"Oxford, ME",369,301
21173,"Montgomery, KY",370,794
45075,"Orangeburg, SC",371,562
54077,"Preston, WV",372,173
18105,"Monroe, IN",373,979
13163,"Jefferson, GA",374,127
40081,"Lincoln, OK",375,643
39097,"Madison, OH",376,135
46077,"Kingsbury, SD",377,435
19123,"Mahaska, IA",378,624
47055,"Giles, TN",379,1128
42115,"Susquehanna, PA",380,777
45055,"Kershaw, SC",381,799
47037,"Davidson, TN",382,343
55131,"Washington, WI",383,858
47049,"Fentress, TN",384,1170
51177,"Spotsylvania, VA",385,248
29510,"St. Louis, MO",386,317
51117,"Mecklenburg, VA",387,30
17111,"McHenry, IL",388,563
51069,"Frederick, VA",389,60
51173,"Smyth, VA",390,607
37183,"Wake, NC",391,707
45073,"Oconee, SC",392,737
29219,"Warren, MO",393,849
21093,"Hardin, KY",394,830
28033,"DeSoto, MS",395,681
21069,"Fleming, KY",396,814
48439,"Tarrant, TX",397,36
47039,"Decatur, TN",398,1106
29165,"Platte, MO",399,277
17119,"Madison, IL",400,107
29007,"Audrain, MO",401,700
25013,"Hampden, MA",402,336
47141,"Putnam, TN",403,1111
45017,"Calhoun, SC",404,806
21049,"Clark, KY",405,184
21229,"Washington, KY",406,866
55057,"Juneau, WI",407,765
42031,"Clarion, PA",408,273
39173,"Wood, OH",409,736
26059,"Hillsdale, MI",410,713
17049,"Effingham, IL",411,987
47043,"Dickson, TN",412,1081
47047,"Fayette, TN",413,887
42093,"Montour, PA",414,286
45087,"Union, SC",415,544
40047,"Garfield, OK",416,212
48145,"Falls, TX",417,69
27169,"Winona, MN",418,917
05093,"Mississippi, AR",419,313
42041,"Cumberland, PA",420,653
21151,"Madison, KY",421,774
47167,"Tipton, TN",422,1091
40015,"Caddo, OK",423,116
17023,"Clark, IL",424,614
48309,"McLennan, TX",425,153
18019,"Clark, IN",426,705
39027,"Clinton, OH",427,948
48139,"Ellis, TX",428,16
37063,"Durham, NC",429,731
51191,"Washington, VA",430,780
48353,"Nolan, TX",431,166
51520,"Bristol, VA",432,823
36123,"Yates, NY",433,84
55001,"Adams, WI",434,909
48375,"Potter, TX",435,239
47125,"Montgomery, TN",436,293
21193,"Perry, KY",437,377
26161,"Washtenaw, MI",438,557
19143,"Osceola, IA",439,502
48453,"Travis, TX",440,17
27161,"Waseca, MN",441,867
26085,"Lake, MI",442,1147
18071,"Jackson, IN",443,862
37081,"Guilford, NC",444,283
17081,"Jefferson, IL",445,695
19161,"Sac, IA",446,470
48487,"Wilbarger, TX",447,39
17147,"Piatt, IL",448,1040
47145,"Roane, TN",449,779
55065,"Lafayette, WI",450,796
50001,"Addison, VT",451,960
18075,"Jay, IN",452,547
26015,"Barry, MI",453,840
47107,"McMinn, TN",454,876
40101,"Muskogee, OK",455,531
19141,"O'Brien, IA",456,704
19035,"Cherokee, IA",457,421
55133,"Waukesha, WI",458,865
47011,"Bradley, TN",459,1061
21011,"Bath, KY",460,1008
30003,"Big Horn, MT",461,576
18165,"Vermillion, IN",462,527
32510,"Carson City, NV",463,511
48223,"Hopkins, TX",464,117
45001,"Abbeville, SC",465,956
26113,"Missaukee, MI",466,1159
23007,"Franklin, ME",467,1110
39077,"Huron, OH",468,847
27063,"Jackson, MN",469,404
47007,"Bledsoe, TN",470,1033
21145,"McCracken, KY",471,34
39151,"Stark, OH",472,180
42029,"Chester, PA",473,57
51037,"Charlotte, VA",474,528
42019,"Butler, PA",475,262
29037,"Cass, MO",476,716
17145,"Perry, IL",477,610
37191,"Wayne, NC",478,123
05053,"Grant, AR",479,783
21097,"Harrison, KY",480,1005
18151,"Steuben, IN",481,1158
47165,"Sumner, TN",482,299
27145,"Stearns, MN",483,906
21141,"Logan, KY",484,863
40131,"Rogers, OK",485,115
18163,"Vanderburgh, IN",486,784
18005,"Bartholomew, IN",487,264
21021,"Boyle, KY",488,1042
18035,"Delaware, IN",489,561
39079,"Jackson, OH",490,771
48157,"Fort Bend, TX",491,38
51087,"Henrico, VA",492,94
42065,"Jefferson, PA",493,623
45063,"Lexington, SC",494,760
48387,"Red River, TX",495,349
45059,"Laurens, SC",496,776
13149,"Heard, GA",497,26
55053,"Jackson, WI",498,851
40087,"McClain, OK",499,714
42049,"Erie, PA",500,269
51027,"Buchanan, VA",501,361
12095,"Orange, FL",502,219
17173,"Shelby, IL",503,693
09150,"Northeastern Connecticut, CT",504,634
17055,"Franklin, IL",505,534
39057,"Greene, OH",506,900
48423,"Smith, TX",507,702
17159,"Richland, IL",508,1043
36117,"Wayne, NY",509,759
39137,"Putnam, OH",510,231
55137,"Waushara, WI",511,826
19065,"Fayette, IA",512,588
19081,"Hancock, IA",513,570
05031,"Craighead, AR",514,625
21209,"Scott, KY",515,1071
51083,"Halifax, VA",516,254
17169,"Schuyler, IL",517,815
47109,"McNairy, TN",518,883
37035,"Catawba, NC",519,282
40107,"Okfuskee, OK",520,388
29177,"Ray, MO",521,841
55111,"Sauk, WI",522,1069
01033,"Colbert, AL",523,109
48029,"Bexar, TX",524,1
37181,"Vance, NC",525,864
13313,"Whitfield, GA",526,114
19047,"Crawford, IA",527,618
18159,"Tipton, IN",528,781
13139,"Hall, GA",529,812
42125,"Washington, PA",530,279
37087,"Haywood, NC",531,1114
45079,"Richland, SC",532,756
05131,"Sebastian, AR",533,819
21137,"Lincoln, KY",534,879
48503,"Young, TX",535,124
22077,"Pointe Coupee, LA",536,157
47161,"Stewart, TN",537,1282
42025,"Carbon, PA",538,696
40037,"Creek, OK",539,675
05125,"Saline, AR",540,877
37007,"Anson, NC",541,745
39109,"Miami, OH",542,263
48213,"Henderson, TX",543,152
39111,"Monroe, OH",544,734
55103,"Richland, WI",545,856
18021,"Clay, IN",546,915
21073,"Franklin, KY",547,1155
48069,"Castro, TX",548,120
48451,"Tom Green, TX",549,158
28073,"Lamar, MS",550,24
39101,"Marion, OH",551,735
34027,"Morris, NJ",552,304
50011,"Franklin, VT",553,1027
31127,"Nemaha, NE",554,410
45065,"McCormick, SC",555,1057
47009,"Blount, TN",556,1162
18043,"Floyd, IN",557,154
37083,"Halifax, NC",558,651
45077,"Pickens, SC",559,1032
19063,"Emmet, IA",560,538
13115,"Floyd, GA",561,102
45021,"Cherokee, SC",562,853
47173,"Union, TN",563,1208
17051,"Fayette, IL",564,692
17193,"White, IL",565,526
47075,"Haywood, TN",566,490
39117,"Morrow, OH",567,882
21239,"Woodford, KY",568,265
48179,"Gray, TX",569,387
19079,"Hamilton, IA",570,720
17009,"Brown, IL",571,1224
29195,"Saline, MO",572,275
48121,"Denton, TX",573,14
34037,"Sussex, NJ",574,305
19031,"Cedar, IA",575,1092
20107,"Linn, KS",576,690
17083,"Jersey, IL",577,1153
18137,"Ripley, IN",578,945
48227,"Howard, TX",579,240
26093,"Livingston, MI",580,641
01071,"Jackson, AL",581,45
26101,"Manistee, MI",582,1049
09160,"Northwest Hills, CT",583,616
21025,"Breathitt, KY",584,594
29001,"Adair, MO",585,963
19105,"Jones, IA",586,1149
19083,"Hardin, IA",587,521
39067,"Harrison, OH",588,559
29121,"Macon, MO",589,645
20111,"Lyon, KS",590,694
17087,"Johnson, IL",591,978
40125,"Pottawatomie, OK",592,810
47143,"Rhea, TN",593,217
01089,"Madison, AL",594,190
47113,"Madison, TN",595,1087
13137,"Habersham, GA",596,1098
51660,"Harrisonburg, VA",597,281
48117,"Deaf Smith, TX",598,539
47185,"White, TN",599,1221
18027,"Daviess, IN",600,872
33019,"Sullivan, NH",601,916
54067,"Nicholas, WV",602,778
19087,"Henry, IA",603,952
18183,"Whitley, IN",604,930
48181,"Grayson, TX",605,656
39039,"Defiance, OH",606,919
21147,"McCreary, KY",607,1112
05103,"Ouachita, AR",608,423
13063,"Clayton, GA",609,289
27165,"Watonwan, MN",610,481
19017,"Bremer, IA",611,1094
19099,"Jasper, IA",612,1084
37089,"Henderson, NC",613,1139
29107,"Lafayette, MO",614,1077
19025,"Calhoun, IA",615,520
13033,"Burke, GA",616,251
39175,"Wyandot, OH",617,884
34031,"Passaic, NJ",618,951
19175,"Union, IA",619,600
42039,"Crawford, PA",620,723
08001,"Adams, CO",621,87
51147,"Prince Edward, VA",622,788
33003,"Carroll, NH",623,1096
48059,"Callahan, TX",624,159
42091,"Montgomery, PA",625,111
13263,"Talbot, GA",626,108
48277,"Lamar, TX",627,160
37123,"Montgomery, NC",628,854
47097,"Lauderdale, TN",629,1030
13097,"Douglas, GA",630,122
39171,"Williams, OH",631,285
51005,"Alleghany, VA",632,238
53003,"Asotin, WA",633,839
51680,"Lynchburg, VA",634,966
37109,"Lincoln, NC",635,914
47187,"Williamson, TN",636,1190
37093,"Hoke, NC",637,880
51081,"Greensville, VA",638,177
47111,"Macon, TN",639,1267
37145,"Person, NC",640,928
55101,"Racine, WI",641,270
54081,"Raleigh, WV",642,898
21005,"Anderson, KY",643,1235
17043,"DuPage, IL",644,284
51035,"Carroll, VA",645,921
19111,"Lee, IA",646,198
48207,"Haskell, TX",647,56
51640,"Galax, VA",648,1097
27015,"Brown, MN",649,939
48491,"Williamson, TX",650,32
26005,"Allegan, MI",651,648
13175,"Laurens, GA",652,236
39133,"Portage, OH",653,1177
47083,"Houston, TN",654,1304
40103,"Noble, OK",655,646
13107,"Emanuel, GA",656,888
42067,"Juniata, PA",657,302
49041,"Sevier, UT",658,683
29053,"Cooper, MO",659,980
20001,"Allen, KS",660,471
50025,"Windham, VT",661,1230
20121,"Miami, KS",662,1083
40137,"Stephens, OK",663,742
37065,"Edgecombe, NC",664,726
28093,"Marshall, MS",665,910
05047,"Franklin, AR",666,957
29147,"Nodaway, MO",667,670
37057,"Davidson, NC",668,848
37005,"Alleghany, NC",669,1247
48203,"Harrison, TX",670,98
47005,"Benton, TN",671,1250
13273,"Terrell, GA",672,165
54061,"Monongalia, WV",673,1174
39095,"Lucas, OH",674,129
21211,"Shelby, KY",675,1272
47133,"Overton, TN",676,1302
48467,"Van Zandt, TX",677,243
48115,"Dawson, TX",678,128
21215,"Spencer, KY",679,1350
26125,"Oakland, MI",680,983
37113,"Macon, NC",681,1215
20011,"Bourbon, KS",682,466
37193,"Wilkes, NC",683,835
45045,"Greenville, SC",684,296
48415,"Scurry, TX",685,80
20029,"Cloud, KS",686,335
47023,"Chester, TN",687,1259
05027,"Columbia, AR",688,508
21205,"Rowan, KY",689,1253
47153,"Sequatchie, TN",690,1344
47021,"Cheatham, TN",691,1198
29109,"Lawrence, MO",692,893
48135,"Ector, TX",693,147
48083,"Coleman, TX",694,353
20127,"Morris, KS",695,577
51590,"Danville, VA",696,706
27095,"Mille Lacs, MN",697,1066
37127,"Nash, NC",698,938
37185,"Warren, NC",699,748
28081,"Lee, MS",700,907
29127,"Marion, MO",701,886
13161,"Jeff Davis, GA",702,204
39169,"Wayne, OH",703,586
51630,"Fredericksburg, VA",704,1014
18145,"Shelby, IN",705,961
42055,"Franklin, PA",706,306
27023,"Chippewa, MN",707,701
18169,"Wabash, IN",708,912
47091,"Johnson, TN",709,1256
13135,"Gwinnett, GA",710,126
19037,"Chickasaw, IA",711,817
37027,"Caldwell, NC",712,295
27143,"Sibley, MN",713,1072
48189,"Hale, TX",714,144
21009,"Barren, KY",715,964
21131,"Leslie, KY",716,632
46029,"Codington, SD",717,827
56031,"Platte, WY",718,384
39145,"Scioto, OH",719,989
19091,"Humboldt, IA",720,587
39159,"Union, OH",721,178
39047,"Fayette, OH",722,291
20059,"Franklin, KS",723,922
48249,"Jim Wells, TX",724,196
20099,"Labette, KS",725,400
39165,"Warren, OH",726,380
21155,"Marion, KY",727,1000
48143,"Erath, TX",728,226
37023,"Burke, NC",729,1035
47025,"Claiborne, TN",730,1263
51063,"Floyd, VA",731,1332
37077,"Granville, NC",732,970
51143,"Pittsylvania, VA",733,680
18117,"Orange, IN",734,1281
01049,"DeKalb, AL",735,1089
40021,"Cherokee, OK",736,1152
45081,"Saluda, SC",737,868
22067,"Morehouse, LA",738,201
29159,"Pettis, MO",739,1073
47175,"Van Buren, TN",740,1337
51085,"Hanover, VA",741,188
05145,"White, AR",742,252
50023,"Washington, VT",743,1245
19183,"Washington, IA",744,1009
19197,"Wright, IA",745,657
27103,"Nicollet, MN",746,1141
29101,"Johnson, MO",747,1180
01079,"Lawrence, AL",748,1011
21113,"Jessamine, KY",749,1209
19075,"Grundy, IA",750,981
51840,"Winchester, VA",751,1202
19007,"Appanoose, IA",752,566
48399,"Runnels, TX",753,396
48025,"Bee, TX",754,161
13103,"Effingham, GA",755,31
48437,"Swisher, TX",756,79
18139,"Rush, IN",757,772
19137,"Montgomery, IA",758,654
37067,"Forsyth, NC",759,1085
37011,"Avery, NC",760,1269
08069,"Larimer, CO",761,564
29139,"Montgomery, MO",762,984
47079,"Henry, TN",763,1296
39103,"Medina, OH",764,1212
13015,"Bartow, GA",765,790
47183,"Weakley, TN",766,1192
05045,"Faulkner, AR",767,985
31147,"Richardson, NE",768,386
29019,"Boone, MO",769,307
51111,"Lunenburg, VA",770,674
29033,"Carroll, MO",771,430
54025,"Greenbrier, WV",772,1126
40071,"Kay, OK",773,507
21035,"Calloway, KY",774,330
48131,"Duval, TX",775,367
05011,"Bradley, AR",776,496
29083,"Henry, MO",777,138
39023,"Clark, OH",778,708
26099,"Macomb, MI",779,603
37101,"Johnston, NC",780,937
42075,"Lebanon, PA",781,1179
28027,"Coahoma, MS",782,356
21115,"Johnson, KY",783,1059
42077,"Lehigh, PA",784,292
22073,"Ouachita, LA",785,767
40089,"McCurtain, OK",786,622
48037,"Bowie, TX",787,255
19093,"Ida, IA",788,687
21217,"Taylor, KY",789,1237
28003,"Alcorn, MS",790,1044
24013,"Carroll, MD",791,1099
19095,"Iowa, IA",792,1131
40007,"Beaver, OK",793,459
28107,"Panola, MS",794,932
48021,"Bastrop, TX",795,86
39149,"Shelby, OH",796,1201
37169,"Stokes, NC",797,901
05067,"Jackson, AR",798,454
39157,"Tuscarawas, OH",799,619
19157,"Poweshiek, IA",800,1123
19171,"Tama, IA",801,579
27065,"Kanabec, MN",802,1102
20149,"Pottawatomie, KS",803,899
19181,"Warren, IA",804,312
17077,"Jackson, IL",805,875
01059,"Franklin, AL",806,1392
09140,"Naugatuck Valley, CT",807,842
18109,"Morgan, IN",808,213
20037,"Crawford, KS",809,766
21207,"Russell, KY",810,1078
42127,"Wayne, PA",811,1107
39055,"Geauga, OH",812,1232
08081,"Moffat, CO",813,710
17035,"Cumberland, IL",814,954
51025,"Brunswick, VA",815,593
40023,"Choctaw, OK",816,452
37175,"Transylvania, NC",817,1234
55077,"Marquette, WI",818,1290
19185,"Wayne, IA",819,572
29137,"Monroe, MO",820,1037
18123,"Perry, IN",821,1330
48363,"Palo Pinto, TX",822,222
29135,"Moniteau, MO",823,1283
04027,"Yuma, AZ",824,215
51109,"Louisa, VA",825,1006
21227,"Warren, KY",826,1255
21077,"Gallatin, KY",827,1396
19191,"Winneshiek, IA",828,1067
51167,"Russell, VA",829,185
12119,"Sumter, FL",830,256
47071,"Hardin, TN",831,1323
46099,"Minnehaha, SD",832,1021
19029,"Cass, IA",833,621
55047,"Green Lake, WI",834,1241
24021,"Frederick, MD",835,974
29013,"Bates, MO",836,1169
48041,"Brazos, TX",837,859
05071,"Johnson, AR",838,1355
39037,"Darke, OH",839,316
40117,"Pawnee, OK",840,855
38015,"Burleigh, ND",841,1108
13285,"Troup, GA",842,280
51185,"Tazewell, VA",843,672
21017,"Bourbon, KY",844,1314
18175,"Washington, IN",845,1343
40091,"McIntosh, OK",846,824
22009,"Avoyelles, LA",847,803
13157,"Jackson, GA",848,969
47033,"Crockett, TN",849,1046
48185,"Grimes, TX",850,211
48049,"Brown, TX",851,728
51770,"Roanoke, VA",852,1093
46083,"Lincoln, SD",853,892
37199,"Yancey, NC",854,1346
20139,"Osage, KS",855,770
48047,"Brooks, TX",856,246
39163,"Vinton, OH",857,260
51049,"Cumberland, VA",858,1050
31043,"Dakota, NE",859,908
18059,"Hancock, IN",860,1220
37195,"Wilson, NC",861,994
48427,"Starr, TX",862,253
19119,"Lyon, IA",863,1010
47117,"Marshall, TN",864,1276
19107,"Keokuk, IA",865,601
28139,"Tippah, MS",866,1181
21079,"Garrard, KY",867,314
29205,"Shelby, MO",868,754
49039,"Sanpete, UT",869,881
48221,"Hood, TX",870,55
13095,"Dougherty, GA",871,43
28051,"Holmes, MS",872,378
21023,"Bracken, KY",873,1398
47123,"Monroe, TN",874,1381
47137,"Pickett, TN",875,1374
22029,"Concordia, LA",876,664
40039,"Custer, OK",877,940
47081,"Hickman, TN",878,1294
51195,"Wise, VA",879,225
39107,"Mercer, OH",880,1368
19023,"Butler, IA",881,953
47103,"Lincoln, TN",882,1382
18155,"Switzerland, IN",883,1300
28141,"Tishomingo, MS",884,1189
17041,"Douglas, IL",885,1444
47053,"Gibson, TN",886,1214
17189,"Washington, IL",887,821
31067,"Gage, NE",888,751
37033,"Caswell, NC",889,1228
13141,"Hancock, GA",890,647
19129,"Mills, IA",891,1025
51089,"Henry, VA",892,753
01013,"Butler, AL",893,532
37025,"Cabarrus, NC",894,1142
21185,"Oldham, KY",895,1243
05087,"Madison, AR",896,1313
48395,"Robertson, TX",897,162
34019,"Hunterdon, NJ",898,370
37039,"Cherokee, NC",899,1306
21157,"Marshall, KY",900,1079
01093,"Marion, AL",901,1310
29097,"Jasper, MO",902,171
08031,"Denver, CO",903,28
54037,"Jefferson, WV",904,258
40013,"Bryan, OK",905,773
13247,"Rockdale, GA",906,1124
13297,"Walton, GA",907,186
48389,"Reeves, TX",908,37
39143,"Sandusky, OH",909,1127
48335,"Mitchell, TX",910,183
19053,"Decatur, IA",911,698
05039,"Dallas, AR",912,552
42071,"Lancaster, PA",913,303
29061,"Daviess, MO",914,673
46057,"Hamlin, SD",915,1137
13147,"Hart, GA",916,221
05099,"Nevada, AR",917,433
05111,"Poinsett, AR",918,479
37179,"Union, NC",919,1225
29143,"New Madrid, MO",920,372
21085,"Grayson, KY",921,1401
19125,"Marion, IA",922,308
12003,"Baker, FL",923,242
47061,"Grundy, TN",924,1376
39085,"Lake, OH",925,1115
29039,"Cedar, MO",926,1236
39083,"Knox, OH",927,1052
21043,"Carter, KY",928,1182
22083,"Richland, LA",929,244
47127,"Moore, TN",930,1178
19015,"Boone, IA",931,1206
22035,"East Carroll, LA",932,422
18121,"Parke, IN",933,1393
19085,"Harrison, IA",934,832
46009,"Bon Homme, SD",935,636
20027,"Clay, KS",936,509
20085,"Jackson, KS",937,962
05149,"Yell, AR",938,1051
48077,"Clay, TX",939,843
18179,"Wells, IN",940,1319
18171,"Warren, IN",941,1277
48381,"Randall, TX",942,869
51790,"Staunton, VA",943,1200
33001,"Belknap, NH",944,1173
51065,"Fluvanna, VA",945,1117
13279,"Toombs, GA",946,245
13301,"Warren, GA",947,465
37069,"Franklin, NC",948,1328
21223,"Trimble, KY",949,1365
47149,"Rutherford, TN",950,1284
05141,"Van Buren, AR",951,1367
13117,"Forsyth, GA",952,1223
21007,"Ballard, KY",953,1017
48195,"Hansford, TX",954,638
48161,"Freestone, TX",955,105
28089,"Madison, MS",956,276
48187,"Guadalupe, TX",957,134
21179,"Nelson, KY",958,1388
05129,"Searcy, AR",959,1020
20113,"McPherson, KS",960,798
40011,"Blaine, OK",961,474
28097,"Montgomery, MS",962,611
47147,"Robertson, TN",963,1311
08063,"Kit Carson, CO",964,545
37003,"Alexander, NC",965,1194
45037,"Edgefield, SC",966,1312
48449,"Titus, TX",967,106
29163,"Pike, MO",968,1406
18081,"Johnson, IN",969,1260
46101,"Moody, SD",970,787
19071,"Fremont, IA",971,578
40121,"Pittsburg, OK",972,786
21183,"Ohio, KY",973,1148
48485,"Wichita, TX",974,762
29099,"Jefferson, MO",975,140
28019,"Choctaw, MS",976,686
20013,"Brown, KS",977,669
05119,"Pulaski, AR",978,1086
13291,"Union, GA",979,1402
31131,"Otoe, NE",980,1023
29081,"Harrison, MO",981,682
17027,"Clinton, IL",982,1165
51169,"Scott, VA",983,287
05009,"Boone, AR",984,310
39007,"Ashtabula, OH",985,1065
19101,"Jefferson, IA",986,1293
20205,"Wilson, KS",987,453
13155,"Irwin, GA",988,740
51775,"Salem, VA",989,1207
20005,"Atchison, KS",990,795
29055,"Crawford, MO",991,1286
48257,"Kaufman, TX",992,193
39041,"Delaware, OH",993,325
40083,"Logan, OK",994,942
40035,"Craig, OK",995,667
13311,"White, GA",996,1345
19077,"Guthrie, IA",997,878
51600,"Fairfax, VA",998,1132
13199,"Meriwether, GA",999,1024
22097,"St. Landry, LA",1000,203
29133,"Mississippi, MO",1001,658
20031,"Coffey, KS",1002,660
13193,"Macon, GA",1003,207
48329,"Midland, TX",1004,206
51820,"Waynesboro, VA",1005,1268
48307,"McCulloch, TX",1006,461
05059,"Hot Spring, AR",1007,1103
20155,"Reno, KS",1008,746
39019,"Carroll, OH",1009,1227
28017,"Chickasaw, MS",1010,739
47155,"Sevier, TN",1011,1409
39011,"Auglaize, OH",1012,406
51023,"Botetourt, VA",1013,1150
21051,"Clay, KY",1014,1029
48217,"Hill, TX",1015,133
40111,"Okmulgee, OK",1016,918
12097,"Osceola, FL",1017,1015
49011,"Davis, UT",1018,715
20003,"Anderson, KS",1019,924
12001,"Alachua, FL",1020,272
29217,"Vernon, MO",1021,836
47013,"Campbell, TN",1022,1378
51067,"Franklin, VA",1023,1048
40019,"Carter, OK",1024,844
19011,"Benton, IA",1025,1295
47121,"Meigs, TN",1026,1496
48035,"Bosque, TX",1027,250
28117,"Prentiss, MS",1028,1322
22121,"West Baton Rouge, LA",1029,1130
54013,"Calhoun, WV",1030,802
13091,"Dodge, GA",1031,857
05033,"Crawford, AR",1032,1278
51678,"Lexington, VA",1033,1362
47045,"Dyer, TN",1034,1299
51135,"Nottoway, VA",1035,1144
21031,"Butler, KY",1036,1336
20015,"Butler, KS",1037,837
48149,"Fayette, TX",1038,202
28145,"Union, MS",1039,1324
51540,"Charlottesville, VA",1040,1168
18143,"Scott, IN",1041,1347
13013,"Barrow, GA",1042,1240
48009,"Archer, TX",1043,993
18063,"Hendricks, IN",1044,1320
05085,"Lonoke, AR",1045,1068
42059,"Greene, PA",1046,744
18031,"Decatur, IN",1047,1166
37125,"Moore, NC",1048,1305
47041,"DeKalb, TN",1049,1410
19051,"Davis, IA",1050,1233
05127,"Scott, AR",1051,1270
40153,"Woodward, OK",1052,755
47131,"Obion, TN",1053,1238
31003,"Antelope, NE",1054,463
48119,"Delta, TX",1055,119
21121,"Knox, KY",1056,1261
51161,"Roanoke, VA",1057,1315
05057,"Hempstead, AR",1058,718
48407,"San Jacinto, TX",1059,1116
20159,"Rice, KS",1060,249
28083,"Leflore, MS",1061,450
13189,"McDuffie, GA",1062,920
13293,"Upson, GA",1063,1303
33013,"Merrimack, NH",1064,1185
21075,"Fulton, KY",1065,590
48193,"Hamilton, TX",1066,229
28137,"Tate, MS",1067,1369
28011,"Bolivar, MS",1068,403
21225,"Union, KY",1069,1012
05041,"Desha, AR",1070,449
17163,"St. Clair, IL",1071,729
21001,"Adair, KY",1072,1244
48469,"Victoria, TX",1073,730
40041,"Delaware, OK",1074,1239
29115,"Linn, MO",1075,809
13105,"Elbert, GA",1076,1088
51145,"Powhatan, VA",1077,391
35009,"Curry, NM",1078,941
20171,"Scott, KS",1079,652
13181,"Lincoln, GA",1080,1307
13069,"Coffee, GA",1081,1056
39105,"Meigs, OH",1082,1113
18119,"Owen, IN",1083,1447
39001,"Adams, OH",1084,1122
28133,"Sunflower, MS",1085,368
29031,"Cape Girardeau, MO",1086,1118
17005,"Bond, IL",1087,1390
28007,"Attala, MS",1088,549
40135,"Sequoyah, OK",1089,1064
21047,"Christian, KY",1090,1375
39003,"Allen, OH",1091,1175
13113,"Fayette, GA",1092,233
01133,"Winston, AL",1093,1408
51137,"Orange, VA",1094,1138
21099,"Hart, KY",1095,1331
48067,"Cass, TX",1096,976
48091,"Comal, TX",1097,182
51015,"Augusta, VA",1098,1063
31025,"Cass, NE",1099,1034
20055,"Finney, KS",1100,709
08013,"Boulder, CO",1101,163
08043,"Fremont, CO",1102,288
18013,"Brown, IN",1103,1420
18147,"Spencer, IN",1104,1119
48099,"Coryell, TX",1105,986
39059,"Guernsey, OH",1106,1264
28057,"Itawamba, MS",1107,1372
01045,"Dale, AL",1108,1070
08123,"Weld, CO",1109,637
19009,"Audubon, IA",1110,575
20057,"Ford, KS",1111,805
51009,"Amherst, VA",1112,1120
39141,"Ross, OH",1113,1404
21187,"Owen, KY",1114,1482
51610,"Falls Church, VA",1115,1340
04013,"Maricopa, AZ",1116,11
29111,"Lewis, MO",1117,1353
29075,"Gentry, MO",1118,711
40063,"Hughes, OK",1119,493
34041,"Warren, NJ",1120,324
48159,"Franklin, TX",1121,965
06077,"San Joaquin, CA",1122,83
21123,"Larue, KY",1123,1327
28061,"Jasper, MS",1124,724
13143,"Haralson, GA",1125,1338
29221,"Washington, MO",1126,1386
13255,"Spalding, GA",1127,1341
20131,"Nemaha, KS",1128,807
28143,"Tunica, MS",1129,394
28087,"Lowndes, MS",1130,179
05001,"Arkansas, AR",1131,635
42087,"Mifflin, PA",1132,1271
05035,"Crittenden, AR",1133,850
22041,"Franklin, LA",1134,606
21171,"Monroe, KY",1135,1145
29009,"Barry, MO",1136,1105
50019,"Orleans, VT",1137,1423
19135,"Monroe, IA",1138,733
05091,"Miller, AR",1139,1171
20133,"Neosho, KS",1140,926
29017,"Bollinger, MO",1141,905
18015,"Carroll, IN",1142,1473
20151,"Pratt, KS",1143,595
05021,"Clay, AR",1144,494
29161,"Phelps, MO",1145,1453
39031,"Coshocton, OH",1146,1101
20041,"Dickinson, KS",1147,732
37167,"Stanly, NC",1148,1318
01077,"Lauderdale, AL",1149,1467
18115,"Ohio, IN",1150,1478
28009,"Benton, MS",1151,1203
20161,"Riley, KS",1152,1213
48341,"Moore, TX",1153,1342
05029,"Conway, AR",1154,1195
05095,"Monroe, AR",1155,187
13165,"Jenkins, GA",1156,1047
28071,"Lafayette, MS",1157,1416
06067,"Sacramento, CA",1158,228
48279,"Lamb, TX",1159,475
46079,"Lake, SD",1160,1218
48097,"Cooke, TX",1161,311
28123,"Scott, MS",1162,232
13043,"Candler, GA",1163,1334
29051,"Cole, MO",1164,1437
48253,"Jones, TX",1165,808
29187,"St. Francois, MO",1166,1426
05105,"Perry, AR",1167,1517
48337,"Montague, TX",1168,973
54003,"Berkeley, WV",1169,1383
20115,"Marion, KS",1170,828
22123,"West Carroll, LA",1171,546
39091,"Logan, OH",1172,1187
20043,"Doniphan, KS",1173,934
47051,"Franklin, TN",1174,1487
21125,"Laurel, KY",1175,1431
39069,"Henry, OH",1176,1405
28159,"Winston, MS",1177,982
48093,"Comanche, TX",1178,818
21143,"Lyon, KY",1179,1298
28069,"Kemper, MS",1180,659
40005,"Atoka, OK",1181,1018
20117,"Marshall, KS",1182,604
39131,"Pike, OH",1183,1361
13083,"Dade, GA",1184,1450
18093,"Lawrence, IN",1185,1357
13187,"Lumpkin, GA",1186,1424
20021,"Cherokee, KS",1187,639
29089,"Howard, MO",1188,1316
08087,"Morgan, CO",1189,873
51683,"Manassas, VA",1190,1364
48089,"Colorado, TX",1191,968
19117,"Lucas, IA",1192,958
29049,"Clinton, MO",1193,1457
28111,"Perry, MS",1194,933
20035,"Cowley, KS",1195,838
37105,"Lee, NC",1196,1356
29003,"Andrew, MO",1197,1414
13071,"Colquitt, GA",1198,346
31089,"Holt, NE",1199,665
13317,"Wilkes, GA",1200,1055
51685,"Manassas Park, VA",1201,1176
28013,"Calhoun, MS",1202,950
05049,"Fulton, AR",1203,1521
29155,"Pemiscot, MO",1204,536
47139,"Polk, TN",1205,1465
48055,"Caldwell, TX",1206,913
48473,"Waller, TX",1207,169
18077,"Jefferson, IN",1208,1430
42099,"Perry, PA",1209,1435
37149,"Polk, NC",1210,1411
01015,"Calhoun, AL",1211,218
05051,"Garland, AR",1212,1466
13055,"Chattooga, GA",1213,1377
47015,"Cannon, TN",1214,1484
13299,"Ware, GA",1215,1156
51595,"Emporia, VA",1216,1266
22079,"Rapides, LA",1217,897
13287,"Turner, GA",1218,959
37111,"McDowell, NC",1219,1325
48347,"Nacogdoches, TX",1220,949
28153,"Wayne, MS",1221,1054
48401,"Rusk, TX",1222,1001
48369,"Parmer, TX",1223,946
28115,"Pontotoc, MS",1224,1421
39005,"Ashland, OH",1225,1354
51075,"Goochland, VA",1226,1339
39129,"Pickaway, OH",1227,1188
13243,"Randolph, GA",1228,580
13009,"Baldwin, GA",1229,1036
48373,"Polk, TX",1230,1129
31177,"Washington, NE",1231,1095
13309,"Wheeler, GA",1232,1197
06101,"Sutter, CA",1233,626
13111,"Fannin, GA",1234,1476
13131,"Grady, GA",1235,1249
21221,"Trigg, KY",1236,1515
21045,"Casey, KY",1237,1419
29011,"Barton, MO",1238,1026
13289,"Twiggs, GA",1239,811
48107,"Crosby, TX",1240,439
28155,"Webster, MS",1241,1254
18161,"Union, IN",1242,1438
25015,"Hampshire, MA",1243,1273
01095,"Marshall, AL",1244,1483
34035,"Somerset, NJ",1245,1146
40075,"Kiowa, OK",1246,395
05055,"Greene, AR",1247,1242
05037,"Cross, AR",1248,666
48001,"Anderson, TX",1249,1135
13151,"Henry, GA",1250,1417
51165,"Rockingham, VA",1251,1140
29185,"St. Clair, MO",1252,1363
48141,"El Paso, TX",1253,688
13079,"Crawford, GA",1254,1226
48285,"Lavaca, TX",1255,975
48445,"Terry, TX",1256,598
46067,"Hutchinson, SD",1257,852
05083,"Logan, AR",1258,1475
13241,"Rabun, GA",1259,1076
51011,"Appomattox, VA",1260,1474
20009,"Barton, KS",1261,890
48367,"Parker, TX",1262,801
21029,"Bullitt, KY",1263,1352
21219,"Todd, KY",1264,1490
08083,"Montezuma, CO",1265,1003
28005,"Amite, MS",1266,631
01105,"Perry, AL",1267,446
40141,"Tillman, OK",1268,445
20067,"Grant, KS",1269,775
13047,"Catoosa, GA",1270,1468
22085,"Sabine, LA",1271,749
13053,"Chattahoochee, GA",1272,599
28161,"Yalobusha, MS",1273,1219
37147,"Pitt, NC",1274,1133
39121,"Noble, OH",1275,1495
13185,"Lowndes, GA",1276,1370
29117,"Livingston, MO",1277,447
48255,"Karnes, TX",1278,763
29207,"Stoddard, MO",1279,925
29063,"DeKalb, MO",1280,1216
21199,"Pulaski, KY",1281,1486
47159,"Smith, TN",1282,1513
13159,"Jasper, GA",1283,1262
29119,"McDonald, MO",1284,1412
48281,"Lampasas, TX",1285,1019
48303,"Lubbock, TX",1286,996
13269,"Taylor, GA",1287,1058
48237,"Jack, TX",1288,995
29071,"Franklin, MO",1289,1395
08073,"Lincoln, CO",1290,891
20077,"Harper, KS",1291,424
31097,"Johnson, NE",1292,955
21139,"Livingston, KY",1293,1309
48305,"Lynn, TX",1294,514
01011,"Bullock, AL",1295,727
47003,"Bedford, TN",1296,1464
13319,"Wilkinson, GA",1297,988
01073,"Jefferson, AL",1298,362
29069,"Dunklin, MO",1299,804
13085,"Dawson, GA",1300,1436
28049,"Hinds, MS",1301,889
13197,"Marion, GA",1302,1136
17181,"Union, IL",1303,1333
01001,"Autauga, AL",1304,234
40065,"Jackson, OK",1305,655
13119,"Franklin, GA",1306,1445
40113,"Osage, OK",1307,1308
31059,"Fillmore, NE",1308,548
05097,"Montgomery, AR",1309,1428
13281,"Towns, GA",1310,1516
13305,"Wayne, GA",1311,1441
05025,"Cleveland, AR",1312,1258
48357,"Ochiltree, TX",1313,1121
48251,"Johnson, TX",1314,845
13059,"Clarke, GA",1315,747
01043,"Cullman, AL",1316,1507
20123,"Mitchell, KS",1317,517
01075,"Lamar, AL",1318,1292
28015,"Carroll, MS",1319,947
12083,"Marion, FL",1320,1199
13209,"Montgomery, GA",1321,309
01069,"Houston, AL",1322,1335
28121,"Rankin, MS",1323,1100
48315,"Marion, TX",1324,967
51187,"Warren, VA",1325,489
13245,"Richmond, GA",1326,1427
31095,"Jefferson, NE",1327,522
28001,"Adams, MS",1328,1109
48017,"Bailey, TX",1329,791
48397,"Rockwall, TX",1330,944
40077,"Latimer, OK",1331,1151
13229,"Pierce, GA",1332,1329
17127,"Massac, IL",1333,1446
31141,"Platte, NE",1334,1400
28103,"Noxubee, MS",1335,629
29025,"Caldwell, MO",1336,1459
13195,"Madison, GA",1337,1471
05147,"Woodruff, AR",1338,513
48499,"Wood, TX",1339,1413
29145,"Newton, MO",1340,1358
48015,"Austin, TX",1341,1204
40099,"Murray, OK",1342,1074
05079,"Lincoln, AR",1343,1210
48297,"Live Oak, TX",1344,1080
20175,"Seward, KS",1345,904
29157,"Perry, MO",1346,1512
20201,"Washington, KS",1347,533
13227,"Pickens, GA",1348,1469
05043,"Drew, AR",1349,1394
13017,"Ben Hill, GA",1350,1442
25011,"Franklin, MA",1351,1279
13215,"Muscogee, GA",1352,342
48147,"Fannin, TX",1353,1157
05073,"Lafayette, AR",1354,689
51019,"Bedford, VA",1355,1461
05019,"Clark, AR",1356,1380
48477,"Washington, TX",1357,1172
39075,"Holmes, OH",1358,1492
20189,"Stevens, KS",1359,860
13283,"Treutlen, GA",1360,1449
12117,"Seminole, FL",1361,1434
46027,"Clay, SD",1362,1452
22125,"West Feliciana, LA",1363,1504
48003,"Andrews, TX",1364,1022
13213,"Murray, GA",1365,1491
48013,"Atascosa, TX",1366,998
05081,"Little River, AR",1367,1041
13153,"Houston, GA",1368,259
48005,"Angelina, TX",1369,364
31155,"Saunders, NE",1370,315
13315,"Wilcox, GA",1371,1060
40009,"Beckham, OK",1372,1053
48287,"Lee, TX",1373,1164
21235,"Whitley, KY",1374,1506
18079,"Jennings, IN",1375,1489
13277,"Tift, GA",1376,1321
31051,"Dixon, NE",1377,874
12023,"Columbia, FL",1378,352
28065,"Jefferson Davis, MS",1379,822
13167,"Johnson, GA",1380,1455
54065,"Morgan, WV",1381,1543
46015,"Brule, SD",1382,1257
22049,"Jackson, LA",1383,1326
05133,"Sevier, AR",1384,1443
05121,"Randolph, AR",1385,1523
48493,"Wilson, TX",1386,971
29023,"Butler, MO",1387,1387
22015,"Bossier, LA",1388,1274
13221,"Oglethorpe, GA",1389,1418
48163,"Frio, TX",1390,192
22065,"Madison, LA",1391,861
51171,"Shenandoah, VA",1392,1301
13271,"Telfair, GA",1393,991
13021,"Bibb, GA",1394,294
48183,"Gregg, TX",1395,1399
13025,"Brantley, GA",1396,1498
28029,"Copiah, MS",1397,1429
22091,"St. Helena, LA",1398,1317
48063,"Camp, TX",1399,1440
20125,"Montgomery, KS",1400,785
06069,"San Benito, CA",1401,1007
12125,"Union, FL",1402,1285
29067,"Douglas, MO",1403,1460
48497,"Wise, TX",1404,230
05137,"Stone, AR",1405,1541
48459,"Upshur, TX",1406,1456
51003,"Albemarle, VA",1407,1366
48225,"Houston, TX",1408,1163
22061,"Lincoln, LA",1409,1493
40095,"Marshall, OK",1410,1134
01109,"Pike, AL",1411,1539
22025,"Catahoula, LA",1412,1039
06113,"Yolo, CA",1413,936
01085,"Lowndes, AL",1414,813
13035,"Butts, GA",1415,1501
22115,"Vernon, LA",1416,1193
48219,"Hockley, TX",1417,1004
01081,"Lee, AL",1418,1500
28023,"Clarke, MS",1419,274
40127,"Pushmataha, OK",1420,1373
48379,"Rains, TX",1421,1246
31027,"Cedar, NE",1422,935
40149,"Washita, OK",1423,789
17133,"Monroe, IL",1424,1509
28105,"Oktibbeha, MS",1425,1470
40067,"Jefferson, OK",1426,615
12041,"Gilchrist, FL",1427,297
48419,"Shelby, TX",1428,1160
01101,"Montgomery, AL",1429,1349
28149,"Warren, MS",1430,1280
01041,"Crenshaw, AL",1431,1184
20069,"Gray, KS",1432,1167
29131,"Miller, MO",1433,1528
40033,"Cotton, OK",1434,679
01005,"Barbour, AL",1435,1432
13109,"Evans, GA",1436,1514
01125,"Tuscaloosa, AL",1437,1530
06099,"Stanislaus, CA",1438,703
01057,"Fayette, AL",1439,1407
01113,"Russell, AL",1440,1538
48153,"Floyd, TX",1441,467
31179,"Wayne, NE",1442,1191
13037,"Calhoun, GA",1443,261
13169,"Jones, GA",1444,1524
31111,"Lincoln, NE",1445,1351
48075,"Childress, TX",1446,216
08035,"Douglas, CO",1447,1196
48177,"Gonzales, TX",1448,992
28067,"Jones, MS",1449,1454
46065,"Hughes, SD",1450,1458
48169,"Garza, TX",1451,1031
12039,"Gadsden, FL",1452,1291
28035,"Forrest, MS",1453,1480
28043,"Grenada, MS",1454,1433
39115,"Morgan, OH",1455,1479
06019,"Fresno, CA",1456,691
48259,"Kendall, TX",1457,1251
40061,"Haskell, OK",1458,1371
22037,"East Feliciana, LA",1459,1229
48289,"Leon, TX",1460,1348
13023,"Bleckley, GA",1461,1508
31119,"Madison, NE",1462,1252
28037,"Franklin, MS",1463,1217
01055,"Etowah, AL",1464,1518
13073,"Columbia, GA",1465,1502
13225,"Peach, GA",1466,671
28099,"Neshoba, MS",1467,1463
13321,"Worth, GA",1468,1497
31107,"Knox, NE",1469,870
28085,"Lincoln, MS",1470,1520
40055,"Greer, OK",1471,569
29043,"Christian, MO",1472,1519
01021,"Chilton, AL",1473,1554
39015,"Brown, OH",1474,1537
39119,"Muskingum, OH",1475,1532
22059,"LaSalle, LA",1476,1397
40093,"Major, OK",1477,1104
48455,"Trinity, TX",1478,1403
22039,"Evangeline, LA",1479,1222
28127,"Simpson, MS",1480,1211
31023,"Butler, NE",1481,943
56015,"Goshen, WY",1482,1143
48209,"Hays, TX",1483,1125
28129,"Smith, MS",1484,1415
05117,"Prairie, AR",1485,1038
05135,"Sharp, AR",1486,1548
48073,"Cherokee, TX",1487,1288
01061,"Geneva, AL",1488,1551
22119,"Webster, LA",1489,1205
22069,"Natchitoches, LA",1490,1425
01121,"Talladega, AL",1491,462
01031,"Coffee, AL",1492,1550
01117,"Shelby, AL",1493,1545
29153,"Ozark, MO",1494,1534
48501,"Yoakum, TX",1495,1016
48411,"San Saba, TX",1496,1028
12073,"Leon, FL",1497,1289
28031,"Covington, MS",1498,1297
04021,"Pinal, AZ",1499,136
48205,"Hartley, TX",1500,1391
51079,"Greene, VA",1501,1558
28147,"Walthall, MS",1502,1472
22081,"Red River, LA",1503,764
20145,"Pawnee, KS",1504,825
48457,"Tyler, TX",1505,1505
48313,"Madison, TX",1506,1384
51113,"Madison, VA",1507,1555
13183,"Long, GA",1508,1527
05075,"Lawrence, AR",1509,1359
28075,"Lauderdale, MS",1510,1439
13211,"Morgan, GA",1511,1546
20053,"Ellsworth, KS",1512,1161
28131,"Stone, MS",1513,1510
01123,"Tallapoosa, AL",1514,1535
01115,"St. Clair, AL",1515,1553
28101,"Newton, MS",1516,1477
06031,"Kings, CA",1517,266
28079,"Leake, MS",1518,1462
31033,"Cheyenne, NE",1519,911
29213,"Taney, MO",1520,1547
08014,"Broomfield, CO",1521,1265
01107,"Pickens, AL",1522,1389
48339,"Montgomery, TX",1523,1379
13219,"Oconee, GA",1524,1544
01067,"Henry, AL",1525,1549
48325,"Medina, TX",1526,1231
01027,"Clay, AL",1527,1562
13093,"Dooly, GA",1528,1385
01009,"Blount, AL",1529,1560
46127,"Union, SD",1530,1526
06047,"Merced, CA",1531,792
22043,"Grant, LA",1532,1533
31185,"York, NE",1533,1511
48471,"Walker, TX",1534,1481
20095,"Kingman, KS",1535,1082
22011,"Beauregard, LA",1536,1448
31159,"Seward, NE",1537,1529
31035,"Clay, NE",1538,1186
13235,"Pulaski, GA",1539,1494
48241,"Jasper, TX",1540,1525
31011,"Boone, NE",1541,896
31151,"Saline, NE",1542,1531
13133,"Greene, GA",1543,1556
01007,"Bibb, AL",1544,1559
48051,"Burleson, TX",1545,1542
28077,"Lawrence, MS",1546,1499
06061,"Placer, CA",1547,1275
48365,"Panola, TX",1548,1522
48199,"Hardin, TX",1549,1422
01091,"Marengo, AL",1550,1248
31081,"Hamilton, NE",1551,1552
13145,"Harris, GA",1552,1563
22021,"Caldwell, LA",1553,1540
13081,"Crisp, GA",1554,1485
31143,"Polk, NE",1555,1183
01051,"Elmore, AL",1556,1565
48291,"Liberty, TX",1557,1360
28113,"Pike, MS",1558,1536
01111,"Randolph, AL",1559,1564
48425,"Somervell, TX",1560,1503
01065,"Hale, AL",1561,1451
01087,"Macon, AL",1562,1287
48031,"Blanco, TX",1563,1488
48165,"Gaines, TX",1564,1557
31093,"Howard, NE",1565,1561
