,county,p_industry,has_dc,rank_revealed,rank_monetized_190,rank_balanced
04013,"Maricopa, AZ",0.9637,True,1,1164,1418
48113,"Dallas, TX",0.9592,True,2,108,293
39061,"Hamilton, OH",0.9269,True,3,708,920
26163,"Wayne, MI",0.9199,True,4,1303,445
48439,"Tarrant, TX",0.9154,True,5,123,1058
42091,"Montgomery, PA",0.9146,True,6,162,1352
48029,"Bexar, TX",0.9042,True,7,187,1161
32003,"Clark, NV",0.9032,True,8,1326,618
49035,"Salt Lake, UT",0.8858,True,9,60,596
42003,"Allegheny, PA",0.8688,True,10,1203,409
37119,"Mecklenburg, NC",0.8677,True,11,103,353
39035,"Cuyahoga, OH",0.866,True,12,683,928
27053,"Hennepin, MN",0.8642,True,13,1244,1128
41067,"Washington, OR",0.8451,True,14,624,234
39049,"Franklin, OH",0.8402,True,15,857,499
13135,"Gwinnett, GA",0.8385,True,16,775,1178
48141,"El Paso, TX",0.8385,False,17,7,1359
48453,"Travis, TX",0.8308,True,18,204,1061
41051,"Multnomah, OR",0.8128,False,19,380,1076
48121,"Denton, TX",0.812,True,20,325,384
17031,"Cook, IL",0.7618,True,21,1327,741
42011,"Berks, PA",0.7608,True,22,106,375
19153,"Polk, IA",0.7596,True,23,546,38
42029,"Chester, PA",0.7568,True,24,150,482
08031,"Denver, CO",0.7539,True,25,1539,1546
27123,"Ramsey, MN",0.7356,False,26,1217,1169
36029,"Erie, NY",0.7295,True,27,980,995
40109,"Oklahoma, OK",0.714,True,28,268,915
49049,"Utah, UT",0.7059,True,29,125,568
37183,"Wake, NC",0.6964,False,30,155,449
48027,"Bell, TX",0.6842,True,31,429,953
48215,"Hidalgo, TX",0.6705,True,32,740,935
48135,"Ector, TX",0.6583,False,33,54,1002
36055,"Monroe, NY",0.6553,False,34,917,1143
13121,"Fulton, GA",0.6527,True,35,859,283
08041,"El Paso, CO",0.6518,True,36,1467,540
42133,"York, PA",0.6478,False,37,107,386
48085,"Collin, TX",0.6441,True,38,271,298
31055,"Douglas, NE",0.6438,True,39,1307,1226
51087,"Henrico, VA",0.6414,True,40,523,1459
37021,"Buncombe, NC",0.6399,True,41,17,151
48157,"Fort Bend, TX",0.6374,True,42,161,218
48491,"Williamson, TX",0.6201,True,43,347,1032
39025,"Clermont, OH",0.6184,False,44,586,128
42079,"Luzerne, PA",0.6171,True,45,256,27
42043,"Dauphin, PA",0.5941,False,46,191,383
37067,"Forsyth, NC",0.5938,False,47,230,1257
42077,"Lehigh, PA",0.5842,True,48,145,1309
45083,"Spartanburg, SC",0.5786,False,49,12,976
26081,"Kent, MI",0.5698,False,50,1153,559
45045,"Greenville, SC",0.5629,True,51,64,1013
26125,"Oakland, MI",0.5629,False,52,1172,767
18097,"Marion, IN",0.5535,True,53,1177,1334
21111,"Jefferson, KY",0.5535,False,54,827,961
49011,"Davis, UT",0.5523,False,55,217,1524
48139,"Ellis, TX",0.519,True,56,15,160
48187,"Guadalupe, TX",0.5154,False,57,801,1149
48257,"Kaufman, TX",0.5035,False,58,419,438
36067,"Onondaga, NY",0.5001,False,59,957,1019
51177,"Spotsylvania, VA",0.4975,True,60,207,1427
42071,"Lancaster, PA",0.4914,True,61,142,605
37071,"Gaston, NC",0.4902,False,62,51,1151
48451,"Tom Green, TX",0.4876,False,63,282,967
48375,"Potter, TX",0.4843,True,64,404,131
13151,"Henry, GA",0.4798,False,65,934,1350
39165,"Warren, OH",0.4792,False,66,649,1113
48485,"Wichita, TX",0.4724,False,67,20,1033
37063,"Durham, NC",0.4714,False,68,47,1203
48309,"McLennan, TX",0.4707,False,69,67,58
37081,"Guilford, NC",0.4682,True,70,201,332
48091,"Comal, TX",0.4642,False,71,348,1246
08001,"Adams, CO",0.4634,False,72,1477,893
21015,"Boone, KY",0.461,False,73,379,933
48329,"Midland, TX",0.4602,False,74,146,1108
55079,"Milwaukee, WI",0.4593,True,75,1148,1208
51760,"Richmond, VA",0.4554,False,76,516,1243
06067,"Sacramento, CA",0.4463,True,77,1557,1557
48339,"Montgomery, TX",0.4418,False,78,357,1374
51069,"Frederick, VA",0.4256,True,79,286,821
40027,"Cleveland, OK",0.4157,False,80,359,129
27037,"Dakota, MN",0.4084,True,81,1268,1085
39151,"Stark, OH",0.403,True,82,736,205
42041,"Cumberland, PA",0.3898,False,83,104,543
21117,"Kenton, KY",0.3864,False,84,414,934
39095,"Lucas, OH",0.3862,False,85,707,1054
01089,"Madison, AL",0.383,True,86,913,276
16001,"Ada, ID",0.3803,False,87,156,329
36001,"Albany, NY",0.3682,False,88,937,1222
41005,"Clackamas, OR",0.3621,False,89,151,464
20209,"Wyandotte, KS",0.3611,False,90,537,1214
40143,"Tulsa, OK",0.3605,True,91,138,42
53011,"Clark, WA",0.3572,False,92,365,7
37035,"Catawba, NC",0.3554,True,93,179,1191
34027,"Morris, NJ",0.3546,False,94,1450,1450
48303,"Lubbock, TX",0.354,False,95,387,1186
39099,"Mahoning, OH",0.3525,False,96,510,955
42129,"Westmoreland, PA",0.352,True,97,1183,343
37097,"Iredell, NC",0.3517,False,98,219,551
13063,"Clayton, GA",0.3513,True,99,865,1089
39155,"Trumbull, OH",0.3456,False,100,747,20
17197,"Will, IL",0.3443,False,101,1208,604
42075,"Lebanon, PA",0.3442,False,102,126,1248
39153,"Summit, OH",0.3411,True,103,746,996
24027,"Howard, MD",0.3389,False,104,722,1413
51085,"Hanover, VA",0.3325,True,105,559,871
42051,"Fayette, PA",0.3277,False,106,641,531
17161,"Rock Island, IL",0.3199,False,107,1064,210
42069,"Lackawanna, PA",0.3196,False,108,109,230
41047,"Marion, OR",0.3185,False,109,222,492
42007,"Beaver, PA",0.3162,True,110,1197,397
13113,"Fayette, GA",0.316,True,111,743,1249
31153,"Sarpy, NE",0.316,True,112,1345,1316
45007,"Anderson, SC",0.3158,False,113,18,107
17043,"DuPage, IL",0.3154,True,114,1239,1446
48221,"Hood, TX",0.3064,True,115,32,256
42019,"Butler, PA",0.3019,True,116,52,408
36065,"Oneida, NY",0.3017,False,117,883,1060
48479,"Webb, TX",0.3015,False,118,290,951
37089,"Henderson, NC",0.3014,False,119,92,1193
13077,"Coweta, GA",0.2972,True,120,385,436
13153,"Houston, GA",0.2971,False,121,969,1440
31109,"Lancaster, NE",0.296,True,122,1421,554
06019,"Fresno, CA",0.289,False,123,1560,1558
48251,"Johnson, TX",0.2888,False,124,192,491
19113,"Linn, IA",0.2854,False,125,292,34
19163,"Scott, IA",0.285,False,126,583,5
34031,"Passaic, NJ",0.2845,False,127,1455,1470
01073,"Jefferson, AL",0.2839,True,128,991,520
48277,"Lamar, TX",0.2835,False,129,291,183
48487,"Wilbarger, TX",0.2817,True,130,362,931
48231,"Hunt, TX",0.2803,False,131,87,52
29510,"St. Louis, MO",0.2789,False,132,1420,1351
26161,"Washtenaw, MI",0.275,False,133,1267,705
37045,"Cleveland, NC",0.2722,True,134,29,262
36091,"Saratoga, NY",0.2717,False,135,878,1232
29077,"Greene, MO",0.2712,False,136,738,453
29189,"St. Louis, MO",0.2635,True,137,1406,1142
08035,"Douglas, CO",0.263,False,138,1508,912
45079,"Richland, SC",0.2615,False,139,116,239
51109,"Louisa, VA",0.2614,False,140,997,869
51660,"Harrisonburg, VA",0.2601,True,141,386,1341
48209,"Hays, TX",0.2601,False,142,759,1386
13215,"Muscogee, GA",0.2557,True,143,772,1324
26099,"Macomb, MI",0.2553,False,144,1246,1447
48389,"Reeves, TX",0.2548,True,145,68,1007
21037,"Campbell, KY",0.2529,False,146,409,938
37025,"Cabarrus, NC",0.2519,False,147,276,1281
53025,"Grant, WA",0.2506,True,148,407,1
48041,"Brazos, TX",0.2503,False,149,147,435
17201,"Winnebago, IL",0.2497,False,150,1056,348
04021,"Pinal, AZ",0.2497,False,151,1072,1523
53005,"Benton, WA",0.2469,False,152,1115,6
12105,"Polk, FL",0.2466,False,153,1261,707
08123,"Weld, CO",0.2428,False,154,1544,884
36093,"Schenectady, NY",0.2414,False,155,928,1263
39141,"Ross, OH",0.2389,False,156,785,381
39057,"Greene, OH",0.2368,False,157,609,1106
45003,"Aiken, SC",0.2362,False,158,5,46
48441,"Taylor, TX",0.2275,True,159,84,919
13139,"Hall, GA",0.2267,False,160,821,1192
42125,"Washington, PA",0.2263,False,161,990,489
42107,"Schuylkill, PA",0.226,False,162,98,159
39051,"Fulton, OH",0.2259,False,163,984,134
48233,"Hutchinson, TX",0.2208,False,164,195,55
26065,"Ingham, MI",0.2202,False,165,998,337
48367,"Parker, TX",0.2174,False,166,63,518
17143,"Peoria, IL",0.214,False,167,1355,268
37023,"Burke, NC",0.2126,False,168,163,609
45077,"Pickens, SC",0.2114,False,169,43,271
21067,"Fayette, KY",0.2111,True,170,574,937
47037,"Davidson, TN",0.2093,False,171,521,940
13117,"Forsyth, GA",0.2085,False,172,773,1251
13021,"Bibb, GA",0.2076,False,173,950,1385
39173,"Wood, OH",0.2067,False,174,1051,83
12095,"Orange, FL",0.2052,False,175,1194,847
45063,"Lexington, SC",0.2049,False,176,112,174
28033,"DeSoto, MS",0.2039,False,177,804,413
49015,"Emery, UT",0.2037,False,178,6,1029
19013,"Black Hawk, IA",0.2022,False,179,620,135
55105,"Rock, WI",0.2004,False,180,1260,372
48021,"Bastrop, TX",0.1932,True,181,129,1018
42049,"Erie, PA",0.1925,False,182,539,1094
39041,"Delaware, OH",0.1911,True,183,820,1184
48381,"Randall, TX",0.1903,False,184,486,1092
27109,"Olmsted, MN",0.1896,False,185,1294,1120
29021,"Buchanan, MO",0.1889,False,186,855,502
36007,"Broome, NY",0.1875,True,187,967,1072
06077,"San Joaquin, CA",0.1874,True,188,1561,1556
42055,"Franklin, PA",0.1862,False,189,354,690
19049,"Dallas, IA",0.1857,True,190,606,77
05125,"Saline, AR",0.1856,False,191,227,95
13057,"Cherokee, GA",0.1852,False,192,787,1172
25027,"Worcester, MA",0.183,False,193,1551,1236
18057,"Hamilton, IN",0.183,True,194,1130,1223
37057,"Davidson, NC",0.18,False,195,239,673
13097,"Douglas, GA",0.1789,True,196,780,1187
26077,"Kalamazoo, MI",0.1755,False,197,1295,485
48183,"Gregg, TX",0.1742,False,198,686,1297
47009,"Blount, TN",0.1741,False,199,339,81
18141,"St. Joseph, IN",0.1738,True,200,800,106
13297,"Walton, GA",0.1732,False,201,834,1357
39129,"Pickaway, OH",0.1715,False,202,1202,1301
48415,"Scurry, TX",0.1707,False,203,57,956
13255,"Spalding, GA",0.1674,False,204,690,1278
13059,"Clarke, GA",0.1671,False,205,942,1408
05119,"Pulaski, AR",0.1663,False,206,340,321
22015,"Bossier, LA",0.1641,False,207,9,1159
39059,"Guernsey, OH",0.1613,False,208,769,336
36015,"Chemung, NY",0.1611,False,209,916,1289
39097,"Madison, OH",0.1603,False,210,741,358
48397,"Rockwall, TX",0.1599,False,211,265,1377
37027,"Caldwell, NC",0.1592,True,212,166,471
39103,"Medina, OH",0.1571,False,213,651,1146
42089,"Monroe, PA",0.1571,False,214,113,370
26091,"Lenawee, MI",0.1549,False,215,887,173
42033,"Clearfield, PA",0.1542,False,216,260,99
48037,"Bowie, TX",0.1539,True,217,267,232
45073,"Oconee, SC",0.1538,False,218,25,142
17089,"Kane, IL",0.1533,False,219,1224,845
37109,"Lincoln, NC",0.153,False,220,206,1303
40119,"Payne, OK",0.1519,False,221,115,12
55133,"Waukesha, WI",0.1516,False,222,1139,857
48227,"Howard, TX",0.1514,False,223,48,936
48223,"Hopkins, TX",0.1497,False,224,279,110
19169,"Story, IA",0.1483,False,225,535,70
34035,"Somerset, NJ",0.1468,False,226,1482,1530
48497,"Wise, TX",0.1455,False,227,74,665
48181,"Grayson, TX",0.145,False,228,8,144
17167,"Sangamon, IL",0.1442,False,229,1441,399
39027,"Clinton, OH",0.1435,False,230,666,180
22073,"Ouachita, LA",0.1424,False,231,135,186
48207,"Haskell, TX",0.1419,False,232,525,991
08101,"Pueblo, CO",0.1413,False,233,1509,861
01117,"Shelby, AL",0.1406,False,234,1037,724
48503,"Young, TX",0.1392,False,235,22,923
17179,"Tazewell, IL",0.1391,False,236,1382,373
34037,"Sussex, NJ",0.1373,False,237,1464,1431
36063,"Niagara, NY",0.1372,True,238,692,1110
13047,"Catoosa, GA",0.137,False,239,845,1295
39157,"Tuscarawas, OH",0.1369,False,240,698,207
39023,"Clark, OH",0.1359,False,241,739,1164
47125,"Montgomery, TN",0.1344,True,242,481,932
42013,"Blair, PA",0.1342,False,243,95,392
39169,"Wayne, OH",0.1337,False,244,633,340
13313,"Whitfield, GA",0.1336,True,245,852,1053
29165,"Platte, MO",0.1333,True,246,896,585
51117,"Mecklenburg, VA",0.133,True,247,496,728
37157,"Rockingham, NC",0.1324,True,248,24,240
22079,"Rapides, LA",0.1317,False,249,177,237
51137,"Orange, VA",0.1313,False,250,476,897
48213,"Henderson, TX",0.1295,False,251,96,177
04015,"Mohave, AZ",0.1287,False,252,337,362
13115,"Floyd, GA",0.1279,False,253,490,439
35009,"Curry, NM",0.1262,False,254,949,998
16055,"Kootenai, ID",0.1259,False,255,2,133
51003,"Albemarle, VA",0.1255,False,256,1287,910
08014,"Broomfield, CO",0.1226,False,257,1510,1563
01081,"Lee, AL",0.1225,False,258,918,1347
37179,"Union, NC",0.1213,False,259,304,598
05093,"Mississippi, AR",0.1209,False,260,1014,176
27163,"Washington, MN",0.1205,False,261,1249,1453
18089,"Lake, IN",0.1202,True,262,1263,323
13157,"Jackson, GA",0.1188,False,263,849,1292
39145,"Scioto, OH",0.1183,False,264,951,1079
48325,"Medina, TX",0.117,False,265,139,1229
17037,"DeKalb, IL",0.1168,True,266,1270,312
18163,"Vanderburgh, IN",0.1168,False,267,1156,1396
48423,"Smith, TX",0.1167,False,268,158,280
37161,"Rutherford, NC",0.1164,True,269,200,391
13247,"Rockdale, GA",0.1159,False,270,840,1264
51145,"Powhatan, VA",0.1159,False,271,506,1531
37151,"Randolph, NC",0.1155,False,272,221,423
48097,"Cooke, TX",0.1151,False,273,294,1105
47011,"Bradley, TN",0.1128,False,274,389,939
18157,"Tippecanoe, IN",0.1123,False,275,1138,301
39133,"Portage, OH",0.1122,False,276,628,274
26121,"Muskegon, MI",0.1104,False,277,786,364
13303,"Washington, GA",0.1097,True,278,369,138
36069,"Ontario, NY",0.1097,False,279,879,1315
19145,"Page, IA",0.1089,False,280,655,43
13009,"Baldwin, GA",0.1086,False,281,944,1328
51191,"Washington, VA",0.1078,False,282,1188,1465
48363,"Palo Pinto, TX",0.107,False,283,100,94
13245,"Richmond, GA",0.1069,False,284,926,1355
18039,"Elkhart, IN",0.1064,False,285,594,241
17113,"McLean, IL",0.1054,False,286,1459,291
49007,"Carbon, UT",0.105,False,287,93,146
27139,"Scott, MN",0.1043,False,288,1071,1340
39109,"Miami, OH",0.1041,False,289,764,1096
55087,"Outagamie, WI",0.1039,False,290,1093,495
46099,"Minnehaha, SD",0.1038,False,291,1411,878
36101,"Steuben, NY",0.1034,False,292,1141,1049
40047,"Garfield, OK",0.1033,False,293,1198,917
37087,"Haywood, NC",0.1033,False,294,82,366
13073,"Columbia, GA",0.103,False,295,979,1417
08069,"Larimer, CO",0.101,False,296,1481,880
47163,"Sullivan, TN",0.0998,False,297,317,916
51089,"Henry, VA",0.0997,False,298,1271,903
05069,"Jefferson, AR",0.0996,False,299,76,36
13015,"Bartow, GA",0.0987,False,300,473,599
48217,"Hill, TX",0.0981,False,301,356,200
26093,"Livingston, MI",0.0974,False,302,1248,793
48115,"Dawson, TX",0.0972,False,303,1022,987
34019,"Hunterdon, NJ",0.0969,False,304,1475,1528
05045,"Faulkner, AR",0.0955,False,305,287,257
48467,"Van Zandt, TX",0.0955,False,306,105,282
41059,"Umatilla, OR",0.0955,False,307,50,382
51165,"Rockingham, VA",0.0954,False,308,877,881
51065,"Fluvanna, VA",0.0954,False,309,248,902
08013,"Boulder, CO",0.0953,False,310,1500,904
26025,"Calhoun, MI",0.095,False,311,1321,448
48075,"Childress, TX",0.095,True,312,622,1129
39085,"Lake, OH",0.0942,False,313,576,1167
17103,"Lee, IL",0.0927,False,314,1320,426
48473,"Waller, TX",0.0922,False,315,27,694
37175,"Transylvania, NC",0.0921,False,316,70,603
19181,"Warren, IA",0.092,True,317,615,251
47149,"Rutherford, TN",0.0917,False,318,563,1078
37113,"Macon, NC",0.0916,False,319,66,400
26027,"Cass, MI",0.091,True,320,1061,148
36013,"Chautauqua, NY",0.0909,False,321,544,1062
45059,"Laurens, SC",0.0905,False,322,140,201
51083,"Halifax, VA",0.0904,False,323,1325,855
48179,"Gray, TX",0.0903,False,324,31,958
36109,"Tompkins, NY",0.0903,False,325,648,1325
51005,"Alleghany, VA",0.0901,False,326,487,745
39139,"Richland, OH",0.0901,False,327,629,1010
26139,"Ottawa, MI",0.09,False,328,1201,476
48203,"Harrison, TX",0.0894,False,329,266,259
55127,"Walworth, WI",0.0891,False,330,890,519
47187,"Williamson, TN",0.0884,False,331,424,147
09110,"Capitol, CT",0.0883,False,332,1549,1183
37101,"Johnston, NC",0.0883,False,333,159,557
20045,"Douglas, KS",0.0877,False,334,924,529
48305,"Lynn, TX",0.0874,False,335,153,1014
27003,"Anoka, MN",0.0873,False,336,1266,1430
29047,"Clay, MO",0.0872,False,337,1334,1247
13095,"Dougherty, GA",0.0871,False,338,889,1238
47141,"Putnam, TN",0.0862,False,339,456,51
48055,"Caldwell, TX",0.0859,False,340,128,1199
48143,"Erath, TX",0.0856,False,341,318,943
47155,"Sevier, TN",0.0853,False,342,343,154
39159,"Union, OH",0.0848,False,343,996,515
51143,"Pittsylvania, VA",0.0848,False,344,1341,852
42039,"Crawford, PA",0.0847,False,345,508,394
51075,"Goochland, VA",0.0845,False,346,551,905
48049,"Brown, TX",0.0844,False,347,283,968
28049,"Hinds, MS",0.0838,False,348,1008,679
06099,"Stanislaus, CA",0.0838,False,349,1562,1560
26075,"Jackson, MI",0.083,False,350,1309,504
17073,"Henry, IL",0.0829,False,351,1471,164
36021,"Columbia, NY",0.0827,False,352,931,1168
51081,"Greensville, VA",0.0825,False,353,1147,883
55059,"Kenosha, WI",0.082,False,354,904,1361
48401,"Rusk, TX",0.0818,False,355,197,1098
42037,"Columbia, PA",0.081,False,356,114,374
17111,"McHenry, IL",0.0808,False,357,1288,859
05131,"Sebastian, AR",0.0803,False,358,196,231
39047,"Fayette, OH",0.0799,True,359,1121,347
19155,"Pottawattamie, IA",0.0798,True,360,723,32
48003,"Andrews, TX",0.0795,False,361,1163,1097
37193,"Wilkes, NC",0.0791,False,362,160,469
17115,"Macon, IL",0.0789,False,363,1517,511
47145,"Roane, TN",0.0788,False,364,518,75
42031,"Clarion, PA",0.078,False,365,234,360
01015,"Calhoun, AL",0.0775,False,366,768,558
37083,"Halifax, NC",0.0772,False,367,225,317
29037,"Cass, MO",0.0772,False,368,1020,757
51630,"Fredericksburg, VA",0.0771,False,369,492,1434
51540,"Charlottesville, VA",0.0765,False,370,1299,1529
29069,"Dunklin, MO",0.0759,False,371,1021,885
51187,"Warren, VA",0.0752,False,372,467,1547
48469,"Victoria, TX",0.075,False,373,469,1009
48387,"Red River, TX",0.0749,False,374,581,92
48493,"Wilson, TX",0.0745,False,375,458,1231
48005,"Angelina, TX",0.0737,False,376,53,561
47165,"Sumner, TN",0.0733,True,377,454,925
25013,"Hampden, MA",0.0729,False,378,1554,1335
51683,"Manassas, VA",0.0728,False,379,482,1542
48253,"Jones, TX",0.0722,False,380,501,983
17195,"Whiteside, IL",0.0722,False,381,1319,302
01125,"Tuscaloosa, AL",0.0721,False,382,796,1312
39079,"Jackson, OH",0.0719,False,383,445,297
40065,"Jackson, OK",0.0717,False,384,1241,1004
21145,"McCracken, KY",0.0708,True,385,888,1000
21093,"Hardin, KY",0.0708,False,386,480,184
13163,"Jefferson, GA",0.0702,False,387,377,214
01101,"Montgomery, AL",0.07,False,388,1038,788
42025,"Carbon, PA",0.0694,False,389,328,630
19187,"Webster, IA",0.0688,False,390,779,29
21185,"Oldham, KY",0.0688,False,391,505,1041
42081,"Lycoming, PA",0.0683,False,392,94,202
13013,"Barrow, GA",0.068,False,393,813,1311
27019,"Carver, MN",0.0679,False,394,1214,1318
48147,"Fannin, TX",0.0677,False,395,127,509
20177,"Shawnee, KS",0.0672,False,396,948,617
19033,"Cerro Gordo, IA",0.0671,False,397,342,47
48259,"Kendall, TX",0.067,False,398,254,1360
51147,"Prince Edward, VA",0.0663,False,399,714,872
19109,"Kossuth, IA",0.0659,False,400,640,53
29101,"Johnson, MO",0.0659,False,401,893,674
48353,"Nolan, TX",0.0658,False,402,585,942
42059,"Greene, PA",0.0651,False,403,1050,597
20103,"Leavenworth, KS",0.0646,False,404,545,641
36019,"Clinton, NY",0.0646,False,405,522,1030
37111,"McDowell, NC",0.0644,False,406,167,808
36099,"Seneca, NY",0.064,False,407,1278,1288
51037,"Charlotte, VA",0.0633,False,408,238,814
05031,"Craighead, AR",0.0615,False,409,869,245
51840,"Winchester, VA",0.0612,False,410,394,1476
37069,"Franklin, NC",0.0609,False,411,189,645
24013,"Carroll, MD",0.0608,False,412,825,1442
23001,"Androscoggin, ME",0.0605,False,413,1537,1344
39067,"Harrison, OH",0.0603,False,414,321,260
45001,"Abbeville, SC",0.0602,False,415,58,111
37127,"Nash, NC",0.0593,False,416,62,523
05143,"Washington, AR",0.0591,False,417,470,15
17107,"Logan, IL",0.0588,False,418,1478,437
48145,"Falls, TX",0.0585,False,419,549,91
13175,"Laurens, GA",0.0584,False,420,647,1155
38101,"Ward, ND",0.0581,False,421,1151,325
40015,"Caddo, OK",0.0579,False,422,463,913
13219,"Oconee, GA",0.0579,False,423,891,1461
28089,"Madison, MS",0.0574,True,424,985,466
40081,"Lincoln, OK",0.0569,False,425,180,17
04027,"Yuma, AZ",0.0568,False,426,1339,768
45021,"Cherokee, SC",0.0564,False,427,35,299
19139,"Muscatine, IA",0.056,False,428,1075,24
18167,"Vigo, IN",0.0553,False,429,871,1138
55005,"Barron, WI",0.055,False,430,1012,417
13035,"Butts, GA",0.0546,False,431,881,1412
29097,"Jasper, MO",0.0543,False,432,914,797
48399,"Runnels, TX",0.0541,False,433,38,962
37077,"Granville, NC",0.0538,False,434,45,550
13103,"Effingham, GA",0.0536,False,435,829,506
54037,"Jefferson, WV",0.0534,False,436,1498,1419
19057,"Des Moines, IA",0.0533,False,437,605,178
37181,"Vance, NC",0.053,False,438,214,1219
36075,"Oswego, NY",0.0529,False,439,900,1082
32510,"Carson City, NV",0.0527,False,440,428,1516
39147,"Seneca, OH",0.0522,False,441,312,41
39119,"Muskingum, OH",0.052,False,442,791,1322
21083,"Graves, KY",0.0519,False,443,355,35
20055,"Finney, KS",0.0519,False,444,789,1336
33011,"Hillsborough, NH",0.0518,True,445,1497,1109
26045,"Eaton, MI",0.0517,False,446,885,404
26155,"Shiawassee, MI",0.0515,False,447,963,294
36117,"Wayne, NY",0.0515,False,448,912,1273
01071,"Jackson, AL",0.0514,True,449,858,169
40101,"Muskogee, OK",0.0513,False,450,1039,45
51600,"Fairfax, VA",0.0513,False,451,451,1507
36033,"Franklin, NY",0.051,False,452,410,952
13285,"Troup, GA",0.0507,True,453,927,539
55131,"Washington, WI",0.0505,False,454,1099,839
48013,"Atascosa, TX",0.0504,False,455,171,1132
05007,"Benton, AR",0.0504,False,456,499,112
18019,"Clark, IN",0.0502,False,457,1145,1405
13263,"Talbot, GA",0.0497,False,458,603,475
27013,"Blue Earth, MN",0.0496,False,459,1255,1401
37169,"Stokes, NC",0.0493,False,460,33,734
45041,"Florence, SC",0.049,False,461,4,61
48331,"Milam, TX",0.049,True,462,149,23
19151,"Pocahontas, IA",0.0487,False,463,564,179
48073,"Cherokee, TX",0.0485,False,464,672,1256
37195,"Wilson, NC",0.0484,False,465,255,1258
48437,"Swisher, TX",0.0483,False,466,89,975
26023,"Branch, MI",0.048,False,467,884,427
46083,"Lincoln, SD",0.0478,False,468,1395,886
48025,"Bee, TX",0.0478,False,469,199,981
48001,"Anderson, TX",0.0477,False,470,249,456
20175,"Seward, KS",0.0476,False,471,1063,1452
48107,"Crosby, TX",0.0475,False,472,170,1056
39055,"Geauga, OH",0.0474,False,473,540,1123
13053,"Chattahoochee, GA",0.0474,False,474,650,817
55039,"Fond du Lac, WI",0.0471,False,475,1077,500
47107,"McMinn, TN",0.0469,False,476,375,68
39171,"Williams, OH",0.0468,False,477,582,345
48119,"Delta, TX",0.0467,False,478,602,1162
40017,"Canadian, OK",0.0461,True,479,274,22
48335,"Mitchell, TX",0.0459,True,480,86,966
40051,"Grady, OK",0.0459,False,481,596,10
17177,"Stephenson, IL",0.0458,False,482,1297,494
48149,"Fayette, TX",0.0456,False,483,134,1070
48195,"Hansford, TX",0.0455,False,484,183,970
19127,"Marshall, IA",0.0454,False,485,329,13
19073,"Greene, IA",0.0446,False,486,601,127
45057,"Lancaster, SC",0.0442,False,487,40,59
19125,"Marion, IA",0.0441,False,488,560,324
48189,"Hale, TX",0.044,False,489,336,979
13137,"Habersham, GA",0.0439,False,490,839,1127
40125,"Pottawatomie, OK",0.0439,False,491,405,114
53071,"Walla Walla, WA",0.0439,False,492,253,16
55033,"Dunn, WI",0.0436,False,493,1176,470
19161,"Sac, IA",0.0434,False,494,555,126
22097,"St. Landry, LA",0.0434,False,495,157,929
21047,"Christian, KY",0.0432,False,496,733,286
40133,"Seminole, OK",0.0432,False,497,198,28
26159,"Van Buren, MI",0.0432,False,498,1213,349
06113,"Yolo, CA",0.0431,False,499,1559,1559
27099,"Mower, MN",0.043,False,500,1305,1228
21227,"Warren, KY",0.0428,False,501,868,1055
39101,"Marion, OH",0.0425,False,502,817,334
48459,"Upshur, TX",0.0422,False,503,430,525
54003,"Berkeley, WV",0.0421,False,504,1358,1433
40131,"Rogers, OK",0.0421,False,505,164,79
48163,"Frio, TX",0.0419,False,506,152,1134
19099,"Jasper, IA",0.0418,False,507,526,203
27047,"Freeborn, MN",0.0418,False,508,1109,1176
20057,"Ford, KS",0.0416,False,509,816,1253
13169,"Jones, GA",0.0415,False,510,981,1388
18081,"Johnson, IN",0.0415,False,511,1155,1493
47089,"Jefferson, TN",0.0414,False,512,367,922
05145,"White, AR",0.0413,False,513,350,136
05033,"Crawford, AR",0.0412,False,514,185,335
20077,"Harper, KS",0.0412,False,515,1330,1367
19015,"Boone, IA",0.0411,False,516,599,167
37003,"Alexander, NC",0.0407,False,517,168,1299
37125,"Moore, NC",0.0404,False,518,243,660
51079,"Greene, VA",0.0399,False,519,477,1555
45087,"Union, SC",0.0398,False,520,69,206
48307,"McCulloch, TX",0.0397,False,521,75,973
55095,"Polk, WI",0.0397,False,522,1127,406
26037,"Clinton, MI",0.0393,False,523,1146,563
54061,"Monongalia, WV",0.039,False,524,1344,1196
38055,"McLean, ND",0.0389,False,525,618,162
17117,"Macoupin, IL",0.0387,False,526,1462,477
26117,"Montcalm, MI",0.0387,False,527,1240,242
48015,"Austin, TX",0.0384,False,528,41,473
51025,"Brunswick, VA",0.0384,False,529,288,834
05091,"Miller, AR",0.0384,False,530,297,368
37167,"Stanly, NC",0.0384,False,531,261,778
06101,"Sutter, CA",0.0383,False,532,1563,1561
39143,"Sandusky, OH",0.0383,False,533,646,172
19141,"O'Brien, IA",0.0382,False,534,530,73
55093,"Pierce, WI",0.0382,False,535,1136,556
21073,"Franklin, KY",0.0381,False,536,595,986
27049,"Goodhue, MN",0.0381,False,537,1116,1107
22067,"Morehouse, LA",0.0376,False,538,215,87
37185,"Warren, NC",0.0375,False,539,220,442
27141,"Sherburne, MN",0.0375,False,540,1103,1394
37145,"Person, NC",0.0374,False,541,28,621
21035,"Calloway, KY",0.0373,True,542,614,215
06031,"Kings, CA",0.0373,False,543,1565,1562
51770,"Roanoke, VA",0.0373,False,544,1279,1540
12097,"Osceola, FL",0.0373,False,545,1306,856
12001,"Alachua, FL",0.037,False,546,1273,888
13301,"Warren, GA",0.0369,False,547,363,405
48337,"Montague, TX",0.0367,False,548,16,1057
29147,"Nodaway, MO",0.0365,False,549,1281,1166
48099,"Coryell, TX",0.0364,False,550,258,389
51520,"Bristol, VA",0.0364,False,551,1193,1512
39083,"Knox, OH",0.0362,False,552,680,514
19035,"Cherokee, IA",0.036,False,553,593,124
40019,"Carter, OK",0.0358,False,554,420,175
21029,"Bullitt, KY",0.0355,False,555,536,1200
21211,"Shelby, KY",0.0355,False,556,411,199
39131,"Pike, OH",0.0354,False,557,783,1216
22077,"Pointe Coupee, LA",0.0353,False,558,39,66
51111,"Lunenburg, VA",0.0353,False,559,724,876
26021,"Berrien, MI",0.0351,False,560,1053,634
36009,"Cattaraugus, NY",0.0351,False,561,960,1080
51195,"Wise, VA",0.035,True,562,1247,1522
13033,"Burke, GA",0.0348,False,563,541,194
24021,"Frederick, MD",0.0346,False,564,1328,1501
18051,"Gibson, IN",0.0344,False,565,843,566
18063,"Hendricks, IN",0.0343,False,566,1173,1502
45085,"Sumter, SC",0.0342,False,567,42,63
45055,"Kershaw, SC",0.0341,False,568,30,103
18005,"Bartholomew, IN",0.034,True,569,1165,761
37199,"Yancey, NC",0.0339,False,570,73,590
17011,"Bureau, IL",0.0339,False,571,1461,356
22123,"West Carroll, LA",0.0338,False,572,130,401
45075,"Orangeburg, SC",0.0338,False,573,326,44
16069,"Nez Perce, ID",0.0338,False,574,101,236
19189,"Winnebago, IA",0.0336,False,575,322,25
01069,"Houston, AL",0.0336,False,576,513,678
22009,"Avoyelles, LA",0.0334,False,577,285,88
26111,"Midland, MI",0.0333,False,578,1117,584
21177,"Muhlenberg, KY",0.0333,False,579,368,93
17163,"St. Clair, IL",0.0333,False,580,1516,894
37147,"Pitt, NC",0.0331,False,581,335,755
19027,"Carroll, IA",0.0331,False,582,570,108
12073,"Leon, FL",0.0331,False,583,1381,911
01001,"Autauga, AL",0.0331,False,584,677,652
39003,"Allen, OH",0.033,False,585,735,1175
18067,"Howard, IN",0.033,False,586,1092,1245
21209,"Scott, KY",0.033,False,587,515,1020
48083,"Coleman, TX",0.0329,False,588,97,941
18177,"Wayne, IN",0.0329,False,589,1108,583
42115,"Susquehanna, PA",0.0328,False,590,55,187
34041,"Warren, NJ",0.0328,False,591,1493,1526
39007,"Ashtabula, OH",0.0328,False,592,533,350
26073,"Isabella, MI",0.0326,False,593,986,479
39117,"Morrow, OH",0.0323,False,594,1058,365
29143,"New Madrid, MO",0.0322,False,595,1534,807
40087,"McClain, OK",0.0322,False,596,184,82
48117,"Deaf Smith, TX",0.032,False,597,232,78
40071,"Kay, OK",0.0319,False,598,1083,950
26149,"St. Joseph, MI",0.0319,False,599,895,354
18127,"Porter, IN",0.0319,False,600,841,1207
48471,"Walker, TX",0.0318,False,601,208,774
01051,"Elmore, AL",0.0315,False,602,1025,835
37155,"Robeson, NC",0.0314,False,603,121,166
37149,"Polk, NC",0.0313,False,604,202,1380
17125,"Mason, IL",0.0313,False,605,1492,424
37105,"Lee, NC",0.031,False,606,226,1391
40149,"Washita, OK",0.0309,False,607,534,1027
51135,"Nottoway, VA",0.0308,False,608,494,901
18105,"Monroe, IN",0.0308,False,609,1144,1339
28081,"Lee, MS",0.0307,False,610,803,547
36053,"Madison, NY",0.0305,False,611,1313,1152
48279,"Lamb, TX",0.0305,False,612,182,1044
51680,"Lynchburg, VA",0.0305,False,613,1275,1534
21009,"Barren, KY",0.0304,False,614,1182,273
18083,"Knox, IN",0.0301,False,615,880,472
47143,"Rhea, TN",0.0301,False,616,398,50
47043,"Dickson, TN",0.03,False,617,412,959
19137,"Montgomery, IA",0.03,False,618,752,208
51690,"Martinsville, VA",0.0296,False,619,1256,1444
51161,"Roanoke, VA",0.0295,False,620,1235,1548
39149,"Shelby, OH",0.0294,False,621,742,361
39077,"Huron, OH",0.0294,False,622,597,221
27131,"Rice, MN",0.0293,False,623,1238,1331
39111,"Monroe, OH",0.0293,False,624,625,181
45025,"Chesterfield, SC",0.0292,False,625,1,14
40037,"Creek, OK",0.0292,False,626,259,119
36035,"Fulton, NY",0.0292,False,627,922,1233
05051,"Garland, AR",0.0292,False,628,289,1046
26005,"Allegan, MI",0.0291,False,629,1104,717
48291,"Liberty, TX",0.0291,False,630,761,1432
37153,"Richmond, NC",0.0291,False,631,36,296
51015,"Augusta, VA",0.0291,False,632,1223,882
13199,"Meriwether, GA",0.029,False,633,669,581
01077,"Lauderdale, AL",0.029,False,634,921,610
51685,"Manassas Park, VA",0.0289,False,635,528,1517
19069,"Franklin, IA",0.0288,False,636,824,84
13105,"Elbert, GA",0.0285,False,637,806,545
17057,"Fulton, IL",0.0283,False,638,1488,461
48449,"Titus, TX",0.0283,False,639,399,534
21151,"Madison, KY",0.0282,False,640,592,270
39019,"Carroll, OH",0.0281,False,641,693,429
20037,"Crawford, KS",0.0279,False,642,1004,733
54081,"Raleigh, WV",0.0277,False,643,1324,1173
48069,"Castro, TX",0.0276,False,644,300,90
19029,"Cass, IA",0.0275,False,645,756,288
37191,"Wayne, NC",0.0275,False,646,118,414
22121,"West Baton Rouge, LA",0.0272,False,647,46,1088
13311,"White, GA",0.0272,False,648,616,1160
48347,"Nacogdoches, TX",0.0272,False,649,23,1071
40083,"Logan, OK",0.0269,False,650,631,1048
13107,"Emanuel, GA",0.0269,False,651,962,290
19175,"Union, IA",0.0269,False,652,577,303
17093,"Kendall, IL",0.0268,False,653,1529,1439
48427,"Starr, TX",0.0268,False,654,314,997
19123,"Mahaska, IA",0.0267,False,655,554,265
13187,"Lumpkin, GA",0.0266,False,656,658,1269
48395,"Robertson, TX",0.0266,False,657,11,171
26067,"Ionia, MI",0.0265,False,658,1315,527
47131,"Obion, TN",0.0263,False,659,860,189
13145,"Harris, GA",0.0261,False,660,919,1475
31147,"Richardson, NE",0.026,False,661,1387,1272
51169,"Scott, VA",0.0257,True,662,1233,1505
40089,"McCurtain, OK",0.0257,False,663,315,921
12117,"Seminole, FL",0.0257,False,664,1300,1543
51049,"Cumberland, VA",0.0256,False,665,844,892
17039,"De Witt, IL",0.0255,False,666,1379,341
47059,"Greene, TN",0.0255,False,667,323,944
20011,"Bourbon, KS",0.0254,False,668,1192,505
29099,"Jefferson, MO",0.0254,False,669,1425,1368
36049,"Lewis, NY",0.0253,False,670,894,985
47147,"Robertson, TN",0.0253,False,671,517,1065
53075,"Whitman, WA",0.0253,False,672,296,3
39163,"Vinton, OH",0.0252,False,673,799,462
48185,"Grimes, TX",0.025,False,674,65,304
27147,"Steele, MN",0.0249,False,675,1215,1290
17095,"Knox, IL",0.0249,False,676,1434,253
51173,"Smyth, VA",0.0248,False,677,1184,1497
50007,"Chittenden, VT",0.0248,False,678,1332,1267
51790,"Staunton, VA",0.0248,False,679,1234,1525
51019,"Bedford, VA",0.0247,False,680,1272,1552
39001,"Adams, OH",0.0246,False,681,952,478
48445,"Terry, TX",0.0246,False,682,438,1101
22041,"Franklin, LA",0.0246,False,683,229,217
37065,"Edgecombe, NC",0.0245,False,684,475,528
51590,"Danville, VA",0.0245,False,685,1302,1518
27127,"Redwood, MN",0.0245,False,686,1066,1171
40075,"Kiowa, OK",0.0245,False,687,639,999
55135,"Waupaca, WI",0.0242,False,688,1112,640
01033,"Colbert, AL",0.0242,False,689,940,395
06061,"Placer, CA",0.024,False,690,1556,1564
19063,"Emmet, IA",0.0239,False,691,654,161
19025,"Calhoun, IA",0.0238,False,692,590,252
49027,"Millard, UT",0.0236,False,693,154,1204
13147,"Hart, GA",0.0235,False,694,862,1337
18037,"Dubois, IN",0.0235,False,695,1216,546
18043,"Floyd, IN",0.0234,False,696,1120,1342
49039,"Sanpete, UT",0.0234,False,697,117,689
37033,"Caswell, NC",0.0234,False,698,194,595
12083,"Marion, FL",0.0234,False,699,1298,891
40039,"Custer, OK",0.0234,False,700,489,971
13289,"Twiggs, GA",0.0233,False,701,1024,1313
48035,"Bosque, TX",0.0232,False,702,110,130
47113,"Madison, TN",0.0232,False,703,750,228
39039,"Defiance, OH",0.0231,False,704,700,326
47123,"Monroe, TN",0.023,False,705,358,62
13293,"Upson, GA",0.0229,False,706,694,614
55089,"Ozaukee, WI",0.0229,False,707,1142,1345
22083,"Richland, LA",0.0229,True,708,14,105
40023,"Choctaw, OK",0.0228,False,709,119,80
17123,"Marshall, IL",0.0228,False,710,1447,444
51185,"Tazewell, VA",0.0228,False,711,1200,887
22029,"Concordia, LA",0.0228,False,712,240,115
39037,"Darke, OH",0.0228,True,713,744,229
39075,"Holmes, OH",0.0228,False,714,638,1326
28011,"Bolivar, MS",0.0228,False,715,837,459
18085,"Kosciusko, IN",0.0227,False,716,1047,666
42065,"Jefferson, PA",0.0227,False,717,396,327
21081,"Grant, KY",0.0227,False,718,450,86
55101,"Racine, WI",0.0227,True,719,1161,1467
48089,"Colorado, TX",0.0227,False,720,181,1038
42083,"McKean, PA",0.0227,False,721,71,1026
39137,"Putnam, OH",0.0226,False,722,728,248
48219,"Hockley, TX",0.0226,False,723,479,1154
13225,"Peach, GA",0.0225,False,724,930,1436
51167,"Russell, VA",0.0225,False,725,1207,1489
45037,"Edgefield, SC",0.0223,False,726,78,1052
39105,"Meigs, OH",0.0221,False,727,781,1194
21199,"Pulaski, KY",0.022,False,728,572,1133
51610,"Falls Church, VA",0.0219,False,729,485,1539
39107,"Mercer, OH",0.0218,False,730,684,411
05103,"Ouachita, AR",0.0218,False,731,462,137
48255,"Karnes, TX",0.0217,False,732,175,1099
18109,"Morgan, IN",0.0217,False,733,1152,1387
21179,"Nelson, KY",0.0217,False,734,453,1063
19053,"Decatur, IA",0.0217,False,735,627,310
13195,"Madison, GA",0.0215,False,736,819,739
19037,"Chickasaw, IA",0.0214,False,737,571,104
05123,"St. Francis, AR",0.0214,False,738,165,48
13185,"Lowndes, GA",0.0214,False,739,1068,773
13213,"Murray, GA",0.0213,False,740,762,670
51678,"Lexington, VA",0.0213,False,741,466,1487
27129,"Renville, MN",0.0212,False,742,1212,1330
01113,"Russell, AL",0.0212,False,743,771,704
45039,"Fairfield, SC",0.0212,False,744,88,31
48093,"Comanche, TX",0.0211,False,745,360,213
19157,"Poweshiek, IA",0.0211,False,746,644,247
46011,"Brookings, SD",0.0209,False,747,1312,588
17119,"Madison, IL",0.0209,False,748,1521,1451
21125,"Laurel, KY",0.0209,False,749,527,1165
48169,"Garza, TX",0.0209,False,750,216,1086
05085,"Lonoke, AR",0.0208,False,751,361,1050
48477,"Washington, TX",0.0208,False,752,178,600
27025,"Chisago, MN",0.0207,False,753,1091,1414
01043,"Cullman, AL",0.0206,False,754,1041,532
21157,"Marshall, KY",0.0205,False,755,643,512
42093,"Montour, PA",0.0205,False,756,91,1174
40121,"Pittsburg, OK",0.0205,False,757,143,85
40013,"Bryan, OK",0.0204,False,758,320,168
18091,"LaPorte, IN",0.0204,False,759,1274,357
01121,"Talladega, AL",0.0203,False,760,874,1291
40137,"Stephens, OK",0.0203,False,761,372,139
48249,"Jim Wells, TX",0.0203,False,762,301,969
40007,"Beaver, OK",0.0203,False,763,349,927
55139,"Winnebago, WI",0.0202,False,764,1520,430
18071,"Jackson, IN",0.0201,False,765,1157,722
17199,"Williamson, IL",0.0201,False,766,1491,562
20121,"Miami, KS",0.0201,False,767,1086,619
05055,"Greene, AR",0.0201,False,768,460,496
51023,"Botetourt, VA",0.02,False,769,1253,898
45011,"Barnwell, SC",0.02,False,770,120,60
51113,"Madison, VA",0.0199,False,771,495,907
27081,"Lincoln, MN",0.0199,False,772,1237,1225
48341,"Moore, TX",0.0199,False,773,351,277
37039,"Cherokee, NC",0.0198,False,774,906,577
19143,"Osceola, IA",0.0197,False,775,532,121
19079,"Hamilton, IA",0.0196,False,776,610,98
40141,"Tillman, OK",0.0196,False,777,611,1017
56021,"Laramie, WY",0.0196,False,778,1013,352
48059,"Callahan, TX",0.0195,False,779,782,993
40021,"Cherokee, OK",0.0195,False,780,341,57
19197,"Wright, IA",0.0195,False,781,678,209
48225,"Houston, TX",0.0195,False,782,10,455
19009,"Audubon, IA",0.0193,False,783,758,313
26015,"Barry, MI",0.0193,False,784,1150,731
13291,"Union, GA",0.0193,False,785,437,407
13189,"McDuffie, GA",0.0192,False,786,1168,712
19081,"Hancock, IA",0.0192,False,787,642,155
27145,"Stearns, MN",0.0192,False,788,1254,1407
36097,"Schuyler, NY",0.0191,False,789,509,1262
37007,"Anson, NC",0.0191,False,790,79,266
31127,"Nemaha, NE",0.019,False,791,1308,1220
27091,"Martin, MN",0.0189,False,792,1250,1371
39005,"Ashland, OH",0.0188,False,793,662,1268
31043,"Dakota, NE",0.0188,False,794,1346,770
55117,"Sheboygan, WI",0.0188,False,795,1522,402
17007,"Boone, IL",0.0188,False,796,1209,1314
01087,"Macon, AL",0.0187,False,797,970,1469
16057,"Latah, ID",0.0187,False,798,59,307
29031,"Cape Girardeau, MO",0.0187,False,799,1443,840
38015,"Burleigh, ND",0.0186,False,800,850,481
48067,"Cass, TX",0.0186,False,801,421,338
01095,"Marshall, AL",0.0186,False,802,716,573
19007,"Appanoose, IA",0.0182,False,803,565,367
13111,"Fannin, GA",0.0182,False,804,504,522
29019,"Boone, MO",0.0181,False,805,1399,606
27059,"Isanti, MN",0.0181,False,806,1242,1389
13159,"Jasper, GA",0.018,False,807,897,720
27169,"Winona, MN",0.0178,False,808,1230,1390
01055,"Etowah, AL",0.0178,False,809,807,762
19097,"Jackson, IA",0.0178,False,810,673,30
27103,"Nicollet, MN",0.0178,False,811,1225,1496
51820,"Waynesboro, VA",0.0175,False,812,1258,1509
19083,"Hardin, IA",0.0174,False,813,745,156
20155,"Reno, KS",0.0173,False,814,1140,1317
20125,"Montgomery, KS",0.0173,False,815,1032,1480
25015,"Hampshire, MA",0.0172,False,816,1553,1460
18113,"Noble, IN",0.0172,False,817,993,611
05111,"Poinsett, AR",0.0171,False,818,547,339
20111,"Lyon, KS",0.0171,False,819,925,487
19059,"Dickinson, IA",0.017,False,820,575,72
20013,"Brown, KS",0.017,False,821,899,658
22035,"East Carroll, LA",0.017,False,822,34,258
48009,"Archer, TX",0.0169,False,823,13,989
13083,"Dade, GA",0.0169,False,824,584,1145
26059,"Hillsdale, MI",0.0167,False,825,1052,542
01115,"St. Clair, AL",0.0167,False,826,792,785
20099,"Labette, KS",0.0167,False,827,1162,740
17085,"Jo Daviess, IL",0.0167,False,828,1174,452
27073,"Lac qui Parle, MN",0.0167,False,829,1227,1195
37093,"Hoke, NC",0.0166,False,830,275,659
19071,"Fremont, IA",0.0165,False,831,725,418
37123,"Montgomery, NC",0.0165,False,832,169,460
17015,"Carroll, IL",0.0165,False,833,1191,592
18129,"Posey, IN",0.0164,False,834,1232,663
27157,"Wabasha, MN",0.0164,False,835,1296,1284
21097,"Harrison, KY",0.0164,False,836,426,71
29219,"Warren, MO",0.0163,False,837,1393,501
13141,"Hancock, GA",0.0163,False,838,417,1141
22069,"Natchitoches, LA",0.0163,False,839,293,351
47183,"Weakley, TN",0.0161,False,840,795,100
19065,"Fayette, IA",0.0161,False,841,579,117
42127,"Wayne, PA",0.0161,False,842,77,403
48077,"Clay, TX",0.0161,False,843,262,141
48369,"Parmer, TX",0.0161,False,844,345,1066
19107,"Keokuk, IA",0.0161,False,845,652,359
19091,"Humboldt, IA",0.0161,False,846,664,278
51009,"Amherst, VA",0.016,False,847,1311,900
47167,"Tipton, TN",0.016,False,848,543,96
48315,"Marion, TX",0.0159,False,849,213,1163
29217,"Vernon, MO",0.0159,False,850,1029,754
29113,"Lincoln, MO",0.0159,False,851,1318,433
39033,"Crawford, OH",0.0159,False,852,657,220
27105,"Nobles, MN",0.0159,False,853,1100,1215
28087,"Lowndes, MS",0.0158,False,854,923,730
47019,"Carter, TN",0.0158,False,855,316,945
47151,"Scott, TN",0.0158,False,856,309,8
18035,"Delaware, IN",0.0157,False,857,1106,1327
39031,"Coshocton, OH",0.0156,False,858,730,548
28083,"Leflore, MS",0.0156,False,859,334,594
13317,"Wilkes, GA",0.0155,False,860,851,517
48343,"Morris, TX",0.0154,False,861,193,145
21191,"Pendleton, KY",0.0154,False,862,491,926
05021,"Clay, AR",0.0154,False,863,484,393
19119,"Lyon, IA",0.0153,False,864,688,216
48499,"Wood, TX",0.0153,False,865,436,457
05053,"Grant, AR",0.0152,False,866,413,123
48165,"Gaines, TX",0.0152,False,867,556,1221
48425,"Somervell, TX",0.0151,False,868,190,1353
31003,"Antelope, NE",0.0151,False,869,1361,695
47121,"Meigs, TN",0.0151,False,870,382,235
39091,"Logan, OH",0.0151,False,871,766,587
36023,"Cortland, NY",0.015,False,872,982,1179
37005,"Alleghany, NC",0.015,False,873,61,484
29081,"Harrison, MO",0.015,False,874,920,692
21147,"McCreary, KY",0.0149,False,875,403,974
22061,"Lincoln, LA",0.0149,False,876,49,1180
20133,"Neosho, KS",0.0149,False,877,972,683
22119,"Webster, LA",0.0148,False,878,141,1224
51035,"Carroll, VA",0.0148,False,879,1190,889
49041,"Sevier, UT",0.0147,False,880,122,624
31025,"Cass, NE",0.0147,False,881,1316,1362
40011,"Blaine, OK",0.0147,False,882,737,965
39015,"Brown, OH",0.0147,False,883,696,701
29177,"Ray, MO",0.0146,False,884,907,699
19077,"Guthrie, IA",0.0146,False,885,660,250
18087,"LaGrange, IN",0.0145,False,886,1243,632
29051,"Cole, MO",0.0145,False,887,1401,873
27101,"Murray, MN",0.0144,False,888,1317,1298
21225,"Union, KY",0.0144,False,889,589,376
47057,"Grainger, TN",0.0143,False,890,364,76
22059,"LaSalle, LA",0.0143,False,891,310,1102
27015,"Brown, MN",0.0142,False,892,1220,1415
29003,"Andrew, MO",0.0142,False,893,943,822
21075,"Fulton, KY",0.0141,False,894,846,510
20067,"Grant, KS",0.0141,False,895,1011,1426
17029,"Coles, IL",0.0141,False,896,1526,644
21113,"Jessamine, KY",0.014,False,897,587,1104
28149,"Warren, MS",0.0139,False,898,327,735
48177,"Gonzales, TX",0.0138,False,899,876,1131
48281,"Lampasas, TX",0.0138,False,900,19,342
17183,"Vermilion, IL",0.0137,False,901,1373,284
28133,"Sunflower, MS",0.0136,False,902,443,521
19093,"Ida, IA",0.0136,False,903,567,264
01021,"Chilton, AL",0.0135,False,904,848,677
29033,"Carroll, MO",0.0135,False,905,938,760
51027,"Buchanan, VA",0.0134,False,906,1293,1500
05047,"Franklin, AR",0.0134,False,907,21,949
47185,"White, TN",0.0134,False,908,512,54
09140,"Naugatuck Valley, CT",0.0133,False,909,1546,1274
21007,"Ballard, KY",0.0133,False,910,748,371
21049,"Clark, KY",0.0132,False,911,483,1015
22011,"Beauregard, LA",0.0132,False,912,44,1100
48199,"Hardin, TX",0.0132,False,913,689,1300
13085,"Dawson, GA",0.0132,False,914,713,1365
39175,"Wyandot, OH",0.0132,False,915,667,305
13211,"Morgan, GA",0.0131,False,916,929,809
27009,"Benton, MN",0.0131,False,917,1085,1364
48193,"Hamilton, TX",0.0131,False,918,251,198
28121,"Rankin, MS",0.013,False,919,1095,769
13143,"Haralson, GA",0.013,False,920,719,612
36031,"Essex, NY",0.013,False,921,933,1135
48161,"Freestone, TX",0.013,False,922,81,191
47021,"Cheatham, TN",0.0129,False,923,471,1011
40111,"Okmulgee, OK",0.0128,False,924,573,132
20189,"Stevens, KS",0.0128,False,925,1314,1481
20043,"Doniphan, KS",0.0128,False,926,836,803
47045,"Dyer, TN",0.0128,False,927,953,272
13055,"Chattooga, GA",0.0127,False,928,755,564
28107,"Panola, MS",0.0126,False,929,244,440
18145,"Shelby, IN",0.0126,False,930,1179,848
56001,"Albany, WY",0.0126,False,931,1129,419
20005,"Atchison, KS",0.0126,False,932,909,718
39011,"Auglaize, OH",0.0125,False,933,685,441
39069,"Henry, OH",0.0125,False,934,726,378
47053,"Gibson, TN",0.0125,False,935,802,295
05037,"Cross, AR",0.0124,False,936,1030,1130
54067,"Nicholas, WV",0.0124,False,937,1460,289
48357,"Ochiltree, TX",0.0124,False,938,408,412
19047,"Crawford, IA",0.0124,False,939,682,97
20059,"Franklin, KS",0.0123,False,940,999,657
19031,"Cedar, IA",0.0123,False,941,653,149
48287,"Lee, TX",0.0123,False,942,172,1217
20131,"Nemaha, KS",0.0123,False,943,1009,608
18027,"Daviess, IN",0.0122,False,944,1195,818
13167,"Johnson, GA",0.0122,False,945,983,1277
17193,"White, IL",0.0122,False,946,1484,759
05029,"Conway, AR",0.0121,False,947,212,1069
17157,"Randolph, IL",0.0121,False,948,1486,714
27173,"Yellow Medicine, MN",0.0121,False,949,1292,1276
18181,"White, IN",0.0121,False,950,1154,281
22065,"Madison, LA",0.012,False,951,37,1091
01045,"Dale, AL",0.012,False,952,898,601
12119,"Sumter, FL",0.012,False,953,1304,874
26123,"Newaygo, MI",0.0119,False,954,1101,309
13279,"Toombs, GA",0.0119,False,955,808,620
18059,"Hancock, IN",0.0119,False,956,1131,1463
19111,"Lee, IA",0.0119,False,957,1310,255
39121,"Noble, OH",0.0119,False,958,623,1190
13299,"Ware, GA",0.0119,False,959,1060,516
27085,"McLeod, MN",0.0118,False,960,1252,1286
51171,"Shenandoah, VA",0.0118,False,961,1262,908
28071,"Lafayette, MS",0.0118,False,962,674,1237
19017,"Bremer, IA",0.0117,False,963,561,225
18023,"Clinton, IN",0.0117,False,964,1105,622
19115,"Louisa, IA",0.0117,False,965,344,116
42067,"Juniata, PA",0.0116,False,966,148,578
13221,"Oglethorpe, GA",0.0116,False,967,853,1369
40097,"Mayes, OK",0.0116,True,968,236,4
20161,"Riley, KS",0.0116,False,969,1040,819
19179,"Wapello, IA",0.0116,False,970,1204,158
06047,"Merced, CA",0.0116,False,971,1564,1565
51067,"Franklin, VA",0.0115,False,972,1269,1544
13023,"Bleckley, GA",0.0115,False,973,1000,1381
25003,"Berkshire, MA",0.0114,False,974,1552,1047
29155,"Pemiscot, MO",0.0114,False,975,1531,1503
40093,"Major, OK",0.0114,False,976,794,994
13193,"Macon, GA",0.0114,False,977,798,503
18183,"Whitley, IN",0.0113,False,978,1059,811
19171,"Tama, IA",0.0113,False,979,676,227
18135,"Randolph, IN",0.0113,False,980,830,314
54077,"Preston, WV",0.0112,False,981,1329,254
48153,"Floyd, TX",0.0112,False,982,174,1182
13119,"Franklin, GA",0.0111,False,983,832,709
29013,"Bates, MO",0.0111,False,984,1023,569
47029,"Cocke, TN",0.0111,False,985,390,924
19095,"Iowa, IA",0.0111,False,986,711,244
20001,"Allen, KS",0.0111,False,987,975,697
18153,"Sullivan, IN",0.011,False,988,1210,571
48017,"Bailey, TX",0.011,False,989,418,1112
05067,"Jackson, AR",0.011,False,990,760,238
48373,"Polk, TX",0.011,False,991,333,269
47075,"Haywood, TN",0.011,False,992,434,118
55073,"Marathon, WI",0.011,False,993,1436,344
42099,"Perry, PA",0.011,False,994,133,787
13281,"Towns, GA",0.0109,False,995,665,642
31131,"Otoe, NE",0.0109,False,996,1348,1279
05011,"Bradley, AR",0.0109,False,997,272,226
27067,"Kandiyohi, MN",0.0109,False,998,1211,1255
19105,"Jones, IA",0.0108,False,999,663,125
21005,"Anderson, KY",0.0108,False,1000,468,1022
40153,"Woodward, OK",0.0108,False,1001,770,964
22025,"Catahoula, LA",0.0107,False,1002,277,320
19129,"Mills, IA",0.0107,False,1003,776,306
40103,"Noble, OK",0.0106,False,1004,136,918
29107,"Lafayette, MO",0.0106,False,1005,882,691
31089,"Holt, NE",0.0106,False,1006,1349,1373
42087,"Mifflin, PA",0.0106,False,1007,144,789
17077,"Jackson, IL",0.0106,False,1008,1532,846
27063,"Jackson, MN",0.0106,False,1009,1301,1363
17109,"McDonough, IL",0.0105,False,1010,1524,553
21155,"Marion, KY",0.0105,False,1011,866,263
21221,"Trigg, KY",0.0105,False,1012,578,363
31067,"Gage, NE",0.0105,False,1013,1360,574
47079,"Henry, TN",0.0105,False,1014,498,165
36095,"Schoharie, NY",0.0105,False,1015,958,1137
13227,"Pickens, GA",0.0104,False,1016,727,1349
40009,"Beckham, OK",0.0104,False,1017,500,1103
17001,"Adams, IL",0.0104,False,1018,1485,536
21085,"Grayson, KY",0.0104,False,1019,668,1024
47051,"Franklin, TN",0.0103,False,1020,393,267
19019,"Buchanan, IA",0.0103,False,1021,626,163
48159,"Franklin, TX",0.0103,False,1022,246,1153
48289,"Leon, TX",0.0103,False,1023,205,1144
54025,"Greenbrier, WV",0.0103,False,1024,1333,311
46067,"Hutchinson, SD",0.0103,False,1025,1354,1490
19185,"Wayne, IA",0.0102,False,1026,600,346
20205,"Wilson, KS",0.0102,False,1027,1036,804
18151,"Steuben, IN",0.0102,False,1028,977,713
47153,"Sequatchie, TN",0.0102,False,1029,406,39
48379,"Rains, TX",0.0102,False,1030,173,1280
37121,"Mitchell, NC",0.0101,False,1031,83,328
48063,"Camp, TX",0.01,False,1032,397,586
01049,"DeKalb, AL",0.01,False,1033,831,416
47047,"Fayette, TN",0.01,False,1034,507,67
40055,"Greer, OK",0.01,False,1035,604,1147
55103,"Richland, WI",0.01,False,1036,1189,686
13273,"Terrell, GA",0.01,False,1037,778,567
45069,"Marlboro, SC",0.0099,False,1038,3,26
21141,"Logan, KY",0.0098,False,1039,729,197
47133,"Overton, TN",0.0098,False,1040,455,56
13091,"Dodge, GA",0.0097,False,1041,675,1185
21207,"Russell, KY",0.0096,False,1042,550,380
39115,"Morgan, OH",0.0095,False,1043,867,1310
05019,"Clark, AR",0.0095,False,1044,299,1136
18021,"Clay, IN",0.0095,False,1045,1159,764
19117,"Lucas, IA",0.0094,False,1046,562,508
47049,"Fentress, TN",0.0094,False,1047,332,11
05027,"Columbia, AR",0.0094,False,1048,538,211
01093,"Marion, AL",0.0094,False,1049,774,182
26057,"Gratiot, MI",0.0093,False,1050,1286,480
17065,"Hamilton, IL",0.0093,False,1051,1415,693
17053,"Ford, IL",0.0093,False,1052,1405,219
47025,"Claiborne, TN",0.0093,False,1053,400,980
05001,"Arkansas, AR",0.0093,False,1054,353,1031
28075,"Lauderdale, MS",0.0092,False,1055,1010,1424
29109,"Lawrence, MO",0.0092,False,1056,994,812
40107,"Okfuskee, OK",0.0092,False,1057,612,64
46077,"Kingsbury, SD",0.0092,False,1058,1343,1293
36123,"Yates, NY",0.0092,True,1059,1018,1304
05057,"Hempstead, AR",0.0091,False,1060,273,322
28027,"Coahoma, MS",0.0091,False,1061,311,1218
17081,"Jefferson, IL",0.0091,False,1062,1533,782
05059,"Hot Spring, AR",0.009,False,1063,295,331
18093,"Lawrence, IN",0.009,False,1064,1167,1479
48285,"Lavaca, TX",0.009,False,1065,306,450
20035,"Cowley, KS",0.009,False,1066,1135,1379
46009,"Bon Homme, SD",0.0089,False,1067,1353,1495
27143,"Sibley, MN",0.0089,False,1068,1222,1392
13241,"Rabun, GA",0.0089,False,1069,815,653
19075,"Grundy, IA",0.0088,False,1070,553,233
21213,"Simpson, KY",0.0088,False,1071,757,224
05149,"Yell, AR",0.0088,False,1072,280,963
21215,"Spencer, KY",0.0088,False,1073,457,1039
55011,"Buffalo, WI",0.0088,False,1074,1137,432
46027,"Clay, SD",0.0088,False,1075,1367,1535
27039,"Dodge, MN",0.0088,False,1076,1228,1332
21235,"Whitley, KY",0.0087,False,1077,580,1230
05041,"Desha, AR",0.0087,False,1078,281,1093
28093,"Marshall, MS",0.0086,False,1079,706,285
29011,"Barton, MO",0.0086,False,1080,1057,798
40091,"McIntosh, OK",0.0086,False,1081,186,948
48051,"Burleson, TX",0.0086,False,1082,131,643
17129,"Menard, IL",0.0086,False,1083,1453,727
20151,"Pratt, KS",0.0086,False,1084,822,781
29133,"Mississippi, MO",0.0085,False,1085,1452,843
48205,"Hartley, TX",0.0085,False,1086,370,1197
22039,"Evangeline, LA",0.0085,False,1087,431,443
27093,"Meeker, MN",0.0085,False,1088,1257,1370
29023,"Butler, MO",0.0085,False,1089,1219,866
26151,"Sanilac, MI",0.0085,False,1090,1206,193
13149,"Heard, GA",0.0084,False,1091,433,635
08087,"Morgan, CO",0.0084,False,1092,1490,1494
29071,"Franklin, MO",0.0084,False,1093,1416,828
47161,"Stewart, TN",0.0084,False,1094,423,947
01123,"Tallapoosa, AL",0.0083,False,1095,974,748
20029,"Cloud, KS",0.0083,False,1096,1076,646
20009,"Barton, KS",0.0083,False,1097,1067,815
47111,"Macon, TN",0.0083,False,1098,415,185
21193,"Perry, KY",0.0083,False,1099,954,1064
18169,"Wabash, IN",0.0083,False,1100,1096,801
19191,"Winneshiek, IA",0.0083,False,1101,548,192
19023,"Butler, IA",0.0083,False,1102,718,195
13069,"Coffee, GA",0.0082,False,1103,810,623
27033,"Cottonwood, MN",0.0082,False,1104,1290,1265
06069,"San Benito, CA",0.0081,False,1105,1558,1553
26165,"Wexford, MI",0.0081,False,1106,1069,446
55091,"Pepin, WI",0.0081,False,1107,1169,719
31051,"Dixon, NE",0.0081,False,1108,1356,1372
17135,"Montgomery, IL",0.0081,False,1109,1523,474
17025,"Clay, IL",0.008,False,1110,1445,580
21173,"Montgomery, KY",0.0079,False,1111,416,1016
21239,"Woodford, KY",0.0079,False,1112,617,982
46037,"Day, SD",0.0079,False,1113,1338,628
31111,"Lincoln, NE",0.0078,False,1114,1375,832
17175,"Stark, IL",0.0078,False,1115,1511,627
48237,"Jack, TX",0.0078,False,1116,805,1122
13243,"Randolph, GA",0.0078,False,1117,777,662
47097,"Lauderdale, TN",0.0078,False,1118,705,122
21217,"Taylor, KY",0.0078,False,1119,591,1111
20145,"Pawnee, KS",0.0078,False,1120,1111,1464
26157,"Tuscola, MI",0.0077,False,1121,989,300
55119,"Taylor, WI",0.0077,False,1122,1097,613
47103,"Lincoln, TN",0.0077,False,1123,395,150
48411,"San Saba, TX",0.0076,False,1124,263,1157
28073,"Lamar, MS",0.0076,False,1125,946,530
47013,"Campbell, TN",0.0076,False,1126,371,1006
28097,"Montgomery, MS",0.0076,False,1127,228,560
18147,"Spencer, IN",0.0076,False,1128,1283,863
13079,"Crawford, GA",0.0076,False,1129,767,706
13043,"Candler, GA",0.0076,False,1130,861,1239
31177,"Washington, NE",0.0075,False,1131,1364,858
26107,"Mecosta, MI",0.0075,False,1132,1186,493
46101,"Moody, SD",0.0075,False,1133,1371,853
21183,"Ohio, KY",0.0075,False,1134,720,333
05099,"Nevada, AR",0.0075,False,1135,699,1043
37011,"Avery, NC",0.0075,False,1136,56,533
40135,"Sequoyah, OK",0.0074,False,1137,1277,204
45081,"Saluda, SC",0.0074,False,1138,102,222
29043,"Christian, MO",0.0074,False,1139,1433,895
01011,"Bullock, AL",0.0073,False,1140,903,626
48501,"Yoakum, TX",0.0073,False,1141,241,1150
19005,"Allamakee, IA",0.0073,False,1142,598,69
28143,"Tunica, MS",0.0073,False,1143,1090,1287
47007,"Bledsoe, TN",0.0072,False,1144,374,21
20021,"Cherokee, KS",0.0072,False,1145,1005,837
17055,"Franklin, IL",0.0072,False,1146,1540,1484
31155,"Saunders, NE",0.0071,False,1147,1369,1428
22115,"Vernon, LA",0.0071,False,1148,124,1028
20123,"Mitchell, KS",0.0071,False,1149,1079,1448
31027,"Cedar, NE",0.0071,False,1150,1351,1411
31033,"Cheyenne, NE",0.0071,False,1151,1463,1498
29159,"Pettis, MO",0.0071,False,1152,1372,763
21121,"Knox, KY",0.0071,False,1153,734,1118
21021,"Boyle, KY",0.0071,False,1154,447,1042
12039,"Gadsden, FL",0.007,False,1155,1231,899
28051,"Holmes, MS",0.007,False,1156,264,537
13161,"Jeff Davis, GA",0.0069,False,1157,826,524
22037,"East Feliciana, LA",0.0069,False,1158,209,447
01031,"Coffee, AL",0.0069,False,1159,932,721
01079,"Lawrence, AL",0.0069,False,1160,763,330
47173,"Union, TN",0.0069,False,1161,384,977
28015,"Carroll, MS",0.0068,False,1162,270,467
05095,"Monroe, AR",0.0068,False,1163,366,1087
31141,"Platte, NE",0.0068,False,1164,1417,831
53003,"Asotin, WA",0.0068,False,1165,352,1025
01059,"Franklin, AL",0.0068,False,1166,670,246
18111,"Newton, IN",0.0067,False,1167,1074,369
13319,"Wilkinson, GA",0.0067,False,1168,976,1399
29009,"Barry, MO",0.0066,False,1169,1149,1376
19051,"Davis, IA",0.0066,False,1170,613,396
28003,"Alcorn, MS",0.0066,False,1171,955,497
13269,"Taylor, GA",0.0066,False,1172,751,648
29061,"Daviess, MO",0.0066,False,1173,965,795
47069,"Hardeman, TN",0.0066,False,1174,697,37
55015,"Calumet, WI",0.0066,False,1175,1479,1139
01009,"Blount, AL",0.0066,False,1176,945,729
17049,"Effingham, IL",0.0065,False,1177,1466,800
18001,"Adams, IN",0.0065,False,1178,1062,688
18165,"Vermillion, IN",0.0065,False,1179,1113,655
22081,"Red River, LA",0.0065,False,1180,90,591
18143,"Scott, IN",0.0065,False,1181,1175,1456
20171,"Scott, KS",0.0065,False,1182,619,1348
47077,"Henderson, TN",0.0064,False,1183,502,19
47159,"Smith, TN",0.0064,False,1184,503,1117
20139,"Osage, KS",0.0064,False,1185,966,637
21077,"Gallatin, KY",0.0064,False,1186,636,1012
01057,"Fayette, AL",0.0064,False,1187,814,1275
51775,"Salem, VA",0.0063,False,1188,1282,1545
48241,"Jasper, TX",0.0063,False,1189,247,1254
20107,"Linn, KS",0.0063,False,1190,1291,535
27165,"Watonwan, MN",0.0063,False,1191,1264,1472
51063,"Floyd, VA",0.0063,False,1192,1181,879
13133,"Greene, GA",0.0062,False,1193,968,1416
27161,"Waseca, MN",0.0062,False,1194,1245,1410
19011,"Benton, IA",0.0062,False,1195,661,275
51011,"Appomattox, VA",0.0062,False,1196,1276,909
48419,"Shelby, TX",0.0062,False,1197,211,488
17185,"Wabash, IL",0.0061,False,1198,1474,752
47017,"Carroll, TN",0.0061,False,1199,701,74
47033,"Crockett, TN",0.0061,False,1200,838,249
12023,"Columbia, FL",0.0061,False,1201,1259,1538
05039,"Dallas, AR",0.0061,False,1202,307,1037
26127,"Oceana, MI",0.0061,False,1203,1187,355
20015,"Butler, KS",0.0061,False,1204,1118,784
21143,"Lyon, KY",0.006,False,1205,621,607
27149,"Stevens, MN",0.006,False,1206,1199,1210
13093,"Dooly, GA",0.006,False,1207,873,823
28137,"Tate, MS",0.006,False,1208,231,1206
20003,"Anderson, KS",0.006,False,1209,971,742
13277,"Tift, GA",0.006,False,1210,1016,1458
05083,"Logan, AR",0.0059,False,1211,235,1005
54065,"Morgan, WV",0.0059,False,1212,1363,1441
18077,"Jefferson, IN",0.0058,False,1213,1128,1462
23017,"Oxford, ME",0.0058,False,1214,1409,1148
18137,"Ripley, IN",0.0058,False,1215,1094,1354
48131,"Duval, TX",0.0058,False,1216,245,102
21001,"Adair, KY",0.0058,False,1217,842,420
21205,"Rowan, KY",0.0057,False,1218,474,1021
20159,"Rice, KS",0.0057,False,1219,1102,1383
31107,"Knox, NE",0.0057,False,1220,1362,1443
31059,"Fillmore, NE",0.0057,False,1221,1423,1486
18123,"Perry, IN",0.0056,False,1222,1166,1333
01005,"Barbour, AL",0.0056,False,1223,790,570
05081,"Little River, AR",0.0056,False,1224,308,1198
19135,"Monroe, IA",0.0056,False,1225,634,541
55141,"Wood, WI",0.0056,False,1226,1536,602
45017,"Calhoun, SC",0.0056,False,1227,111,101
29145,"Newton, MO",0.0056,False,1228,1107,1466
48031,"Blanco, TX",0.0056,False,1229,313,1457
56031,"Platte, WY",0.0055,False,1230,137,675
01105,"Perry, AL",0.0055,False,1231,905,1234
08081,"Moffat, CO",0.0055,False,1232,1438,838
18079,"Jennings, IN",0.0055,False,1233,1180,1492
19085,"Harrison, IA",0.0055,False,1234,630,318
17155,"Putnam, IL",0.0055,False,1235,1400,458
27011,"Big Stone, MN",0.0054,False,1236,1055,1240
28001,"Adams, MS",0.0054,False,1237,338,664
08083,"Montezuma, CO",0.0054,False,1238,1519,1549
29053,"Cooper, MO",0.0054,False,1239,1390,669
29075,"Gentry, MO",0.0054,False,1240,1398,792
40117,"Pawnee, OK",0.0054,False,1241,383,109
47055,"Giles, TN",0.0054,False,1242,427,18
13071,"Colquitt, GA",0.0054,False,1243,1042,776
29007,"Audrain, MO",0.0054,False,1244,1368,498
29187,"St. Francois, MO",0.0054,False,1245,1435,836
05147,"Woodruff, AR",0.0053,False,1246,568,1189
17033,"Crawford, IL",0.0053,False,1247,1495,716
20031,"Coffey, KS",0.0053,False,1248,973,1294
13197,"Marion, GA",0.0053,False,1249,712,676
28105,"Oktibbeha, MS",0.0052,False,1250,828,1420
20117,"Marshall, KS",0.0052,False,1251,1026,723
50003,"Bennington, VT",0.0052,False,1252,1336,1051
28161,"Yalobusha, MS",0.0052,False,1253,252,1213
21099,"Hart, KY",0.0052,False,1254,749,388
17045,"Edgar, IL",0.0052,False,1255,1386,483
17147,"Piatt, IL",0.0052,False,1256,1472,685
05073,"Lafayette, AR",0.0052,False,1257,671,1156
29119,"McDonald, MO",0.0052,False,1258,1205,833
21069,"Fleming, KY",0.0052,False,1259,203,65
20201,"Washington, KS",0.0052,False,1260,1049,1382
17061,"Greene, IL",0.0051,False,1261,1397,549
40033,"Cotton, OK",0.0051,False,1262,425,1116
40113,"Osage, OK",0.0051,False,1263,441,157
05071,"Johnson, AR",0.005,False,1264,250,140
45065,"McCormick, SC",0.005,False,1265,85,120
40035,"Craig, OK",0.005,False,1266,432,988
55097,"Portage, WI",0.005,False,1267,1538,629
01091,"Marengo, AL",0.005,False,1268,870,1404
19101,"Jefferson, IA",0.005,False,1269,1285,421
17187,"Warren, IL",0.0049,False,1270,1457,746
18155,"Switzerland, IN",0.0049,False,1271,1089,1329
20069,"Gray, KS",0.0049,False,1272,1045,1454
22125,"West Feliciana, LA",0.0049,False,1273,80,316
28035,"Forrest, MS",0.0049,False,1274,961,1422
22085,"Sabine, LA",0.0049,False,1275,721,990
21219,"Todd, KY",0.0048,False,1276,793,410
13017,"Ben Hill, GA",0.0048,False,1277,1028,1366
22049,"Jackson, LA",0.0048,False,1278,26,1095
01075,"Lamar, AL",0.0048,False,1279,811,1235
20115,"Marion, KS",0.0048,False,1280,978,700
29161,"Phelps, MO",0.0048,False,1281,1403,827
13235,"Pulaski, GA",0.0048,False,1282,1048,1421
13181,"Lincoln, GA",0.0048,False,1283,915,465
47139,"Polk, TN",0.0048,False,1284,401,190
21031,"Butler, KY",0.0048,False,1285,754,1059
18117,"Orange, IN",0.0047,False,1286,1132,1283
40099,"Murray, OK",0.0047,False,1287,635,1067
28115,"Pontotoc, MS",0.0047,False,1288,731,1260
26133,"Osceola, MI",0.0047,False,1289,1098,379
28141,"Tishomingo, MS",0.0047,False,1290,717,454
29039,"Cedar, MO",0.0047,False,1291,995,772
13271,"Telfair, GA",0.0047,False,1292,1043,1400
28085,"Lincoln, MS",0.0046,False,1293,439,777
13165,"Jenkins, GA",0.0046,False,1294,835,544
05043,"Drew, AR",0.0046,False,1295,242,1158
20149,"Pottawatomie, KS",0.0046,False,1296,1054,1282
50025,"Windham, VT",0.0046,False,1297,1342,1177
28057,"Itawamba, MS",0.0046,False,1298,797,593
28007,"Attala, MS",0.0045,False,1299,809,615
17145,"Perry, IL",0.0045,False,1300,1541,805
31119,"Madison, NE",0.0045,False,1301,1413,1508
17121,"Marion, IL",0.0045,False,1302,1535,725
19183,"Washington, IA",0.0044,False,1303,1322,292
13155,"Irwin, GA",0.0044,False,1304,1046,579
01133,"Winston, AL",0.0044,False,1305,947,319
27151,"Swift, MN",0.0044,False,1306,1229,1305
46127,"Union, SD",0.0044,False,1307,1429,1550
18179,"Wells, IN",0.0044,False,1308,1114,844
12003,"Baker, FL",0.0044,False,1309,1143,1473
17173,"Shelby, IL",0.0043,False,1310,1440,575
18007,"Benton, IN",0.0043,False,1311,1251,468
18121,"Parke, IN",0.0043,False,1312,1110,753
05105,"Perry, AR",0.0043,False,1313,324,1003
55053,"Jackson, WI",0.0043,False,1314,1126,1296
05079,"Lincoln, AR",0.0042,False,1315,303,1125
17191,"Wayne, IL",0.0042,False,1316,1480,651
13305,"Wayne, GA",0.0042,False,1317,863,680
22043,"Grant, LA",0.0042,False,1318,319,463
20113,"McPherson, KS",0.0042,False,1319,1081,771
47041,"DeKalb, TN",0.0042,False,1320,514,1068
18175,"Washington, IN",0.0042,False,1321,1125,1343
01109,"Pike, AL",0.0042,False,1322,812,696
13131,"Grady, GA",0.0042,False,1323,1088,667
01007,"Bibb, AL",0.0041,False,1324,1033,810
29083,"Henry, MO",0.0041,False,1325,1437,744
47091,"Johnson, TN",0.0041,False,1326,302,188
19087,"Henry, IA",0.0041,False,1327,1289,428
08063,"Kit Carson, CO",0.0041,False,1328,1473,1471
50011,"Franklin, VT",0.0041,False,1329,1335,1338
29213,"Taney, MO",0.0041,False,1330,1449,1536
05141,"Van Buren, AR",0.0041,False,1331,257,946
47003,"Bedford, TN",0.0041,False,1332,656,431
29001,"Adair, MO",0.004,False,1333,1350,565
33013,"Merrimack, NH",0.004,False,1334,1503,1397
48313,"Madison, TX",0.004,False,1335,223,698
21045,"Casey, KY",0.004,False,1336,497,377
21123,"Larue, KY",0.004,False,1337,558,434
47117,"Marshall, TN",0.004,False,1338,608,196
28043,"Grenada, MS",0.004,False,1339,637,1320
47005,"Benton, TN",0.004,False,1340,449,984
13229,"Pierce, GA",0.004,False,1341,941,796
47109,"McNairy, TN",0.004,False,1342,524,153
21139,"Livingston, KY",0.004,False,1343,695,555
18159,"Tipton, IN",0.0039,False,1344,1122,737
17051,"Fayette, IL",0.0039,False,1345,1442,589
21229,"Washington, KY",0.0039,False,1346,472,113
40067,"Jefferson, OK",0.0039,False,1347,391,398
50001,"Addison, VT",0.0038,False,1348,1331,1250
17131,"Mercer, IL",0.0038,False,1349,1454,486
18031,"Decatur, IN",0.0038,False,1350,1185,868
28013,"Calhoun, MS",0.0038,False,1351,732,1181
30003,"Big Horn, MT",0.0038,False,1352,132,223
40005,"Atoka, OK",0.0038,False,1353,188,972
29063,"DeKalb, MO",0.0037,False,1354,1378,824
18139,"Rush, IN",0.0037,False,1355,1133,783
17159,"Richland, IL",0.0037,False,1356,1470,766
21017,"Bourbon, KY",0.0036,False,1357,444,287
05075,"Lawrence, AR",0.0036,False,1358,511,1252
28029,"Copiah, MS",0.0036,False,1359,346,625
13209,"Montgomery, GA",0.0036,False,1360,856,710
21223,"Trimble, KY",0.0036,False,1361,224,1001
50023,"Washington, VT",0.0036,False,1362,1340,1306
18075,"Jay, IN",0.0036,False,1363,1265,654
29207,"Stoddard, MO",0.0035,False,1364,1487,851
09160,"Northwest Hills, CT",0.0035,False,1365,1545,1212
40001,"Adair, OK",0.0035,False,1366,330,9
31179,"Wayne, NE",0.0035,False,1367,1394,1474
29049,"Clinton, MO",0.0035,False,1368,1430,825
47023,"Chester, TN",0.0035,False,1369,715,212
48365,"Panola, TX",0.0035,False,1370,237,1227
21011,"Bath, KY",0.0035,False,1371,452,170
13081,"Crisp, GA",0.0035,False,1372,935,877
48047,"Brooks, TX",0.0035,False,1373,448,930
28145,"Union, MS",0.0034,False,1374,709,1259
40041,"Delaware, OK",0.0034,False,1375,376,143
21187,"Owen, KY",0.0034,False,1376,645,1074
48297,"Live Oak, TX",0.0034,False,1377,99,1045
48407,"San Jacinto, TX",0.0034,False,1378,218,415
22091,"St. Helena, LA",0.0034,False,1379,210,315
55021,"Columbia, WI",0.0034,False,1380,1548,687
08043,"Fremont, CO",0.0034,False,1381,1527,865
05121,"Randolph, AR",0.0033,False,1382,392,1140
27095,"Mille Lacs, MN",0.0033,False,1383,1221,1455
21051,"Clay, KY",0.0033,False,1384,1027,1114
20027,"Clay, KS",0.0033,False,1385,1082,1321
17047,"Edwards, IL",0.0032,False,1386,1483,779
21137,"Lincoln, KY",0.0032,False,1387,557,279
01013,"Butler, AL",0.0031,False,1388,847,513
28067,"Jones, MS",0.0031,False,1389,892,1323
13321,"Worth, GA",0.0031,False,1390,901,743
20095,"Kingman, KS",0.0031,False,1391,1158,1504
08073,"Lincoln, CO",0.003,False,1392,1528,1506
54013,"Calhoun, WV",0.003,False,1393,1357,1285
46029,"Codington, SD",0.003,False,1394,1323,790
46079,"Lake, SD",0.003,False,1395,1377,870
05133,"Sevier, AR",0.003,False,1396,402,1121
17079,"Jasper, IL",0.003,False,1397,1530,649
29139,"Montgomery, MO",0.003,False,1398,1408,671
29135,"Moniteau, MO",0.003,False,1399,1384,749
01111,"Randolph, AL",0.0029,False,1400,864,1398
47061,"Grundy, TN",0.0029,False,1401,381,89
29055,"Crawford, MO",0.0029,False,1402,1389,636
21115,"Johnson, KY",0.0029,False,1403,1019,1081
47171,"Unicoi, TN",0.0029,False,1404,284,914
46065,"Hughes, SD",0.0029,False,1405,1383,1532
18119,"Owen, IN",0.0029,False,1406,1171,1423
13309,"Wheeler, GA",0.0028,False,1407,1044,1307
21171,"Monroe, KY",0.0028,False,1408,691,390
55111,"Sauk, WI",0.0028,False,1409,1506,756
47081,"Hickman, TN",0.0028,False,1410,588,1034
46109,"Roberts, SD",0.0028,False,1411,1352,668
21043,"Carter, KY",0.0028,False,1412,710,1084
51640,"Galax, VA",0.0027,False,1413,1170,1511
27023,"Chippewa, MN",0.0027,False,1414,1236,1438
55137,"Waushara, WI",0.0027,False,1415,1543,681
17133,"Monroe, IL",0.0027,False,1416,1476,1554
13109,"Evans, GA",0.0027,False,1417,908,751
31095,"Jefferson, NE",0.0026,False,1418,1427,1482
29127,"Marion, MO",0.0026,False,1419,1402,711
25011,"Franklin, MA",0.0026,False,1420,1555,1403
40061,"Haskell, OK",0.0026,False,1421,435,1083
01107,"Pickens, AL",0.0026,False,1422,872,1356
22021,"Caldwell, LA",0.0026,False,1423,72,1241
29185,"St. Clair, MO",0.0026,False,1424,1034,820
28117,"Prentiss, MS",0.0026,False,1425,788,572
47071,"Hardin, TN",0.0026,False,1426,461,152
20085,"Jackson, KS",0.0025,False,1427,959,1358
09150,"Northeastern Connecticut, CT",0.0025,False,1428,1547,1170
13283,"Treutlen, GA",0.0025,False,1429,1031,1308
20127,"Morris, KS",0.0025,False,1430,987,1205
40127,"Pushmataha, OK",0.0025,False,1431,373,308
28139,"Tippah, MS",0.0025,False,1432,765,490
05009,"Boone, AR",0.0025,True,1433,702,261
31035,"Clay, NE",0.0024,False,1434,1426,1521
47015,"Cannon, TN",0.0024,False,1435,632,422
31023,"Butler, NE",0.0024,False,1436,1418,1514
28037,"Franklin, MS",0.0024,False,1437,378,650
13025,"Brantley, GA",0.0024,False,1438,964,682
46051,"Grant, SD",0.0024,False,1439,1347,726
29121,"Macon, MO",0.0024,False,1440,1448,526
21079,"Garrard, KY",0.0023,False,1441,659,387
18013,"Brown, IN",0.0023,False,1442,1178,1477
28155,"Webster, MS",0.0023,False,1443,703,1244
17127,"Massac, IL",0.0023,False,1444,1496,1533
17087,"Johnson, IL",0.0023,False,1445,1502,842
17041,"Douglas, IL",0.0023,False,1446,1525,786
13287,"Turner, GA",0.0023,False,1447,1003,738
28017,"Chickasaw, MS",0.0022,False,1448,753,582
28069,"Kemper, MS",0.0022,False,1449,1017,1202
29211,"Sullivan, MO",0.0022,False,1450,1365,538
40063,"Hughes, OK",0.0021,False,1451,566,1008
18115,"Ohio, IN",0.0021,False,1452,1196,1409
17083,"Jersey, IL",0.0021,False,1453,1468,1425
21025,"Breathitt, KY",0.0021,False,1454,1035,1035
46015,"Brule, SD",0.0021,False,1455,1374,1491
27065,"Kanabec, MN",0.0021,False,1456,1226,1468
01061,"Geneva, AL",0.002,False,1457,956,747
20041,"Dickinson, KS",0.002,False,1458,1087,806
29017,"Bollinger, MO",0.002,False,1459,1444,750
40095,"Marshall, OK",0.002,False,1460,440,647
17027,"Clinton, IL",0.002,False,1461,1515,875
28019,"Choctaw, MS",0.002,False,1462,784,631
29163,"Pike, MO",0.002,False,1463,1388,656
23007,"Franklin, ME",0.002,False,1464,1407,1090
31011,"Boone, NE",0.002,False,1465,1410,1515
01041,"Crenshaw, AL",0.002,False,1466,886,1261
51595,"Emporia, VA",0.002,False,1467,687,1520
47039,"Decatur, TN",0.002,False,1468,493,49
17181,"Union, IL",0.002,False,1469,1489,1510
01067,"Henry, AL",0.0019,False,1470,823,802
13037,"Calhoun, GA",0.0019,False,1471,833,862
05127,"Scott, AR",0.0019,False,1472,305,960
31185,"York, NE",0.0019,False,1473,1439,890
47101,"Lewis, TN",0.0019,False,1474,552,33
29205,"Shelby, MO",0.0019,False,1475,1359,736
21023,"Bracken, KY",0.0019,False,1476,607,1023
47083,"Houston, TN",0.0018,False,1477,459,954
47181,"Wayne, TN",0.0018,False,1478,531,2
29117,"Livingston, MO",0.0018,False,1479,1391,816
18015,"Carroll, IN",0.0018,False,1480,1160,849
17023,"Clark, IL",0.0017,False,1481,1542,708
31159,"Seward, NE",0.0017,False,1482,1419,1519
13315,"Wilcox, GA",0.0017,False,1483,1065,1346
05035,"Crittenden, AR",0.0017,False,1484,1458,385
28159,"Winston, MS",0.0017,False,1485,1001,1211
05129,"Searcy, AR",0.0017,False,1486,465,978
20053,"Ellsworth, KS",0.0017,False,1487,1078,1499
05049,"Fulton, AR",0.0017,False,1488,442,1077
05117,"Prairie, AR",0.0017,False,1489,542,1201
47175,"Van Buren, TN",0.0016,False,1490,464,40
28103,"Noxubee, MS",0.0016,False,1491,902,1266
55057,"Juneau, WI",0.0016,False,1492,1513,684
05087,"Madison, AR",0.0016,False,1493,681,957
33001,"Belknap, NH",0.0016,False,1494,1499,1437
31081,"Hamilton, NE",0.0016,False,1495,1424,1527
29115,"Linn, MO",0.0016,False,1496,1396,758
36041,"Hamilton, NY",0.0015,False,1497,936,1119
29157,"Perry, MO",0.0015,False,1498,1431,860
01065,"Hale, AL",0.0015,False,1499,875,1435
05025,"Cleveland, AR",0.0014,False,1500,269,1073
05135,"Sharp, AR",0.0014,False,1501,422,1242
28123,"Scott, MS",0.0014,False,1502,1007,732
48455,"Trinity, TX",0.0014,False,1503,176,576
28005,"Amite, MS",0.0014,False,1504,298,1115
31143,"Polk, NE",0.0014,False,1505,1432,1537
33005,"Cheshire, NH",0.0014,False,1506,1505,1124
28061,"Jasper, MS",0.0014,False,1507,569,451
55065,"Lafayette, WI",0.0013,False,1508,1512,633
18161,"Union, IN",0.0013,False,1509,1134,841
46057,"Hamlin, SD",0.0013,False,1510,1366,1402
28113,"Pike, MS",0.0013,False,1511,519,1488
17189,"Washington, IL",0.0013,False,1512,1550,867
05137,"Stone, AR",0.0013,False,1513,331,1126
47127,"Moore, TN",0.0013,False,1514,679,243
17169,"Schuyler, IL",0.0013,False,1515,1456,813
26113,"Missaukee, MI",0.0013,False,1516,1080,672
29221,"Washington, MO",0.0013,False,1517,1412,715
17035,"Cumberland, IL",0.0013,False,1518,1469,830
01027,"Clay, AL",0.0013,False,1519,854,1271
29089,"Howard, MO",0.0012,False,1520,1385,775
48457,"Tyler, TX",0.0012,False,1521,233,1188
28129,"Smith, MS",0.0012,False,1522,478,1319
28023,"Clarke, MS",0.0012,False,1523,1070,1302
28127,"Simpson, MS",0.0012,False,1524,488,765
31097,"Johnson, NE",0.0012,False,1525,1404,1393
26101,"Manistee, MI",0.0012,False,1526,1123,661
29195,"Saline, MO",0.0012,False,1527,1370,638
21131,"Leslie, KY",0.0011,False,1528,818,1075
28065,"Jefferson Davis, MS",0.0011,False,1529,910,791
29131,"Miller, MO",0.0011,False,1530,1414,1483
12125,"Union, FL",0.0011,False,1531,1280,906
31151,"Saline, NE",0.0011,False,1532,1428,1513
01085,"Lowndes, AL",0.0011,False,1533,911,702
13183,"Long, GA",0.001,False,1534,939,794
29137,"Monroe, MO",0.001,False,1535,1376,616
47137,"Pickett, TN",0.001,False,1536,388,992
28111,"Perry, MS",0.001,False,1537,1084,507
17005,"Bond, IL",0.001,False,1538,1494,1478
55001,"Adams, WI",0.001,False,1539,1514,703
29111,"Lewis, MO",0.0009,False,1540,1392,799
12041,"Gilchrist, FL",0.0009,False,1541,1284,1541
05097,"Montgomery, AR",0.0009,False,1542,278,1036
28099,"Neshoba, MS",0.0008,False,1543,988,1378
56015,"Goshen, WY",0.0008,False,1544,1218,896
17009,"Brown, IL",0.0008,False,1545,1451,864
31093,"Howard, NE",0.0008,False,1546,1422,1551
28131,"Stone, MS",0.0008,False,1547,1119,1449
26085,"Lake, MI",0.0008,False,1548,1124,639
55047,"Green Lake, WI",0.0008,False,1549,1507,850
28153,"Wayne, MS",0.0008,False,1550,1002,425
28147,"Walthall, MS",0.0008,False,1551,520,1384
29025,"Caldwell, MO",0.0008,False,1552,1380,854
40077,"Latimer, OK",0.0007,False,1553,446,1040
18171,"Warren, IN",0.0007,False,1554,1073,780
55077,"Marquette, WI",0.0007,False,1555,1518,826
28009,"Benton, MS",0.0006,False,1556,704,552
50019,"Orleans, VT",0.0006,False,1557,1337,1375
29067,"Douglas, MO",0.0006,False,1558,1446,1429
28077,"Lawrence, MS",0.0005,False,1559,529,1445
33003,"Carroll, NH",0.0005,False,1560,1504,1209
28031,"Covington, MS",0.0005,False,1561,992,829
29153,"Ozark, MO",0.0005,False,1562,1465,1485
28101,"Newton, MS",0.0005,False,1563,1015,1406
28079,"Leake, MS",0.0004,False,1564,1006,1395
33019,"Sullivan, NH",0.0004,False,1565,1501,1270
