fips,county,rank1_floor_on,top10_floor_on,rank1_floor_off,top10_floor_off,floor_ok
53075,"Whitman, WA",0.1244,0.4468,0.0708,0.3128,True
53025,"Grant, WA",0.1238,0.505,0.0798,0.3486,True
47181,"Wayne, TN",0.1086,0.4208,0.0748,0.3076,True
39155,"Trumbull, OH",0.0912,0.3242,0.0718,0.2484,True
53011,"Clark, WA",0.0672,0.2958,0.0492,0.2062,True
40051,"Grady, OK",0.04,0.1896,0.0108,0.1114,True
19163,"Scott, IA",0.0382,0.1972,0.0114,0.1374,True
42079,"Luzerne, PA",0.0338,0.2946,0.011,0.1902,True
17161,"Rock Island, IL",0.0336,0.1352,0.0216,0.0904,True
42033,"Clearfield, PA",0.0332,0.2402,0.011,0.118,True
48131,"Duval, TX",0.0264,0.1592,0.0076,0.0846,True
40097,"Mayes, OK",0.0238,0.1976,0.0138,0.1334,True
30003,"Big Horn, MT",0.023,0.131,0.01,0.0794,True
41067,"Washington, OR",0.0172,0.1076,0.0032,0.0526,True
48331,"Milam, TX",0.014,0.1852,0.0072,0.0952,True
26163,"Wayne, MI",0.014,0.1182,0.0078,0.0802,True
56001,"Albany, WY",0.014,0.0742,0.0078,0.0404,True
40001,"Adair, OK",0.0134,0.134,0.0126,0.0934,True
48113,"Dallas, TX",0.0116,0.0894,0.0008,0.0558,True
48139,"Ellis, TX",0.0108,0.0866,0.0046,0.0412,True
40143,"Tulsa, OK",0.0096,0.0926,0.0042,0.056,True
38055,"McLean, ND",0.0084,0.1244,0.0028,0.0772,True
48085,"Collin, TX",0.008,0.0808,0.0024,0.0414,True
17183,"Vermilion, IL",0.008,0.0644,0.0036,0.028,True
47151,"Scott, TN",0.0072,0.2072,0.0008,0.1438,True
22067,"Morehouse, LA",0.0068,0.0564,0.002,0.0318,True
17073,"Henry, IL",0.006,0.08,0.0038,0.0458,True
55087,"Outagamie, WI",0.0054,0.0342,0.0022,0.0208,True
19127,"Marshall, IA",0.0052,0.1184,0.0022,0.0716,True
53005,"Benton, WA",0.005,0.2324,0.0022,0.1136,True
48069,"Castro, TX",0.005,0.1014,0.0,0.0138,True
26123,"Newaygo, MI",0.005,0.074,0.0006,0.022,True
47057,"Grainger, TN",0.005,0.036,0.0,0.0174,True
40113,"Osage, OK",0.0038,0.0748,0.0,0.0346,True
40127,"Pushmataha, OK",0.0034,0.049,0.0,0.0258,True
26121,"Muskegon, MI",0.0032,0.054,0.0014,0.0286,True
37045,"Cleveland, NC",0.003,0.0204,0.0,0.012,True
45075,"Orangeburg, SC",0.0028,0.0464,0.002,0.0248,True
40081,"Lincoln, OK",0.0026,0.1138,0.0012,0.0464,True
54025,"Greenbrier, WV",0.0026,0.049,0.0,0.0094,True
48233,"Hutchinson, TX",0.0024,0.0686,0.0002,0.021,True
26151,"Sanilac, MI",0.0022,0.0958,0.0002,0.0246,True
42115,"Susquehanna, PA",0.0022,0.0704,0.0,0.0182,True
05093,"Mississippi, AR",0.0022,0.0306,0.002,0.018,True
40017,"Canadian, OK",0.0016,0.1146,0.0002,0.0554,True
17143,"Peoria, IL",0.0016,0.0746,0.0002,0.046,True
48309,"McLennan, TX",0.0016,0.0654,0.0,0.0184,True
45069,"Marlboro, SC",0.0016,0.0398,0.0004,0.0194,True
22077,"Pointe Coupee, LA",0.0016,0.0232,0.0012,0.0112,True
48117,"Deaf Smith, TX",0.0012,0.1274,0.0,0.0294,True
47069,"Hardeman, TN",0.0012,0.0692,0.0,0.0378,True
45025,"Chesterfield, SC",0.0012,0.0684,0.001,0.032,True
04015,"Mohave, AZ",0.001,0.0676,0.0,0.0236,True
18141,"St. Joseph, IN",0.001,0.061,0.0,0.023,True
05143,"Washington, AR",0.0008,0.0532,0.0002,0.0228,True
42129,"Westmoreland, PA",0.0008,0.0498,0.0006,0.0258,True
18089,"Lake, IN",0.0008,0.0452,0.0,0.0272,True
01071,"Jackson, AL",0.0008,0.0302,0.0004,0.0176,True
05123,"St. Francis, AR",0.0006,0.044,0.0002,0.0254,True
48387,"Red River, TX",0.0004,0.0826,0.0,0.0256,True
26091,"Lenawee, MI",0.0004,0.08,0.0,0.0258,True
17095,"Knox, IL",0.0004,0.062,0.0,0.024,True
45039,"Fairfield, SC",0.0004,0.0444,0.0002,0.0236,True
48231,"Hunt, TX",0.0004,0.0356,0.0,0.0058,True
48121,"Denton, TX",0.0004,0.0338,0.0,0.0162,True
26165,"Wexford, MI",0.0004,0.028,0.0,0.0088,True
47101,"Lewis, TN",0.0004,0.0218,0.0,0.0074,True
55073,"Marathon, WI",0.0004,0.0136,0.0,0.0054,True
26117,"Montcalm, MI",0.0002,0.0632,0.0,0.012,True
17201,"Winnebago, IL",0.0002,0.038,0.0002,0.0234,True
40133,"Seminole, OK",0.0002,0.0356,0.0,0.0136,True
08081,"Moffat, CO",0.0002,0.031,0.0002,0.0132,True
41059,"Umatilla, OR",0.0002,0.0174,0.0,0.0018,True
22029,"Concordia, LA",0.0002,0.0128,0.0,0.004,True
22073,"Ouachita, LA",0.0002,0.0116,0.0002,0.0042,True
48221,"Hood, TX",0.0002,0.01,0.0,0.0018,True
47107,"McMinn, TN",0.0002,0.0088,0.0,0.0028,True
39147,"Seneca, OH",0.0,0.112,0.0,0.0664,True
47049,"Fentress, TN",0.0,0.1048,0.0,0.0584,True
42107,"Schuylkill, PA",0.0,0.0778,0.0,0.0256,True
49007,"Carbon, UT",0.0,0.0742,0.0,0.0278,True
40119,"Payne, OK",0.0,0.072,0.0,0.033,True
47077,"Henderson, TN",0.0,0.0698,0.0,0.028,True
48035,"Bosque, TX",0.0,0.068,0.0,0.0096,True
53071,"Walla Walla, WA",0.0,0.0656,0.0,0.0134,True
42069,"Lackawanna, PA",0.0,0.0544,0.0,0.0116,True
17195,"Whiteside, IL",0.0,0.0538,0.0,0.0226,True
48077,"Clay, TX",0.0,0.0524,0.0,0.0004,True
47055,"Giles, TN",0.0,0.0488,0.0,0.0198,True
40121,"Pittsburg, OK",0.0,0.0438,0.0,0.012,True
42007,"Beaver, PA",0.0,0.0424,0.0,0.0178,True
42081,"Lycoming, PA",0.0,0.0418,0.0,0.0032,True
05069,"Jefferson, AR",0.0,0.0384,0.0,0.0202,True
39139,"Richland, OH",0.0,0.0354,0.0,0.0106,True
39033,"Crawford, OH",0.0,0.0342,0.0,0.0164,True
17011,"Bureau, IL",0.0,0.0306,0.0,0.0118,True
46037,"Day, SD",0.0,0.0298,0.0,0.0062,True
47017,"Carroll, TN",0.0,0.0284,0.0,0.0094,True
48157,"Fort Bend, TX",0.0,0.0284,0.0,0.007,True
41047,"Marion, OR",0.0,0.0276,0.0,0.0066,True
48217,"Hill, TX",0.0,0.026,0.0,0.0002,True
47143,"Rhea, TN",0.0,0.0256,0.0,0.0118,True
46109,"Roberts, SD",0.0,0.0244,0.0,0.0044,True
56031,"Platte, WY",0.0,0.0226,0.0,0.0034,True
22069,"Natchitoches, LA",0.0,0.0212,0.0,0.0054,True
26133,"Osceola, MI",0.0,0.0206,0.0,0.0022,True
17037,"DeKalb, IL",0.0,0.0202,0.0,0.0062,True
40087,"McClain, OK",0.0,0.0202,0.0,0.0064,True
39143,"Sandusky, OH",0.0,0.0194,0.0,0.0078,True
21069,"Fleming, KY",0.0,0.0164,0.0,0.0048,True
21081,"Grant, KY",0.0,0.0162,0.0,0.0028,True
47007,"Bledsoe, TN",0.0,0.0156,0.0,0.0078,True
37157,"Rockingham, NC",0.0,0.0154,0.0,0.0056,True
39077,"Huron, OH",0.0,0.0154,0.0,0.0068,True
56021,"Laramie, WY",0.0,0.0148,0.0,0.0026,True
39173,"Wood, OH",0.0,0.0146,0.0,0.0084,True
47141,"Putnam, TN",0.0,0.0146,0.0,0.0002,True
19109,"Kossuth, IA",0.0,0.0144,0.0,0.0004,True
42039,"Crawford, PA",0.0,0.0144,0.0,0.0004,True
17179,"Tazewell, IL",0.0,0.0142,0.0,0.0044,True
45003,"Aiken, SC",0.0,0.0138,0.0,0.0096,True
40101,"Muskogee, OK",0.0,0.0132,0.0,0.0022,True
19153,"Polk, IA",0.0,0.0126,0.0,0.0022,True
55119,"Taylor, WI",0.0,0.012,0.0,0.002,True
08041,"El Paso, CO",0.0,0.0112,0.0,0.0032,True
48145,"Falls, TX",0.0,0.011,0.0,0.0004,True
55005,"Barron, WI",0.0,0.011,0.0,0.0038,True
22009,"Avoyelles, LA",0.0,0.0106,0.0,0.0038,True
05103,"Ouachita, AR",0.0,0.0104,0.0,0.003,True
18039,"Elkhart, IN",0.0,0.0104,0.0,0.0,True
39007,"Ashtabula, OH",0.0,0.0102,0.0,0.002,True
26027,"Cass, MI",0.0,0.0098,0.0,0.001,True
26113,"Missaukee, MI",0.0,0.0094,0.0,0.0018,True
13303,"Washington, GA",0.0,0.0092,0.0,0.0022,True
26081,"Kent, MI",0.0,0.0092,0.0,0.0016,True
47039,"Decatur, TN",0.0,0.0092,0.0,0.0008,True
40023,"Choctaw, OK",0.0,0.0088,0.0,0.0,True
47091,"Johnson, TN",0.0,0.0088,0.0,0.0006,True
17115,"Macon, IL",0.0,0.0084,0.0,0.0024,True
37119,"Mecklenburg, NC",0.0,0.0084,0.0,0.0034,True
40027,"Cleveland, OK",0.0,0.0084,0.0,0.0008,True
05027,"Columbia, AR",0.0,0.008,0.0,0.003,True
17177,"Stephenson, IL",0.0,0.008,0.0,0.0006,True
19189,"Winnebago, IA",0.0,0.008,0.0,0.0012,True
19057,"Des Moines, IA",0.0,0.0078,0.0,0.0028,True
47009,"Blount, TN",0.0,0.0078,0.0,0.0004,True
48363,"Palo Pinto, TX",0.0,0.0078,0.0,0.0,True
47153,"Sequatchie, TN",0.0,0.0076,0.0,0.0028,True
05011,"Bradley, AR",0.0,0.0072,0.0,0.001,True
40111,"Okmulgee, OK",0.0,0.0072,0.0,0.0026,True
40137,"Stephens, OK",0.0,0.007,0.0,0.0004,True
05071,"Johnson, AR",0.0,0.0068,0.0,0.0002,True
49041,"Sevier, UT",0.0,0.0068,0.0,0.0004,True
21083,"Graves, KY",0.0,0.0066,0.0,0.0008,True
42029,"Chester, PA",0.0,0.0066,0.0,0.0014,True
45011,"Barnwell, SC",0.0,0.0066,0.0,0.0054,True
45085,"Sumter, SC",0.0,0.0066,0.0,0.0022,True
47185,"White, TN",0.0,0.0062,0.0,0.0006,True
17057,"Fulton, IL",0.0,0.0058,0.0,0.001,True
19005,"Allamakee, IA",0.0,0.0058,0.0,0.001,True
42019,"Butler, PA",0.0,0.0058,0.0,0.0014,True
22083,"Richland, LA",0.0,0.0056,0.0,0.0026,True
40041,"Delaware, OK",0.0,0.0054,0.0,0.0016,True
17053,"Ford, IL",0.0,0.0052,0.0,0.0008,True
21011,"Bath, KY",0.0,0.0052,0.0,0.0002,True
26127,"Oceana, MI",0.0,0.005,0.0,0.0002,True
19187,"Webster, IA",0.0,0.0048,0.0,0.0002,True
26065,"Ingham, MI",0.0,0.0048,0.0,0.0,True
39151,"Stark, OH",0.0,0.0048,0.0,0.0,True
40021,"Cherokee, OK",0.0,0.0046,0.0,0.002,True
40107,"Okfuskee, OK",0.0,0.0044,0.0,0.0006,True
47123,"Monroe, TN",0.0,0.0044,0.0,0.0,True
39137,"Putnam, OH",0.0,0.004,0.0,0.0014,True
47145,"Roane, TN",0.0,0.0038,0.0,0.0006,True
37021,"Buncombe, NC",0.0,0.0034,0.0,0.0002,True
05007,"Benton, AR",0.0,0.0032,0.0,0.0008,True
13077,"Coweta, GA",0.0,0.0032,0.0,0.0006,True
21097,"Harrison, KY",0.0,0.0032,0.0,0.0,True
19059,"Dickinson, IA",0.0,0.003,0.0,0.0006,True
45001,"Abbeville, SC",0.0,0.003,0.0,0.0008,True
13121,"Fulton, GA",0.0,0.0028,0.0,0.0004,True
21229,"Washington, KY",0.0,0.0026,0.0,0.0,True
48193,"Hamilton, TX",0.0,0.0026,0.0,0.0,True
16057,"Latah, ID",0.0,0.0024,0.0,0.0,True
39175,"Wyandot, OH",0.0,0.0024,0.0,0.001,True
48093,"Comanche, TX",0.0,0.0024,0.0,0.0,True
55127,"Walworth, WI",0.0,0.0024,0.0,0.0004,True
21151,"Madison, KY",0.0,0.0022,0.0,0.0,True
45087,"Union, SC",0.0,0.0022,0.0,0.001,True
47047,"Fayette, TN",0.0,0.0022,0.0,0.0002,True
47175,"Van Buren, TN",0.0,0.0022,0.0,0.0006,True
55039,"Fond du Lac, WI",0.0,0.0022,0.0,0.0,True
22025,"Catahoula, LA",0.0,0.002,0.0,0.0,True
47167,"Tipton, TN",0.0,0.002,0.0,0.0,True
48343,"Morris, TX",0.0,0.002,0.0,0.0,True
05053,"Grant, AR",0.0,0.0018,0.0,0.0,True
17131,"Mercer, IL",0.0,0.0018,0.0,0.0002,True
18157,"Tippecanoe, IN",0.0,0.0018,0.0,0.0,True
40067,"Jefferson, OK",0.0,0.0018,0.0,0.0,True
45077,"Pickens, SC",0.0,0.0018,0.0,0.0006,True
55117,"Sheboygan, WI",0.0,0.0018,0.0,0.0,True
01093,"Marion, AL",0.0,0.0016,0.0,0.0002,True
17031,"Cook, IL",0.0,0.0016,0.0,0.0002,True
22035,"East Carroll, LA",0.0,0.0016,0.0,0.0002,True
39133,"Portage, OH",0.0,0.0016,0.0,0.0,True
41005,"Clackamas, OR",0.0,0.0016,0.0,0.0,True
42003,"Allegheny, PA",0.0,0.0016,0.0,0.0,True
17109,"McDonough, IL",0.0,0.0014,0.0,0.0002,True
26085,"Lake, MI",0.0,0.0014,0.0,0.0,True
47183,"Weakley, TN",0.0,0.0014,0.0,0.0004,True
48225,"Houston, TX",0.0,0.0012,0.0,0.0,True
48285,"Lavaca, TX",0.0,0.0012,0.0,0.0,True
54067,"Nicholas, WV",0.0,0.0012,0.0,0.0,True
55011,"Buffalo, WI",0.0,0.0012,0.0,0.0002,True
26157,"Tuscola, MI",0.0,0.001,0.0,0.0,True
42089,"Monroe, PA",0.0,0.001,0.0,0.0,True
45017,"Calhoun, SC",0.0,0.001,0.0,0.0004,True
47113,"Madison, TN",0.0,0.001,0.0,0.0,True
55135,"Waupaca, WI",0.0,0.001,0.0,0.0002,True
05111,"Poinsett, AR",0.0,0.0008,0.0,0.0,True
19139,"Muscatine, IA",0.0,0.0008,0.0,0.0,True
37155,"Robeson, NC",0.0,0.0008,0.0,0.0002,True
40117,"Pawnee, OK",0.0,0.0008,0.0,0.0,True
40125,"Pottawatomie, OK",0.0,0.0008,0.0,0.0,True
45021,"Cherokee, SC",0.0,0.0008,0.0,0.0002,True
48375,"Potter, TX",0.0,0.0008,0.0,0.0,True
05057,"Hempstead, AR",0.0,0.0006,0.0,0.0,True
16001,"Ada, ID",0.0,0.0006,0.0,0.0,True
19113,"Linn, IA",0.0,0.0006,0.0,0.0,True
21017,"Bourbon, KY",0.0,0.0006,0.0,0.0,True
22041,"Franklin, LA",0.0,0.0006,0.0,0.0004,True
22079,"Rapides, LA",0.0,0.0006,0.0,0.0002,True
26045,"Eaton, MI",0.0,0.0006,0.0,0.0,True
38101,"Ward, ND",0.0,0.0006,0.0,0.0,True
39025,"Clermont, OH",0.0,0.0006,0.0,0.0,True
45057,"Lancaster, SC",0.0,0.0006,0.0,0.0,True
48373,"Polk, TX",0.0,0.0006,0.0,0.0,True
49035,"Salt Lake, UT",0.0,0.0006,0.0,0.0,True
49039,"Sanpete, UT",0.0,0.0006,0.0,0.0,True
17199,"Williamson, IL",0.0,0.0004,0.0,0.0,True
22125,"West Feliciana, LA",0.0,0.0004,0.0,0.0,True
32003,"Clark, NV",0.0,0.0004,0.0,0.0,True
39049,"Franklin, OH",0.0,0.0004,0.0,0.0,True
42051,"Fayette, PA",0.0,0.0004,0.0,0.0,True
45055,"Kershaw, SC",0.0,0.0004,0.0,0.0,True
45065,"McCormick, SC",0.0,0.0004,0.0,0.0,True
47023,"Chester, TN",0.0,0.0004,0.0,0.0,True
47061,"Grundy, TN",0.0,0.0004,0.0,0.0,True
47075,"Haywood, TN",0.0,0.0004,0.0,0.0,True
48203,"Harrison, TX",0.0,0.0004,0.0,0.0,True
48277,"Lamar, TX",0.0,0.0004,0.0,0.0,True
55095,"Polk, WI",0.0,0.0004,0.0,0.0,True
05067,"Jackson, AR",0.0,0.0002,0.0,0.0,True
05145,"White, AR",0.0,0.0002,0.0,0.0,True
17085,"Jo Daviess, IL",0.0,0.0002,0.0,0.0,True
19069,"Franklin, IA",0.0,0.0002,0.0,0.0,True
21211,"Shelby, KY",0.0,0.0002,0.0,0.0,True
22123,"West Carroll, LA",0.0,0.0002,0.0,0.0,True
26021,"Berrien, MI",0.0,0.0002,0.0,0.0,True
26067,"Ionia, MI",0.0,0.0002,0.0,0.0,True
37081,"Guilford, NC",0.0,0.0002,0.0,0.0,True
38015,"Burleigh, ND",0.0,0.0002,0.0,0.0,True
40037,"Creek, OK",0.0,0.0002,0.0,0.0,True
40131,"Rogers, OK",0.0,0.0002,0.0,0.0,True
45063,"Lexington, SC",0.0,0.0002,0.0,0.0002,True
45081,"Saluda, SC",0.0,0.0002,0.0,0.0,True
46051,"Grant, SD",0.0,0.0002,0.0,0.0,True
48041,"Brazos, TX",0.0,0.0002,0.0,0.0,True
55139,"Winnebago, WI",0.0,0.0002,0.0,0.0,True
56015,"Goshen, WY",0.0,0.0002,0.0,0.0,True
01001,"Autauga, AL",0.0,0.0,0.0,0.0,True
01005,"Barbour, AL",0.0,0.0,0.0,0.0,True
01007,"Bibb, AL",0.0,0.0,0.0,0.0,True
01009,"Blount, AL",0.0,0.0,0.0,0.0,True
01011,"Bullock, AL",0.0,0.0,0.0,0.0,True
01013,"Butler, AL",0.0,0.0,0.0,0.0,True
01015,"Calhoun, AL",0.0,0.0,0.0,0.0,True
01021,"Chilton, AL",0.0,0.0,0.0,0.0,True
01027,"Clay, AL",0.0,0.0,0.0,0.0,False
01031,"Coffee, AL",0.0,0.0,0.0,0.0,True
01033,"Colbert, AL",0.0,0.0,0.0,0.0,True
01041,"Crenshaw, AL",0.0,0.0,0.0,0.0,False
01043,"Cullman, AL",0.0,0.0,0.0,0.0,True
01045,"Dale, AL",0.0,0.0,0.0,0.0,True
01049,"DeKalb, AL",0.0,0.0,0.0,0.0,True
01051,"Elmore, AL",0.0,0.0,0.0,0.0,True
01055,"Etowah, AL",0.0,0.0,0.0,0.0,True
01057,"Fayette, AL",0.0,0.0,0.0,0.0,False
01059,"Franklin, AL",0.0,0.0,0.0,0.0,True
01061,"Geneva, AL",0.0,0.0,0.0,0.0,True
01065,"Hale, AL",0.0,0.0,0.0,0.0,False
01067,"Henry, AL",0.0,0.0,0.0,0.0,True
01069,"Houston, AL",0.0,0.0,0.0,0.0,True
01073,"Jefferson, AL",0.0,0.0,0.0,0.0,True
01075,"Lamar, AL",0.0,0.0,0.0,0.0,False
01077,"Lauderdale, AL",0.0,0.0,0.0,0.0,True
01079,"Lawrence, AL",0.0,0.0,0.0,0.0,True
01081,"Lee, AL",0.0,0.0,0.0,0.0,False
01085,"Lowndes, AL",0.0,0.0,0.0,0.0,True
01087,"Macon, AL",0.0,0.0,0.0,0.0,False
01089,"Madison, AL",0.0,0.0,0.0,0.0,True
01091,"Marengo, AL",0.0,0.0,0.0,0.0,False
01095,"Marshall, AL",0.0,0.0,0.0,0.0,True
01101,"Montgomery, AL",0.0,0.0,0.0,0.0,True
01105,"Perry, AL",0.0,0.0,0.0,0.0,False
01107,"Pickens, AL",0.0,0.0,0.0,0.0,False
01109,"Pike, AL",0.0,0.0,0.0,0.0,True
01111,"Randolph, AL",0.0,0.0,0.0,0.0,False
01113,"Russell, AL",0.0,0.0,0.0,0.0,True
01115,"St. Clair, AL",0.0,0.0,0.0,0.0,True
01117,"Shelby, AL",0.0,0.0,0.0,0.0,True
01121,"Talladega, AL",0.0,0.0,0.0,0.0,False
01123,"Tallapoosa, AL",0.0,0.0,0.0,0.0,True
01125,"Tuscaloosa, AL",0.0,0.0,0.0,0.0,False
01133,"Winston, AL",0.0,0.0,0.0,0.0,True
04013,"Maricopa, AZ",0.0,0.0,0.0,0.0,False
04021,"Pinal, AZ",0.0,0.0,0.0,0.0,False
04027,"Yuma, AZ",0.0,0.0,0.0,0.0,True
05001,"Arkansas, AR",0.0,0.0,0.0002,0.0064,False
05009,"Boone, AR",0.0,0.0,0.0,0.0,True
05019,"Clark, AR",0.0,0.0,0.0,0.001,False
05021,"Clay, AR",0.0,0.0,0.0,0.0,True
05025,"Cleveland, AR",0.0,0.0,0.0,0.0,False
05029,"Conway, AR",0.0,0.0,0.0,0.0,False
05031,"Craighead, AR",0.0,0.0,0.0,0.0,True
05033,"Crawford, AR",0.0,0.0,0.0,0.0,True
05035,"Crittenden, AR",0.0,0.0,0.0,0.0,True
05037,"Cross, AR",0.0,0.0,0.0,0.0,False
05039,"Dallas, AR",0.0,0.0,0.0,0.0022,False
05041,"Desha, AR",0.0,0.0,0.0,0.0006,False
05043,"Drew, AR",0.0,0.0,0.0,0.001,False
05045,"Faulkner, AR",0.0,0.0,0.0,0.0,True
05047,"Franklin, AR",0.0,0.0,0.0,0.0028,False
05049,"Fulton, AR",0.0,0.0,0.0,0.0,False
05051,"Garland, AR",0.0,0.0,0.0,0.0,False
05055,"Greene, AR",0.0,0.0,0.0,0.0,True
05059,"Hot Spring, AR",0.0,0.0,0.0,0.0,True
05073,"Lafayette, AR",0.0,0.0,0.0,0.0,False
05075,"Lawrence, AR",0.0,0.0,0.0,0.0,False
05079,"Lincoln, AR",0.0,0.0,0.0,0.0,False
05081,"Little River, AR",0.0,0.0,0.0,0.0,False
05083,"Logan, AR",0.0,0.0,0.0,0.0,False
05085,"Lonoke, AR",0.0,0.0,0.0,0.0,False
05087,"Madison, AR",0.0,0.0,0.0,0.0088,False
05091,"Miller, AR",0.0,0.0,0.0,0.0,True
05095,"Monroe, AR",0.0,0.0,0.0,0.0,False
05097,"Montgomery, AR",0.0,0.0,0.0,0.0092,False
05099,"Nevada, AR",0.0,0.0,0.0,0.0,False
05105,"Perry, AR",0.0,0.0,0.0,0.0002,False
05117,"Prairie, AR",0.0,0.0,0.0,0.0,False
05119,"Pulaski, AR",0.0,0.0,0.0,0.0,True
05121,"Randolph, AR",0.0,0.0,0.0,0.0,False
05125,"Saline, AR",0.0,0.0,0.0,0.0,True
05127,"Scott, AR",0.0,0.0,0.0006,0.035,False
05129,"Searcy, AR",0.0,0.0,0.0,0.0032,False
05131,"Sebastian, AR",0.0,0.0,0.0,0.0,True
05133,"Sevier, AR",0.0,0.0,0.0,0.0,False
05135,"Sharp, AR",0.0,0.0,0.0,0.0,False
05137,"Stone, AR",0.0,0.0,0.0,0.0,False
05141,"Van Buren, AR",0.0,0.0,0.0,0.0114,False
05147,"Woodruff, AR",0.0,0.0,0.0,0.0,False
05149,"Yell, AR",0.0,0.0,0.0,0.0208,False
06019,"Fresno, CA",0.0,0.0,0.0,0.0,False
06031,"Kings, CA",0.0,0.0,0.0,0.0,False
06047,"Merced, CA",0.0,0.0,0.0,0.0,False
06061,"Placer, CA",0.0,0.0,0.0,0.0,False
06067,"Sacramento, CA",0.0,0.0,0.0,0.0,False
06069,"San Benito, CA",0.0,0.0,0.0,0.0,False
06077,"San Joaquin, CA",0.0,0.0,0.0,0.0,False
06099,"Stanislaus, CA",0.0,0.0,0.0,0.0,False
06101,"Sutter, CA",0.0,0.0,0.0,0.0,False
06113,"Yolo, CA",0.0,0.0,0.0,0.0,False
08001,"Adams, CO",0.0,0.0,0.0,0.0,True
08013,"Boulder, CO",0.0,0.0,0.0,0.0,True
08014,"Broomfield, CO",0.0,0.0,0.0,0.0,False
08031,"Denver, CO",0.0,0.0,0.0,0.0,False
08035,"Douglas, CO",0.0,0.0,0.0,0.0,True
08043,"Fremont, CO",0.0,0.0,0.0,0.0,True
08063,"Kit Carson, CO",0.0,0.0,0.0,0.001,False
08069,"Larimer, CO",0.0,0.0,0.0,0.0,True
08073,"Lincoln, CO",0.0,0.0,0.0,0.0026,False
08083,"Montezuma, CO",0.0,0.0,0.0,0.0,False
08087,"Morgan, CO",0.0,0.0,0.0,0.0,False
08101,"Pueblo, CO",0.0,0.0,0.0,0.0,True
08123,"Weld, CO",0.0,0.0,0.0,0.0,True
09110,"Capitol, CT",0.0,0.0,0.0,0.0016,False
09140,"Naugatuck Valley, CT",0.0,0.0,0.0,0.0,False
09150,"Northeastern Connecticut, CT",0.0,0.0,0.0,0.0,False
09160,"Northwest Hills, CT",0.0,0.0,0.0,0.0,False
12001,"Alachua, FL",0.0,0.0,0.0,0.0,True
12003,"Baker, FL",0.0,0.0,0.0,0.0,False
12023,"Columbia, FL",0.0,0.0,0.0,0.0,False
12039,"Gadsden, FL",0.0,0.0,0.0,0.0,True
12041,"Gilchrist, FL",0.0,0.0,0.0,0.0,False
12073,"Leon, FL",0.0,0.0,0.0,0.0,True
12083,"Marion, FL",0.0,0.0,0.0,0.0,True
12095,"Orange, FL",0.0,0.0,0.0,0.0,True
12097,"Osceola, FL",0.0,0.0,0.0,0.0,True
12105,"Polk, FL",0.0,0.0,0.0,0.0,True
12117,"Seminole, FL",0.0,0.0,0.0,0.0,False
12119,"Sumter, FL",0.0,0.0,0.0,0.0,True
12125,"Union, FL",0.0,0.0,0.0,0.0,True
13009,"Baldwin, GA",0.0,0.0,0.0,0.0,False
13013,"Barrow, GA",0.0,0.0,0.0,0.0,False
13015,"Bartow, GA",0.0,0.0,0.0,0.0,True
13017,"Ben Hill, GA",0.0,0.0,0.0,0.0,False
13021,"Bibb, GA",0.0,0.0,0.0,0.0,False
13023,"Bleckley, GA",0.0,0.0,0.0,0.0,False
13025,"Brantley, GA",0.0,0.0,0.0,0.0,True
13033,"Burke, GA",0.0,0.0,0.0,0.0,True
13035,"Butts, GA",0.0,0.0,0.0,0.0,False
13037,"Calhoun, GA",0.0,0.0,0.0,0.0,True
13043,"Candler, GA",0.0,0.0,0.0,0.0,False
13047,"Catoosa, GA",0.0,0.0,0.0,0.0,False
13053,"Chattahoochee, GA",0.0,0.0,0.0,0.0,True
13055,"Chattooga, GA",0.0,0.0,0.0,0.0,True
13057,"Cherokee, GA",0.0,0.0,0.0,0.0,False
13059,"Clarke, GA",0.0,0.0,0.0,0.0,False
13063,"Clayton, GA",0.0,0.0,0.0,0.0,False
13069,"Coffee, GA",0.0,0.0,0.0,0.0,True
13071,"Colquitt, GA",0.0,0.0,0.0,0.0,True
13073,"Columbia, GA",0.0,0.0,0.0,0.0,False
13079,"Crawford, GA",0.0,0.0,0.0,0.0,True
13081,"Crisp, GA",0.0,0.0,0.0,0.0,True
13083,"Dade, GA",0.0,0.0,0.0,0.0,False
13085,"Dawson, GA",0.0,0.0,0.0,0.0,False
13091,"Dodge, GA",0.0,0.0,0.0,0.0,False
13093,"Dooly, GA",0.0,0.0,0.0,0.0,True
13095,"Dougherty, GA",0.0,0.0,0.0,0.0,False
13097,"Douglas, GA",0.0,0.0,0.0,0.0,False
13103,"Effingham, GA",0.0,0.0,0.0,0.0,True
13105,"Elbert, GA",0.0,0.0,0.0,0.0,True
13107,"Emanuel, GA",0.0,0.0,0.0,0.0,True
13109,"Evans, GA",0.0,0.0,0.0,0.0,True
13111,"Fannin, GA",0.0,0.0,0.0,0.0,True
13113,"Fayette, GA",0.0,0.0,0.0,0.0,False
13115,"Floyd, GA",0.0,0.0,0.0,0.0,True
13117,"Forsyth, GA",0.0,0.0,0.0,0.0,False
13119,"Franklin, GA",0.0,0.0,0.0,0.0,True
13131,"Grady, GA",0.0,0.0,0.0,0.0,True
13133,"Greene, GA",0.0,0.0,0.0,0.0,False
13135,"Gwinnett, GA",0.0,0.0,0.0,0.0,False
13137,"Habersham, GA",0.0,0.0,0.0,0.0,False
13139,"Hall, GA",0.0,0.0,0.0,0.0,False
13141,"Hancock, GA",0.0,0.0,0.0,0.0,False
13143,"Haralson, GA",0.0,0.0,0.0,0.0,True
13145,"Harris, GA",0.0,0.0,0.0,0.0,False
13147,"Hart, GA",0.0,0.0,0.0,0.0,False
13149,"Heard, GA",0.0,0.0,0.0,0.0,True
13151,"Henry, GA",0.0,0.0,0.0,0.0,False
13153,"Houston, GA",0.0,0.0,0.0,0.0,False
13155,"Irwin, GA",0.0,0.0,0.0,0.0,True
13157,"Jackson, GA",0.0,0.0,0.0,0.0,False
13159,"Jasper, GA",0.0,0.0,0.0,0.0,True
13161,"Jeff Davis, GA",0.0,0.0,0.0,0.0,True
13163,"Jefferson, GA",0.0,0.0,0.0,0.0,True
13165,"Jenkins, GA",0.0,0.0,0.0,0.0,True
13167,"Johnson, GA",0.0,0.0,0.0,0.0,False
13169,"Jones, GA",0.0,0.0,0.0,0.0,False
13175,"Laurens, GA",0.0,0.0,0.0,0.0,False
13181,"Lincoln, GA",0.0,0.0,0.0,0.0,True
13183,"Long, GA",0.0,0.0,0.0,0.0,True
13185,"Lowndes, GA",0.0,0.0,0.0,0.0,True
13187,"Lumpkin, GA",0.0,0.0,0.0,0.0,False
13189,"McDuffie, GA",0.0,0.0,0.0,0.0,True
13193,"Macon, GA",0.0,0.0,0.0,0.0,True
13195,"Madison, GA",0.0,0.0,0.0,0.0,True
13197,"Marion, GA",0.0,0.0,0.0,0.0,True
13199,"Meriwether, GA",0.0,0.0,0.0,0.0,True
13209,"Montgomery, GA",0.0,0.0,0.0,0.0,True
13211,"Morgan, GA",0.0,0.0,0.0,0.0,True
13213,"Murray, GA",0.0,0.0,0.0,0.0,True
13215,"Muscogee, GA",0.0,0.0,0.0,0.0,False
13219,"Oconee, GA",0.0,0.0,0.0,0.0,False
13221,"Oglethorpe, GA",0.0,0.0,0.0,0.0,False
13225,"Peach, GA",0.0,0.0,0.0,0.0,False
13227,"Pickens, GA",0.0,0.0,0.0,0.0,False
13229,"Pierce, GA",0.0,0.0,0.0,0.0,True
13235,"Pulaski, GA",0.0,0.0,0.0,0.0,False
13241,"Rabun, GA",0.0,0.0,0.0,0.0,True
13243,"Randolph, GA",0.0,0.0,0.0,0.0,True
13245,"Richmond, GA",0.0,0.0,0.0,0.0,False
13247,"Rockdale, GA",0.0,0.0,0.0,0.0,False
13255,"Spalding, GA",0.0,0.0,0.0,0.0,False
13263,"Talbot, GA",0.0,0.0,0.0,0.0,True
13269,"Taylor, GA",0.0,0.0,0.0,0.0,True
13271,"Telfair, GA",0.0,0.0,0.0,0.0,False
13273,"Terrell, GA",0.0,0.0,0.0,0.0,True
13277,"Tift, GA",0.0,0.0,0.0,0.0,False
13279,"Toombs, GA",0.0,0.0,0.0,0.0,True
13281,"Towns, GA",0.0,0.0,0.0,0.0,True
13283,"Treutlen, GA",0.0,0.0,0.0,0.0,False
13285,"Troup, GA",0.0,0.0,0.0,0.0,True
13287,"Turner, GA",0.0,0.0,0.0,0.0,True
13289,"Twiggs, GA",0.0,0.0,0.0,0.0,False
13291,"Union, GA",0.0,0.0,0.0,0.0,True
13293,"Upson, GA",0.0,0.0,0.0,0.0,True
13297,"Walton, GA",0.0,0.0,0.0,0.0,False
13299,"Ware, GA",0.0,0.0,0.0,0.0,True
13301,"Warren, GA",0.0,0.0,0.0,0.0,True
13305,"Wayne, GA",0.0,0.0,0.0,0.0,True
13309,"Wheeler, GA",0.0,0.0,0.0,0.0,False
13311,"White, GA",0.0,0.0,0.0,0.0,False
13313,"Whitfield, GA",0.0,0.0,0.0,0.0,False
13315,"Wilcox, GA",0.0,0.0,0.0,0.0,False
13317,"Wilkes, GA",0.0,0.0,0.0,0.0,True
13319,"Wilkinson, GA",0.0,0.0,0.0,0.0,False
13321,"Worth, GA",0.0,0.0,0.0,0.0,True
16055,"Kootenai, ID",0.0,0.0,0.0,0.0,True
16069,"Nez Perce, ID",0.0,0.0,0.0,0.0,True
17001,"Adams, IL",0.0,0.0,0.0,0.0,True
17005,"Bond, IL",0.0,0.0,0.0,0.0,False
17007,"Boone, IL",0.0,0.0,0.0,0.0,False
17009,"Brown, IL",0.0,0.0,0.0,0.0,True
17015,"Carroll, IL",0.0,0.0,0.0,0.0,True
17023,"Clark, IL",0.0,0.0,0.0,0.0,True
17025,"Clay, IL",0.0,0.0,0.0,0.0,True
17027,"Clinton, IL",0.0,0.0,0.0,0.0,True
17029,"Coles, IL",0.0,0.0,0.0,0.0,True
17033,"Crawford, IL",0.0,0.0,0.0,0.0,True
17035,"Cumberland, IL",0.0,0.0,0.0,0.0,True
17039,"De Witt, IL",0.0,0.0,0.0,0.0,True
17041,"Douglas, IL",0.0,0.0,0.0,0.0,True
17043,"DuPage, IL",0.0,0.0,0.0,0.0,False
17045,"Edgar, IL",0.0,0.0,0.0,0.0,True
17047,"Edwards, IL",0.0,0.0,0.0,0.0,True
17049,"Effingham, IL",0.0,0.0,0.0,0.0,True
17051,"Fayette, IL",0.0,0.0,0.0,0.0,True
17055,"Franklin, IL",0.0,0.0,0.0,0.0,True
17061,"Greene, IL",0.0,0.0,0.0,0.0,True
17065,"Hamilton, IL",0.0,0.0,0.0,0.0,True
17077,"Jackson, IL",0.0,0.0,0.0,0.0,True
17079,"Jasper, IL",0.0,0.0,0.0,0.0,True
17081,"Jefferson, IL",0.0,0.0,0.0,0.0,True
17083,"Jersey, IL",0.0,0.0,0.0,0.0,False
17087,"Johnson, IL",0.0,0.0,0.0,0.0,True
17089,"Kane, IL",0.0,0.0,0.0,0.0,True
17093,"Kendall, IL",0.0,0.0,0.0,0.0,False
17103,"Lee, IL",0.0,0.0,0.0,0.0,True
17107,"Logan, IL",0.0,0.0,0.0,0.0,True
17111,"McHenry, IL",0.0,0.0,0.0,0.0,True
17113,"McLean, IL",0.0,0.0,0.0,0.0,True
17117,"Macoupin, IL",0.0,0.0,0.0,0.0,True
17119,"Madison, IL",0.0,0.0,0.0,0.0,True
17121,"Marion, IL",0.0,0.0,0.0,0.0,True
17123,"Marshall, IL",0.0,0.0,0.0,0.0,True
17125,"Mason, IL",0.0,0.0,0.0,0.0,True
17127,"Massac, IL",0.0,0.0,0.0,0.0,False
17129,"Menard, IL",0.0,0.0,0.0,0.0,True
17133,"Monroe, IL",0.0,0.0,0.0,0.0,False
17135,"Montgomery, IL",0.0,0.0,0.0,0.0,True
17145,"Perry, IL",0.0,0.0,0.0,0.0,True
17147,"Piatt, IL",0.0,0.0,0.0,0.0,True
17155,"Putnam, IL",0.0,0.0,0.0,0.0,True
17157,"Randolph, IL",0.0,0.0,0.0,0.0,True
17159,"Richland, IL",0.0,0.0,0.0,0.0,True
17163,"St. Clair, IL",0.0,0.0,0.0,0.0,True
17167,"Sangamon, IL",0.0,0.0,0.0,0.0,True
17169,"Schuyler, IL",0.0,0.0,0.0,0.0,True
17173,"Shelby, IL",0.0,0.0,0.0,0.0,True
17175,"Stark, IL",0.0,0.0,0.0,0.0,True
17181,"Union, IL",0.0,0.0,0.0,0.0,False
17185,"Wabash, IL",0.0,0.0,0.0,0.0,True
17187,"Warren, IL",0.0,0.0,0.0,0.0,True
17189,"Washington, IL",0.0,0.0,0.0,0.0,True
17191,"Wayne, IL",0.0,0.0,0.0,0.0,True
17193,"White, IL",0.0,0.0,0.0,0.0,True
17197,"Will, IL",0.0,0.0,0.0,0.0,True
18001,"Adams, IN",0.0,0.0,0.0,0.0,True
18005,"Bartholomew, IN",0.0,0.0,0.0,0.0,True
18007,"Benton, IN",0.0,0.0,0.0,0.0,True
18013,"Brown, IN",0.0,0.0,0.0,0.0,True
18015,"Carroll, IN",0.0,0.0,0.0,0.0,True
18019,"Clark, IN",0.0,0.0,0.0,0.0,False
18021,"Clay, IN",0.0,0.0,0.0,0.0,True
18023,"Clinton, IN",0.0,0.0,0.0,0.0,True
18027,"Daviess, IN",0.0,0.0,0.0,0.0,True
18031,"Decatur, IN",0.0,0.0,0.0,0.0,True
18035,"Delaware, IN",0.0,0.0,0.0,0.0,False
18037,"Dubois, IN",0.0,0.0,0.0,0.0,True
18043,"Floyd, IN",0.0,0.0,0.0,0.0,False
18051,"Gibson, IN",0.0,0.0,0.0,0.0,True
18057,"Hamilton, IN",0.0,0.0,0.0,0.0,False
18059,"Hancock, IN",0.0,0.0,0.0,0.0,False
18063,"Hendricks, IN",0.0,0.0,0.0,0.0,False
18067,"Howard, IN",0.0,0.0,0.0,0.0,False
18071,"Jackson, IN",0.0,0.0,0.0,0.0,True
18075,"Jay, IN",0.0,0.0,0.0,0.0,True
18077,"Jefferson, IN",0.0,0.0,0.0,0.0,False
18079,"Jennings, IN",0.0,0.0,0.0,0.0,False
18081,"Johnson, IN",0.0,0.0,0.0,0.0,False
18083,"Knox, IN",0.0,0.0,0.0,0.0,True
18085,"Kosciusko, IN",0.0,0.0,0.0,0.0,True
18087,"LaGrange, IN",0.0,0.0,0.0,0.0,True
18091,"LaPorte, IN",0.0,0.0,0.0,0.0,True
18093,"Lawrence, IN",0.0,0.0,0.0,0.0,False
18097,"Marion, IN",0.0,0.0,0.0,0.0,False
18105,"Monroe, IN",0.0,0.0,0.0,0.0,False
18109,"Morgan, IN",0.0,0.0,0.0,0.0,False
18111,"Newton, IN",0.0,0.0,0.0,0.0,True
18113,"Noble, IN",0.0,0.0,0.0,0.0,True
18115,"Ohio, IN",0.0,0.0,0.0,0.0,False
18117,"Orange, IN",0.0,0.0,0.0,0.0,False
18119,"Owen, IN",0.0,0.0,0.0,0.0,False
18121,"Parke, IN",0.0,0.0,0.0,0.0,True
18123,"Perry, IN",0.0,0.0,0.0,0.0,False
18127,"Porter, IN",0.0,0.0,0.0,0.0,False
18129,"Posey, IN",0.0,0.0,0.0,0.0,True
18135,"Randolph, IN",0.0,0.0,0.0,0.0,True
18137,"Ripley, IN",0.0,0.0,0.0,0.0,True
18139,"Rush, IN",0.0,0.0,0.0,0.0,True
18143,"Scott, IN",0.0,0.0,0.0,0.0,False
18145,"Shelby, IN",0.0,0.0,0.0,0.0,True
18147,"Spencer, IN",0.0,0.0,0.0,0.0,True
18151,"Steuben, IN",0.0,0.0,0.0,0.0,True
18153,"Sullivan, IN",0.0,0.0,0.0,0.0,True
18155,"Switzerland, IN",0.0,0.0,0.0,0.0,False
18159,"Tipton, IN",0.0,0.0,0.0,0.0,True
18161,"Union, IN",0.0,0.0,0.0,0.0,True
18163,"Vanderburgh, IN",0.0,0.0,0.0,0.0,False
18165,"Vermillion, IN",0.0,0.0,0.0,0.0,True
18167,"Vigo, IN",0.0,0.0,0.0,0.0,False
18169,"Wabash, IN",0.0,0.0,0.0,0.0,True
18171,"Warren, IN",0.0,0.0,0.0,0.0,True
18175,"Washington, IN",0.0,0.0,0.0,0.0,False
18177,"Wayne, IN",0.0,0.0,0.0,0.0,True
18179,"Wells, IN",0.0,0.0,0.0,0.0,True
18181,"White, IN",0.0,0.0,0.0,0.0,True
18183,"Whitley, IN",0.0,0.0,0.0,0.0,True
19007,"Appanoose, IA",0.0,0.0,0.0,0.0,True
19009,"Audubon, IA",0.0,0.0,0.0,0.0,True
19011,"Benton, IA",0.0,0.0,0.0,0.0,True
19013,"Black Hawk, IA",0.0,0.0,0.0,0.0,True
19015,"Boone, IA",0.0,0.0,0.0,0.0,True
19017,"Bremer, IA",0.0,0.0,0.0,0.0,True
19019,"Buchanan, IA",0.0,0.0,0.0,0.0,True
19023,"Butler, IA",0.0,0.0,0.0,0.0,True
19025,"Calhoun, IA",0.0,0.0,0.0,0.0,True
19027,"Carroll, IA",0.0,0.0,0.0,0.0,True
19029,"Cass, IA",0.0,0.0,0.0,0.0,True
19031,"Cedar, IA",0.0,0.0,0.0,0.0,True
19033,"Cerro Gordo, IA",0.0,0.0,0.0,0.0,True
19035,"Cherokee, IA",0.0,0.0,0.0,0.0,True
19037,"Chickasaw, IA",0.0,0.0,0.0,0.0,True
19047,"Crawford, IA",0.0,0.0,0.0,0.0,True
19049,"Dallas, IA",0.0,0.0,0.0,0.0,True
19051,"Davis, IA",0.0,0.0,0.0,0.0,True
19053,"Decatur, IA",0.0,0.0,0.0,0.0,True
19063,"Emmet, IA",0.0,0.0,0.0,0.0,True
19065,"Fayette, IA",0.0,0.0,0.0,0.0,True
19071,"Fremont, IA",0.0,0.0,0.0,0.0,True
19073,"Greene, IA",0.0,0.0,0.0,0.0,True
19075,"Grundy, IA",0.0,0.0,0.0,0.0,True
19077,"Guthrie, IA",0.0,0.0,0.0,0.0,True
19079,"Hamilton, IA",0.0,0.0,0.0,0.0,True
19081,"Hancock, IA",0.0,0.0,0.0,0.0,True
19083,"Hardin, IA",0.0,0.0,0.0,0.0,True
19085,"Harrison, IA",0.0,0.0,0.0,0.0,True
19087,"Henry, IA",0.0,0.0,0.0,0.0,True
19091,"Humboldt, IA",0.0,0.0,0.0,0.0,True
19093,"Ida, IA",0.0,0.0,0.0,0.0,True
19095,"Iowa, IA",0.0,0.0,0.0,0.0,True
19097,"Jackson, IA",0.0,0.0,0.0,0.0,True
19099,"Jasper, IA",0.0,0.0,0.0,0.0,True
19101,"Jefferson, IA",0.0,0.0,0.0,0.0,True
19105,"Jones, IA",0.0,0.0,0.0,0.0,True
19107,"Keokuk, IA",0.0,0.0,0.0,0.0,True
19111,"Lee, IA",0.0,0.0,0.0,0.0,True
19115,"Louisa, IA",0.0,0.0,0.0,0.0,True
19117,"Lucas, IA",0.0,0.0,0.0,0.0,True
19119,"Lyon, IA",0.0,0.0,0.0,0.0,True
19123,"Mahaska, IA",0.0,0.0,0.0,0.0,True
19125,"Marion, IA",0.0,0.0,0.0,0.0,True
19129,"Mills, IA",0.0,0.0,0.0,0.0,True
19135,"Monroe, IA",0.0,0.0,0.0,0.0,True
19137,"Montgomery, IA",0.0,0.0,0.0,0.0,True
19141,"O'Brien, IA",0.0,0.0,0.0,0.0,True
19143,"Osceola, IA",0.0,0.0,0.0,0.0,True
19145,"Page, IA",0.0,0.0,0.0,0.0,True
19151,"Pocahontas, IA",0.0,0.0,0.0,0.0,True
19155,"Pottawattamie, IA",0.0,0.0,0.0,0.0,True
19157,"Poweshiek, IA",0.0,0.0,0.0,0.0,True
19161,"Sac, IA",0.0,0.0,0.0,0.0,True
19169,"Story, IA",0.0,0.0,0.0,0.0,True
19171,"Tama, IA",0.0,0.0,0.0,0.0,True
19175,"Union, IA",0.0,0.0,0.0,0.0,True
19179,"Wapello, IA",0.0,0.0,0.0,0.0,True
19181,"Warren, IA",0.0,0.0,0.0,0.0,True
19183,"Washington, IA",0.0,0.0,0.0,0.0,True
19185,"Wayne, IA",0.0,0.0,0.0,0.0,True
19191,"Winneshiek, IA",0.0,0.0,0.0,0.0,True
19197,"Wright, IA",0.0,0.0,0.0,0.0,True
20001,"Allen, KS",0.0,0.0,0.0,0.0,True
20003,"Anderson, KS",0.0,0.0,0.0,0.0,True
20005,"Atchison, KS",0.0,0.0,0.0,0.0,True
20009,"Barton, KS",0.0,0.0,0.0,0.0,True
20011,"Bourbon, KS",0.0,0.0,0.0,0.0,True
20013,"Brown, KS",0.0,0.0,0.0,0.0,True
20015,"Butler, KS",0.0,0.0,0.0,0.0,True
20021,"Cherokee, KS",0.0,0.0,0.0,0.0,True
20027,"Clay, KS",0.0,0.0,0.0,0.0,False
20029,"Cloud, KS",0.0,0.0,0.0,0.0,True
20031,"Coffey, KS",0.0,0.0,0.0,0.0,False
20035,"Cowley, KS",0.0,0.0,0.0,0.0,False
20037,"Crawford, KS",0.0,0.0,0.0,0.0,True
20041,"Dickinson, KS",0.0,0.0,0.0,0.0,True
20043,"Doniphan, KS",0.0,0.0,0.0,0.0,True
20045,"Douglas, KS",0.0,0.0,0.0,0.0,True
20053,"Ellsworth, KS",0.0,0.0,0.0,0.0,False
20055,"Finney, KS",0.0,0.0,0.0,0.0,False
20057,"Ford, KS",0.0,0.0,0.0,0.0,False
20059,"Franklin, KS",0.0,0.0,0.0,0.0,True
20067,"Grant, KS",0.0,0.0,0.0,0.0,False
20069,"Gray, KS",0.0,0.0,0.0,0.0,False
20077,"Harper, KS",0.0,0.0,0.0,0.0,False
20085,"Jackson, KS",0.0,0.0,0.0,0.0,False
20095,"Kingman, KS",0.0,0.0,0.0,0.0,False
20099,"Labette, KS",0.0,0.0,0.0,0.0,True
20103,"Leavenworth, KS",0.0,0.0,0.0,0.0,True
20107,"Linn, KS",0.0,0.0,0.0,0.0,True
20111,"Lyon, KS",0.0,0.0,0.0,0.0,True
20113,"McPherson, KS",0.0,0.0,0.0,0.0,True
20115,"Marion, KS",0.0,0.0,0.0,0.0,True
20117,"Marshall, KS",0.0,0.0,0.0,0.0,True
20121,"Miami, KS",0.0,0.0,0.0,0.0,True
20123,"Mitchell, KS",0.0,0.0,0.0,0.0,False
20125,"Montgomery, KS",0.0,0.0,0.0,0.0,False
20127,"Morris, KS",0.0,0.0,0.0,0.0,False
20131,"Nemaha, KS",0.0,0.0,0.0,0.0,True
20133,"Neosho, KS",0.0,0.0,0.0,0.0,True
20139,"Osage, KS",0.0,0.0,0.0,0.0,True
20145,"Pawnee, KS",0.0,0.0,0.0,0.0,False
20149,"Pottawatomie, KS",0.0,0.0,0.0,0.0,False
20151,"Pratt, KS",0.0,0.0,0.0,0.0,True
20155,"Reno, KS",0.0,0.0,0.0,0.0,False
20159,"Rice, KS",0.0,0.0,0.0,0.0,False
20161,"Riley, KS",0.0,0.0,0.0,0.0,True
20171,"Scott, KS",0.0,0.0,0.0,0.0,False
20175,"Seward, KS",0.0,0.0,0.0,0.0,False
20177,"Shawnee, KS",0.0,0.0,0.0,0.0,True
20189,"Stevens, KS",0.0,0.0,0.0,0.0,False
20201,"Washington, KS",0.0,0.0,0.0,0.0,False
20205,"Wilson, KS",0.0,0.0,0.0,0.0,True
20209,"Wyandotte, KS",0.0,0.0,0.0,0.0,False
21001,"Adair, KY",0.0,0.0,0.0,0.0,True
21005,"Anderson, KY",0.0,0.0,0.0,0.0,False
21007,"Ballard, KY",0.0,0.0,0.0,0.0,True
21009,"Barren, KY",0.0,0.0,0.0,0.0,True
21015,"Boone, KY",0.0,0.0,0.0,0.0068,False
21021,"Boyle, KY",0.0,0.0,0.0,0.0014,False
21023,"Bracken, KY",0.0,0.0,0.0,0.0022,False
21025,"Breathitt, KY",0.0,0.0,0.0,0.0002,False
21029,"Bullitt, KY",0.0,0.0,0.0,0.0,False
21031,"Butler, KY",0.0,0.0,0.0,0.0,False
21035,"Calloway, KY",0.0,0.0,0.0,0.0,True
21037,"Campbell, KY",0.0,0.0,0.0004,0.0304,False
21043,"Carter, KY",0.0,0.0,0.0,0.0,False
21045,"Casey, KY",0.0,0.0,0.0,0.0,True
21047,"Christian, KY",0.0,0.0,0.0,0.0,True
21049,"Clark, KY",0.0,0.0,0.0,0.0,False
21051,"Clay, KY",0.0,0.0,0.0,0.0,False
21067,"Fayette, KY",0.0,0.0,0.0,0.0008,False
21073,"Franklin, KY",0.0,0.0,0.0,0.0,False
21075,"Fulton, KY",0.0,0.0,0.0,0.0,True
21077,"Gallatin, KY",0.0,0.0,0.0,0.0,False
21079,"Garrard, KY",0.0,0.0,0.0,0.0,True
21085,"Grayson, KY",0.0,0.0,0.0,0.0,False
21093,"Hardin, KY",0.0,0.0,0.0,0.0,True
21099,"Hart, KY",0.0,0.0,0.0,0.0,True
21111,"Jefferson, KY",0.0,0.0,0.0,0.0222,False
21113,"Jessamine, KY",0.0,0.0,0.0,0.0,False
21115,"Johnson, KY",0.0,0.0,0.0,0.0,False
21117,"Kenton, KY",0.0,0.0,0.0,0.016,False
21121,"Knox, KY",0.0,0.0,0.0,0.0,False
21123,"Larue, KY",0.0,0.0,0.0,0.0,True
21125,"Laurel, KY",0.0,0.0,0.0,0.0,False
21131,"Leslie, KY",0.0,0.0,0.0,0.0,False
21137,"Lincoln, KY",0.0,0.0,0.0,0.0,True
21139,"Livingston, KY",0.0,0.0,0.0,0.0,True
21141,"Logan, KY",0.0,0.0,0.0,0.0,True
21143,"Lyon, KY",0.0,0.0,0.0,0.0,True
21145,"McCracken, KY",0.0,0.0,0.0,0.0,False
21147,"McCreary, KY",0.0,0.0,0.0,0.0,False
21155,"Marion, KY",0.0,0.0,0.0,0.0,True
21157,"Marshall, KY",0.0,0.0,0.0,0.0,True
21171,"Monroe, KY",0.0,0.0,0.0,0.0,True
21173,"Montgomery, KY",0.0,0.0,0.0,0.0,False
21177,"Muhlenberg, KY",0.0,0.0,0.0,0.0,True
21179,"Nelson, KY",0.0,0.0,0.0,0.0,False
21183,"Ohio, KY",0.0,0.0,0.0,0.0,True
21185,"Oldham, KY",0.0,0.0,0.0,0.0008,False
21187,"Owen, KY",0.0,0.0,0.0,0.0,False
21191,"Pendleton, KY",0.0,0.0,0.0,0.021,False
21193,"Perry, KY",0.0,0.0,0.0,0.0,False
21199,"Pulaski, KY",0.0,0.0,0.0,0.0,False
21205,"Rowan, KY",0.0,0.0,0.0,0.0,False
21207,"Russell, KY",0.0,0.0,0.0,0.0,True
21209,"Scott, KY",0.0,0.0,0.0,0.0,False
21213,"Simpson, KY",0.0,0.0,0.0,0.0,True
21215,"Spencer, KY",0.0,0.0,0.0,0.0,False
21217,"Taylor, KY",0.0,0.0,0.0,0.0,False
21219,"Todd, KY",0.0,0.0,0.0,0.0,True
21221,"Trigg, KY",0.0,0.0,0.0,0.0,True
21223,"Trimble, KY",0.0,0.0,0.0,0.0,False
21225,"Union, KY",0.0,0.0,0.0,0.0,True
21227,"Warren, KY",0.0,0.0,0.0,0.0,False
21235,"Whitley, KY",0.0,0.0,0.0,0.0,False
21239,"Woodford, KY",0.0,0.0,0.0,0.0,False
22011,"Beauregard, LA",0.0,0.0,0.0,0.0004,False
22015,"Bossier, LA",0.0,0.0,0.0,0.0,False
22021,"Caldwell, LA",0.0,0.0,0.0,0.0,False
22037,"East Feliciana, LA",0.0,0.0,0.0,0.0,True
22039,"Evangeline, LA",0.0,0.0,0.0,0.0,True
22043,"Grant, LA",0.0,0.0,0.0,0.0,True
22049,"Jackson, LA",0.0,0.0,0.0,0.0054,False
22059,"LaSalle, LA",0.0,0.0,0.0,0.0,False
22061,"Lincoln, LA",0.0,0.0,0.0,0.0002,False
22065,"Madison, LA",0.0,0.0,0.0,0.0012,False
22081,"Red River, LA",0.0,0.0,0.0,0.0,True
22085,"Sabine, LA",0.0,0.0,0.0,0.006,False
22091,"St. Helena, LA",0.0,0.0,0.0,0.0,True
22097,"St. Landry, LA",0.0,0.0,0.0002,0.0088,False
22115,"Vernon, LA",0.0,0.0,0.0002,0.0204,False
22119,"Webster, LA",0.0,0.0,0.0002,0.0036,False
22121,"West Baton Rouge, LA",0.0,0.0,0.0,0.0008,False
23001,"Androscoggin, ME",0.0,0.0,0.0,0.0,False
23007,"Franklin, ME",0.0,0.0,0.0006,0.0542,False
23017,"Oxford, ME",0.0,0.0,0.0,0.033,False
24013,"Carroll, MD",0.0,0.0,0.0,0.0,False
24021,"Frederick, MD",0.0,0.0,0.0,0.0,False
24027,"Howard, MD",0.0,0.0,0.0,0.0,False
25003,"Berkshire, MA",0.0,0.0,0.0298,0.1242,False
25011,"Franklin, MA",0.0,0.0,0.0,0.0,False
25013,"Hampden, MA",0.0,0.0,0.0,0.0024,False
25015,"Hampshire, MA",0.0,0.0,0.0,0.0,False
25027,"Worcester, MA",0.0,0.0,0.0,0.0112,False
26005,"Allegan, MI",0.0,0.0,0.0,0.0,True
26015,"Barry, MI",0.0,0.0,0.0,0.0,True
26023,"Branch, MI",0.0,0.0,0.0,0.0,True
26025,"Calhoun, MI",0.0,0.0,0.0,0.0,True
26037,"Clinton, MI",0.0,0.0,0.0,0.0,True
26057,"Gratiot, MI",0.0,0.0,0.0,0.0,True
26059,"Hillsdale, MI",0.0,0.0,0.0,0.0,True
26073,"Isabella, MI",0.0,0.0,0.0,0.0,True
26075,"Jackson, MI",0.0,0.0,0.0,0.0,True
26077,"Kalamazoo, MI",0.0,0.0,0.0,0.0,True
26093,"Livingston, MI",0.0,0.0,0.0,0.0,True
26099,"Macomb, MI",0.0,0.0,0.0,0.0,False
26101,"Manistee, MI",0.0,0.0,0.0,0.0,True
26107,"Mecosta, MI",0.0,0.0,0.0,0.0,True
26111,"Midland, MI",0.0,0.0,0.0,0.0,True
26125,"Oakland, MI",0.0,0.0,0.0,0.0,True
26139,"Ottawa, MI",0.0,0.0,0.0,0.0,True
26149,"St. Joseph, MI",0.0,0.0,0.0,0.0,True
26155,"Shiawassee, MI",0.0,0.0,0.0,0.0,True
26159,"Van Buren, MI",0.0,0.0,0.0,0.0,True
26161,"Washtenaw, MI",0.0,0.0,0.0,0.0,True
27003,"Anoka, MN",0.0,0.0,0.0,0.0,False
27009,"Benton, MN",0.0,0.0,0.0,0.0,False
27011,"Big Stone, MN",0.0,0.0,0.0,0.0,False
27013,"Blue Earth, MN",0.0,0.0,0.0,0.0,False
27015,"Brown, MN",0.0,0.0,0.0,0.0,False
27019,"Carver, MN",0.0,0.0,0.0,0.0,False
27023,"Chippewa, MN",0.0,0.0,0.0,0.0,False
27025,"Chisago, MN",0.0,0.0,0.0,0.0,False
27033,"Cottonwood, MN",0.0,0.0,0.0,0.0,False
27037,"Dakota, MN",0.0,0.0,0.0002,0.0118,False
27039,"Dodge, MN",0.0,0.0,0.0,0.0,False
27047,"Freeborn, MN",0.0,0.0,0.0,0.0,False
27049,"Goodhue, MN",0.0,0.0,0.0,0.0002,False
27053,"Hennepin, MN",0.0,0.0,0.0002,0.0322,False
27059,"Isanti, MN",0.0,0.0,0.0,0.0,False
27063,"Jackson, MN",0.0,0.0,0.0,0.0,False
27065,"Kanabec, MN",0.0,0.0,0.0,0.0,False
27067,"Kandiyohi, MN",0.0,0.0,0.0,0.0,False
27073,"Lac qui Parle, MN",0.0,0.0,0.0,0.0,False
27081,"Lincoln, MN",0.0,0.0,0.0,0.0,False
27085,"McLeod, MN",0.0,0.0,0.0,0.0,False
27091,"Martin, MN",0.0,0.0,0.0,0.0,False
27093,"Meeker, MN",0.0,0.0,0.0,0.0,False
27095,"Mille Lacs, MN",0.0,0.0,0.0,0.0,False
27099,"Mower, MN",0.0,0.0,0.0,0.0,False
27101,"Murray, MN",0.0,0.0,0.0,0.0,False
27103,"Nicollet, MN",0.0,0.0,0.0,0.0,False
27105,"Nobles, MN",0.0,0.0,0.0,0.0,False
27109,"Olmsted, MN",0.0,0.0,0.0,0.0,False
27123,"Ramsey, MN",0.0,0.0,0.0,0.004,False
27127,"Redwood, MN",0.0,0.0,0.0,0.0008,False
27129,"Renville, MN",0.0,0.0,0.0,0.0,False
27131,"Rice, MN",0.0,0.0,0.0,0.0,False
27139,"Scott, MN",0.0,0.0,0.0,0.0,False
27141,"Sherburne, MN",0.0,0.0,0.0,0.0,False
27143,"Sibley, MN",0.0,0.0,0.0,0.0,False
27145,"Stearns, MN",0.0,0.0,0.0,0.0,False
27147,"Steele, MN",0.0,0.0,0.0,0.0,False
27149,"Stevens, MN",0.0,0.0,0.0,0.0,False
27151,"Swift, MN",0.0,0.0,0.0,0.0,False
27157,"Wabasha, MN",0.0,0.0,0.0,0.0,False
27161,"Waseca, MN",0.0,0.0,0.0,0.0,False
27163,"Washington, MN",0.0,0.0,0.0,0.0,False
27165,"Watonwan, MN",0.0,0.0,0.0,0.0,False
27169,"Winona, MN",0.0,0.0,0.0,0.0,False
27173,"Yellow Medicine, MN",0.0,0.0,0.0,0.0,False
28001,"Adams, MS",0.0,0.0,0.0,0.0,True
28003,"Alcorn, MS",0.0,0.0,0.0,0.0,True
28005,"Amite, MS",0.0,0.0,0.0,0.0,False
28007,"Attala, MS",0.0,0.0,0.0,0.0,True
28009,"Benton, MS",0.0,0.0,0.0,0.0,True
28011,"Bolivar, MS",0.0,0.0,0.0,0.0,True
28013,"Calhoun, MS",0.0,0.0,0.0,0.0,False
28015,"Carroll, MS",0.0,0.0,0.0,0.0,False
28017,"Chickasaw, MS",0.0,0.0,0.0,0.0,True
28019,"Choctaw, MS",0.0,0.0,0.0,0.0,True
28023,"Clarke, MS",0.0,0.0,0.0,0.0,True
28027,"Coahoma, MS",0.0,0.0,0.0,0.0,False
28029,"Copiah, MS",0.0,0.0,0.0,0.0,True
28031,"Covington, MS",0.0,0.0,0.0,0.0,True
28033,"DeSoto, MS",0.0,0.0,0.0,0.0,True
28035,"Forrest, MS",0.0,0.0,0.0,0.0,False
28037,"Franklin, MS",0.0,0.0,0.0,0.0,True
28043,"Grenada, MS",0.0,0.0,0.0,0.0,False
28049,"Hinds, MS",0.0,0.0,0.0,0.0,True
28051,"Holmes, MS",0.0,0.0,0.0,0.0,True
28057,"Itawamba, MS",0.0,0.0,0.0,0.0,True
28061,"Jasper, MS",0.0,0.0,0.0,0.0,True
28065,"Jefferson Davis, MS",0.0,0.0,0.0,0.0,True
28067,"Jones, MS",0.0,0.0,0.0,0.0,False
28069,"Kemper, MS",0.0,0.0,0.0,0.0,False
28071,"Lafayette, MS",0.0,0.0,0.0,0.0,False
28073,"Lamar, MS",0.0,0.0,0.0,0.0,True
28075,"Lauderdale, MS",0.0,0.0,0.0,0.0,False
28077,"Lawrence, MS",0.0,0.0,0.0,0.0,False
28079,"Leake, MS",0.0,0.0,0.0,0.0,False
28081,"Lee, MS",0.0,0.0,0.0,0.0,True
28083,"Leflore, MS",0.0,0.0,0.0,0.0,True
28085,"Lincoln, MS",0.0,0.0,0.0,0.0,True
28087,"Lowndes, MS",0.0,0.0,0.0,0.0,True
28089,"Madison, MS",0.0,0.0,0.0,0.0,True
28093,"Marshall, MS",0.0,0.0,0.0,0.0,True
28097,"Montgomery, MS",0.0,0.0,0.0,0.0,True
28099,"Neshoba, MS",0.0,0.0,0.0,0.0,False
28101,"Newton, MS",0.0,0.0,0.0,0.0,False
28103,"Noxubee, MS",0.0,0.0,0.0,0.0,False
28105,"Oktibbeha, MS",0.0,0.0,0.0,0.0,False
28107,"Panola, MS",0.0,0.0,0.0,0.0,True
28111,"Perry, MS",0.0,0.0,0.0,0.0,True
28113,"Pike, MS",0.0,0.0,0.0,0.0,False
28115,"Pontotoc, MS",0.0,0.0,0.0,0.0,False
28117,"Prentiss, MS",0.0,0.0,0.0,0.0,True
28121,"Rankin, MS",0.0,0.0,0.0,0.0,True
28123,"Scott, MS",0.0,0.0,0.0,0.0,True
28127,"Simpson, MS",0.0,0.0,0.0,0.0,True
28129,"Smith, MS",0.0,0.0,0.0,0.0,False
28131,"Stone, MS",0.0,0.0,0.0,0.0,False
28133,"Sunflower, MS",0.0,0.0,0.0,0.0,True
28137,"Tate, MS",0.0,0.0,0.0,0.0,False
28139,"Tippah, MS",0.0,0.0,0.0,0.0,True
28141,"Tishomingo, MS",0.0,0.0,0.0,0.0,True
28143,"Tunica, MS",0.0,0.0,0.0,0.0,False
28145,"Union, MS",0.0,0.0,0.0,0.0,False
28147,"Walthall, MS",0.0,0.0,0.0,0.0,False
28149,"Warren, MS",0.0,0.0,0.0,0.0,True
28153,"Wayne, MS",0.0,0.0,0.0,0.0,True
28155,"Webster, MS",0.0,0.0,0.0,0.0,False
28159,"Winston, MS",0.0,0.0,0.0,0.0,False
28161,"Yalobusha, MS",0.0,0.0,0.0,0.0,False
29001,"Adair, MO",0.0,0.0,0.0,0.0,True
29003,"Andrew, MO",0.0,0.0,0.0,0.0,True
29007,"Audrain, MO",0.0,0.0,0.0,0.0,True
29009,"Barry, MO",0.0,0.0,0.0,0.0,False
29011,"Barton, MO",0.0,0.0,0.0,0.0,True
29013,"Bates, MO",0.0,0.0,0.0,0.0,True
29017,"Bollinger, MO",0.0,0.0,0.0,0.0,True
29019,"Boone, MO",0.0,0.0,0.0,0.0,True
29021,"Buchanan, MO",0.0,0.0,0.0,0.0,True
29023,"Butler, MO",0.0,0.0,0.0,0.0,True
29025,"Caldwell, MO",0.0,0.0,0.0,0.0,True
29031,"Cape Girardeau, MO",0.0,0.0,0.0,0.0,True
29033,"Carroll, MO",0.0,0.0,0.0,0.0,True
29037,"Cass, MO",0.0,0.0,0.0,0.0,True
29039,"Cedar, MO",0.0,0.0,0.0,0.0,True
29043,"Christian, MO",0.0,0.0,0.0,0.0,True
29047,"Clay, MO",0.0,0.0,0.0,0.0,False
29049,"Clinton, MO",0.0,0.0,0.0,0.0,True
29051,"Cole, MO",0.0,0.0,0.0,0.0,True
29053,"Cooper, MO",0.0,0.0,0.0,0.0,True
29055,"Crawford, MO",0.0,0.0,0.0,0.0,True
29061,"Daviess, MO",0.0,0.0,0.0,0.0,True
29063,"DeKalb, MO",0.0,0.0,0.0,0.0,True
29067,"Douglas, MO",0.0,0.0,0.0,0.0,False
29069,"Dunklin, MO",0.0,0.0,0.0,0.0,True
29071,"Franklin, MO",0.0,0.0,0.0,0.0,True
29075,"Gentry, MO",0.0,0.0,0.0,0.0,True
29077,"Greene, MO",0.0,0.0,0.0,0.0,True
29081,"Harrison, MO",0.0,0.0,0.0,0.0,True
29083,"Henry, MO",0.0,0.0,0.0,0.0,True
29089,"Howard, MO",0.0,0.0,0.0,0.0,True
29097,"Jasper, MO",0.0,0.0,0.0,0.0,True
29099,"Jefferson, MO",0.0,0.0,0.0,0.0,False
29101,"Johnson, MO",0.0,0.0,0.0,0.0,True
29107,"Lafayette, MO",0.0,0.0,0.0,0.0,True
29109,"Lawrence, MO",0.0,0.0,0.0,0.0,True
29111,"Lewis, MO",0.0,0.0,0.0,0.0,True
29113,"Lincoln, MO",0.0,0.0,0.0,0.0,True
29115,"Linn, MO",0.0,0.0,0.0,0.0,True
29117,"Livingston, MO",0.0,0.0,0.0,0.0,True
29119,"McDonald, MO",0.0,0.0,0.0,0.0,True
29121,"Macon, MO",0.0,0.0,0.0,0.0,True
29127,"Marion, MO",0.0,0.0,0.0,0.0,True
29131,"Miller, MO",0.0,0.0,0.0,0.0,False
29133,"Mississippi, MO",0.0,0.0,0.0,0.0,True
29135,"Moniteau, MO",0.0,0.0,0.0,0.0,True
29137,"Monroe, MO",0.0,0.0,0.0,0.0,True
29139,"Montgomery, MO",0.0,0.0,0.0,0.0,True
29143,"New Madrid, MO",0.0,0.0,0.0,0.0,True
29145,"Newton, MO",0.0,0.0,0.0,0.0,False
29147,"Nodaway, MO",0.0,0.0,0.0,0.0,False
29153,"Ozark, MO",0.0,0.0,0.0,0.0,False
29155,"Pemiscot, MO",0.0,0.0,0.0,0.0,False
29157,"Perry, MO",0.0,0.0,0.0,0.0,True
29159,"Pettis, MO",0.0,0.0,0.0,0.0,True
29161,"Phelps, MO",0.0,0.0,0.0,0.0,True
29163,"Pike, MO",0.0,0.0,0.0,0.0,True
29165,"Platte, MO",0.0,0.0,0.0,0.0,True
29177,"Ray, MO",0.0,0.0,0.0,0.0,True
29185,"St. Clair, MO",0.0,0.0,0.0,0.0,True
29187,"St. Francois, MO",0.0,0.0,0.0,0.0,True
29189,"St. Louis, MO",0.0,0.0,0.0,0.0198,False
29195,"Saline, MO",0.0,0.0,0.0,0.0,True
29205,"Shelby, MO",0.0,0.0,0.0,0.0,True
29207,"Stoddard, MO",0.0,0.0,0.0,0.0,True
29211,"Sullivan, MO",0.0,0.0,0.0,0.0,True
29213,"Taney, MO",0.0,0.0,0.0,0.0,False
29217,"Vernon, MO",0.0,0.0,0.0,0.0,True
29219,"Warren, MO",0.0,0.0,0.0,0.0,True
29221,"Washington, MO",0.0,0.0,0.0,0.0,True
29510,"St. Louis, MO",0.0,0.0,0.0,0.0,False
31003,"Antelope, NE",0.0,0.0,0.0,0.0,True
31011,"Boone, NE",0.0,0.0,0.0,0.0,False
31023,"Butler, NE",0.0,0.0,0.0,0.0,False
31025,"Cass, NE",0.0,0.0,0.0,0.0,False
31027,"Cedar, NE",0.0,0.0,0.0,0.0,False
31033,"Cheyenne, NE",0.0,0.0,0.0,0.0,False
31035,"Clay, NE",0.0,0.0,0.0,0.0,False
31043,"Dakota, NE",0.0,0.0,0.0,0.0,True
31051,"Dixon, NE",0.0,0.0,0.0,0.0,False
31055,"Douglas, NE",0.0,0.0,0.0,0.0,False
31059,"Fillmore, NE",0.0,0.0,0.0,0.0,False
31067,"Gage, NE",0.0,0.0,0.0,0.0,True
31081,"Hamilton, NE",0.0,0.0,0.0,0.0,False
31089,"Holt, NE",0.0,0.0,0.0,0.0002,False
31093,"Howard, NE",0.0,0.0,0.0,0.0,False
31095,"Jefferson, NE",0.0,0.0,0.0,0.0,False
31097,"Johnson, NE",0.0,0.0,0.0,0.0,False
31107,"Knox, NE",0.0,0.0,0.0,0.0,False
31109,"Lancaster, NE",0.0,0.0,0.0,0.0,True
31111,"Lincoln, NE",0.0,0.0,0.0,0.0,True
31119,"Madison, NE",0.0,0.0,0.0,0.0,False
31127,"Nemaha, NE",0.0,0.0,0.0,0.0,False
31131,"Otoe, NE",0.0,0.0,0.0,0.0,False
31141,"Platte, NE",0.0,0.0,0.0,0.0,True
31143,"Polk, NE",0.0,0.0,0.0,0.0,False
31147,"Richardson, NE",0.0,0.0,0.0,0.0,False
31151,"Saline, NE",0.0,0.0,0.0,0.0,False
31153,"Sarpy, NE",0.0,0.0,0.0,0.0,False
31155,"Saunders, NE",0.0,0.0,0.0,0.0,False
31159,"Seward, NE",0.0,0.0,0.0,0.0,False
31177,"Washington, NE",0.0,0.0,0.0,0.0,True
31179,"Wayne, NE",0.0,0.0,0.0,0.0,False
31185,"York, NE",0.0,0.0,0.0,0.0,True
32510,"Carson City, NV",0.0,0.0,0.0,0.0,False
33001,"Belknap, NH",0.0,0.0,0.0,0.0,False
33003,"Carroll, NH",0.0,0.0,0.0006,0.01,False
33005,"Cheshire, NH",0.0,0.0,0.001,0.0138,False
33011,"Hillsborough, NH",0.0,0.0,0.0026,0.0224,False
33013,"Merrimack, NH",0.0,0.0,0.0,0.0,False
33019,"Sullivan, NH",0.0,0.0,0.0,0.0024,False
34019,"Hunterdon, NJ",0.0,0.0,0.0,0.0,False
34027,"Morris, NJ",0.0,0.0,0.0,0.0,False
34031,"Passaic, NJ",0.0,0.0,0.0,0.0,False
34035,"Somerset, NJ",0.0,0.0,0.0,0.0,False
34037,"Sussex, NJ",0.0,0.0,0.0,0.0,False
34041,"Warren, NJ",0.0,0.0,0.0,0.0,False
35009,"Curry, NM",0.0,0.0,0.0002,0.0062,False
36001,"Albany, NY",0.0,0.0,0.0,0.0026,False
36007,"Broome, NY",0.0,0.0,0.0,0.017,False
36009,"Cattaraugus, NY",0.0,0.0,0.0032,0.111,False
36013,"Chautauqua, NY",0.0,0.0,0.0016,0.0564,False
36015,"Chemung, NY",0.0,0.0,0.0,0.0,False
36019,"Clinton, NY",0.0,0.0,0.0,0.0942,False
36021,"Columbia, NY",0.0,0.0,0.0,0.0002,False
36023,"Cortland, NY",0.0,0.0,0.0,0.0,False
36029,"Erie, NY",0.0,0.0,0.0078,0.1434,False
36031,"Essex, NY",0.0,0.0,0.0002,0.1002,False
36033,"Franklin, NY",0.0,0.0,0.0714,0.2434,False
36035,"Fulton, NY",0.0,0.0,0.0,0.002,False
36041,"Hamilton, NY",0.0,0.0,0.03,0.1348,False
36049,"Lewis, NY",0.0,0.0,0.0098,0.195,False
36053,"Madison, NY",0.0,0.0,0.0,0.0056,False
36055,"Monroe, NY",0.0,0.0,0.0,0.0056,False
36063,"Niagara, NY",0.0,0.0,0.0002,0.0298,False
36065,"Oneida, NY",0.0,0.0,0.0018,0.0768,False
36067,"Onondaga, NY",0.0,0.0,0.002,0.0752,False
36069,"Ontario, NY",0.0,0.0,0.0,0.0,False
36075,"Oswego, NY",0.0,0.0,0.0,0.023,False
36091,"Saratoga, NY",0.0,0.0,0.0,0.0,False
36093,"Schenectady, NY",0.0,0.0,0.0,0.0,False
36095,"Schoharie, NY",0.0,0.0,0.0,0.0028,False
36097,"Schuyler, NY",0.0,0.0,0.0,0.0,False
36099,"Seneca, NY",0.0,0.0,0.0,0.0,False
36101,"Steuben, NY",0.0,0.0,0.0,0.025,False
36109,"Tompkins, NY",0.0,0.0,0.0,0.0,False
36117,"Wayne, NY",0.0,0.0,0.0,0.0,False
36123,"Yates, NY",0.0,0.0,0.0,0.0,False
37003,"Alexander, NC",0.0,0.0,0.0,0.0,False
37005,"Alleghany, NC",0.0,0.0,0.0,0.0,True
37007,"Anson, NC",0.0,0.0,0.0,0.0,True
37011,"Avery, NC",0.0,0.0,0.0,0.0,True
37023,"Burke, NC",0.0,0.0,0.0,0.0,True
37025,"Cabarrus, NC",0.0,0.0,0.0,0.0,False
37027,"Caldwell, NC",0.0,0.0,0.0,0.0,True
37033,"Caswell, NC",0.0,0.0,0.0,0.0,True
37035,"Catawba, NC",0.0,0.0,0.0,0.0,False
37039,"Cherokee, NC",0.0,0.0,0.0,0.0,True
37057,"Davidson, NC",0.0,0.0,0.0,0.0,True
37063,"Durham, NC",0.0,0.0,0.0,0.0,False
37065,"Edgecombe, NC",0.0,0.0,0.0,0.0,True
37067,"Forsyth, NC",0.0,0.0,0.0,0.0,False
37069,"Franklin, NC",0.0,0.0,0.0,0.0,True
37071,"Gaston, NC",0.0,0.0,0.0,0.0,False
37077,"Granville, NC",0.0,0.0,0.0,0.0,True
37083,"Halifax, NC",0.0,0.0,0.0,0.0,True
37087,"Haywood, NC",0.0,0.0,0.0,0.0,True
37089,"Henderson, NC",0.0,0.0,0.0,0.0,False
37093,"Hoke, NC",0.0,0.0,0.0,0.0,True
37097,"Iredell, NC",0.0,0.0,0.0,0.0,True
37101,"Johnston, NC",0.0,0.0,0.0,0.0,True
37105,"Lee, NC",0.0,0.0,0.0,0.0,False
37109,"Lincoln, NC",0.0,0.0,0.0,0.0,False
37111,"McDowell, NC",0.0,0.0,0.0,0.0,True
37113,"Macon, NC",0.0,0.0,0.0,0.0,True
37121,"Mitchell, NC",0.0,0.0,0.0,0.0,True
37123,"Montgomery, NC",0.0,0.0,0.0,0.0,True
37125,"Moore, NC",0.0,0.0,0.0,0.0,True
37127,"Nash, NC",0.0,0.0,0.0,0.0,True
37145,"Person, NC",0.0,0.0,0.0,0.0,True
37147,"Pitt, NC",0.0,0.0,0.0,0.0,True
37149,"Polk, NC",0.0,0.0,0.0,0.0,False
37151,"Randolph, NC",0.0,0.0,0.0,0.0,True
37153,"Richmond, NC",0.0,0.0,0.0,0.0,True
37161,"Rutherford, NC",0.0,0.0,0.0,0.0,True
37167,"Stanly, NC",0.0,0.0,0.0,0.0,True
37169,"Stokes, NC",0.0,0.0,0.0,0.0,True
37175,"Transylvania, NC",0.0,0.0,0.0,0.0,True
37179,"Union, NC",0.0,0.0,0.0,0.0,True
37181,"Vance, NC",0.0,0.0,0.0,0.0,False
37183,"Wake, NC",0.0,0.0,0.0,0.0,True
37185,"Warren, NC",0.0,0.0,0.0,0.0,True
37191,"Wayne, NC",0.0,0.0,0.0,0.0,True
37193,"Wilkes, NC",0.0,0.0,0.0,0.0,True
37195,"Wilson, NC",0.0,0.0,0.0,0.0,False
37199,"Yancey, NC",0.0,0.0,0.0,0.0,True
39001,"Adams, OH",0.0,0.0,0.0,0.0,True
39003,"Allen, OH",0.0,0.0,0.0,0.0,False
39005,"Ashland, OH",0.0,0.0,0.0,0.0,False
39011,"Auglaize, OH",0.0,0.0,0.0,0.0,True
39015,"Brown, OH",0.0,0.0,0.0,0.0,True
39019,"Carroll, OH",0.0,0.0,0.0,0.0,True
39023,"Clark, OH",0.0,0.0,0.0,0.0,False
39027,"Clinton, OH",0.0,0.0,0.0,0.0,True
39031,"Coshocton, OH",0.0,0.0,0.0,0.0,False
39035,"Cuyahoga, OH",0.0,0.0,0.0,0.1112,False
39037,"Darke, OH",0.0,0.0,0.0,0.0,True
39039,"Defiance, OH",0.0,0.0,0.0,0.0,True
39041,"Delaware, OH",0.0,0.0,0.0,0.0,False
39047,"Fayette, OH",0.0,0.0,0.0,0.0,True
39051,"Fulton, OH",0.0,0.0,0.0,0.0,True
39055,"Geauga, OH",0.0,0.0,0.0,0.0,False
39057,"Greene, OH",0.0,0.0,0.0,0.0,False
39059,"Guernsey, OH",0.0,0.0,0.0,0.0,False
39061,"Hamilton, OH",0.0,0.0,0.0724,0.1698,False
39067,"Harrison, OH",0.0,0.0,0.0,0.0,True
39069,"Henry, OH",0.0,0.0,0.0,0.0,True
39075,"Holmes, OH",0.0,0.0,0.0,0.0,False
39079,"Jackson, OH",0.0,0.0,0.0,0.0,True
39083,"Knox, OH",0.0,0.0,0.0,0.0,True
39085,"Lake, OH",0.0,0.0,0.0,0.0,False
39091,"Logan, OH",0.0,0.0,0.0,0.0,True
39095,"Lucas, OH",0.0,0.0,0.0,0.0054,False
39097,"Madison, OH",0.0,0.0,0.0,0.0,True
39099,"Mahoning, OH",0.0,0.0,0.0004,0.0952,False
39101,"Marion, OH",0.0,0.0,0.0,0.0,True
39103,"Medina, OH",0.0,0.0,0.0,0.0,False
39105,"Meigs, OH",0.0,0.0,0.0,0.0,False
39107,"Mercer, OH",0.0,0.0,0.0,0.0,True
39109,"Miami, OH",0.0,0.0,0.0,0.0,False
39111,"Monroe, OH",0.0,0.0,0.0,0.0,False
39115,"Morgan, OH",0.0,0.0,0.0,0.0,False
39117,"Morrow, OH",0.0,0.0,0.0,0.0,True
39119,"Muskingum, OH",0.0,0.0,0.0,0.0,False
39121,"Noble, OH",0.0,0.0,0.0,0.0,False
39129,"Pickaway, OH",0.0,0.0,0.0,0.0,False
39131,"Pike, OH",0.0,0.0,0.0,0.0,False
39141,"Ross, OH",0.0,0.0,0.0,0.0,True
39145,"Scioto, OH",0.0,0.0,0.0,0.0,False
39149,"Shelby, OH",0.0,0.0,0.0,0.0,True
39153,"Summit, OH",0.0,0.0,0.0,0.0046,False
39157,"Tuscarawas, OH",0.0,0.0,0.0,0.0,True
39159,"Union, OH",0.0,0.0,0.0,0.0,True
39163,"Vinton, OH",0.0,0.0,0.0,0.0,True
39165,"Warren, OH",0.0,0.0,0.0,0.0,False
39169,"Wayne, OH",0.0,0.0,0.0,0.0,True
39171,"Williams, OH",0.0,0.0,0.0,0.0,True
40005,"Atoka, OK",0.0,0.0,0.0,0.0062,False
40007,"Beaver, OK",0.0,0.0,0.0224,0.111,False
40009,"Beckham, OK",0.0,0.0,0.0,0.0,False
40011,"Blaine, OK",0.0,0.0,0.0,0.0172,False
40013,"Bryan, OK",0.0,0.0,0.0,0.0,True
40015,"Caddo, OK",0.0,0.0,0.034,0.199,False
40019,"Carter, OK",0.0,0.0,0.0,0.0,True
40033,"Cotton, OK",0.0,0.0,0.0,0.0,False
40035,"Craig, OK",0.0,0.0,0.0,0.0006,False
40039,"Custer, OK",0.0,0.0,0.0,0.0006,False
40047,"Garfield, OK",0.0,0.0,0.0012,0.0592,False
40055,"Greer, OK",0.0,0.0,0.0,0.0,False
40061,"Haskell, OK",0.0,0.0,0.0,0.0,False
40063,"Hughes, OK",0.0,0.0,0.0,0.0006,False
40065,"Jackson, OK",0.0,0.0,0.0,0.0,False
40071,"Kay, OK",0.0,0.0,0.0008,0.021,False
40075,"Kiowa, OK",0.0,0.0,0.0,0.0056,False
40077,"Latimer, OK",0.0,0.0,0.0,0.0072,False
40083,"Logan, OK",0.0,0.0,0.0,0.0,False
40089,"McCurtain, OK",0.0,0.0,0.0222,0.1292,False
40091,"McIntosh, OK",0.0,0.0,0.0,0.0,False
40093,"Major, OK",0.0,0.0,0.0,0.0024,False
40095,"Marshall, OK",0.0,0.0,0.0,0.0,True
40099,"Murray, OK",0.0,0.0,0.0,0.0,False
40103,"Noble, OK",0.0,0.0,0.0,0.0356,False
40109,"Oklahoma, OK",0.0,0.0,0.0062,0.0834,False
40135,"Sequoyah, OK",0.0,0.0,0.0,0.0,True
40141,"Tillman, OK",0.0,0.0,0.0,0.0072,False
40149,"Washita, OK",0.0,0.0,0.0,0.0002,False
40153,"Woodward, OK",0.0,0.0,0.0,0.0184,False
41051,"Multnomah, OR",0.0,0.0,0.0042,0.0434,False
42011,"Berks, PA",0.0,0.0,0.0,0.0,True
42013,"Blair, PA",0.0,0.0,0.0,0.0,True
42025,"Carbon, PA",0.0,0.0,0.0,0.0,True
42031,"Clarion, PA",0.0,0.0,0.0,0.0,True
42037,"Columbia, PA",0.0,0.0,0.0,0.0,True
42041,"Cumberland, PA",0.0,0.0,0.0,0.0,True
42043,"Dauphin, PA",0.0,0.0,0.0,0.0,True
42049,"Erie, PA",0.0,0.0,0.0,0.0012,False
42055,"Franklin, PA",0.0,0.0,0.0,0.0,True
42059,"Greene, PA",0.0,0.0,0.0,0.0,True
42065,"Jefferson, PA",0.0,0.0,0.0,0.0,True
42067,"Juniata, PA",0.0,0.0,0.0,0.0,True
42071,"Lancaster, PA",0.0,0.0,0.0,0.0,True
42075,"Lebanon, PA",0.0,0.0,0.0,0.0,False
42077,"Lehigh, PA",0.0,0.0,0.0,0.0,False
42083,"McKean, PA",0.0,0.0,0.0068,0.0914,False
42087,"Mifflin, PA",0.0,0.0,0.0,0.0,True
42091,"Montgomery, PA",0.0,0.0,0.0,0.0,False
42093,"Montour, PA",0.0,0.0,0.0,0.0,False
42099,"Perry, PA",0.0,0.0,0.0,0.0,True
42125,"Washington, PA",0.0,0.0,0.0,0.0,True
42127,"Wayne, PA",0.0,0.0,0.0,0.0,True
42133,"York, PA",0.0,0.0,0.0,0.0,True
45007,"Anderson, SC",0.0,0.0,0.0,0.0,True
45037,"Edgefield, SC",0.0,0.0,0.0,0.0,False
45041,"Florence, SC",0.0,0.0,0.0,0.0,True
45045,"Greenville, SC",0.0,0.0,0.0,0.0,False
45059,"Laurens, SC",0.0,0.0,0.0,0.0,True
45073,"Oconee, SC",0.0,0.0,0.0,0.0,True
45079,"Richland, SC",0.0,0.0,0.0,0.0,True
45083,"Spartanburg, SC",0.0,0.0,0.0002,0.0042,False
46009,"Bon Homme, SD",0.0,0.0,0.0,0.0,False
46011,"Brookings, SD",0.0,0.0,0.0,0.0,True
46015,"Brule, SD",0.0,0.0,0.0,0.0,False
46027,"Clay, SD",0.0,0.0,0.0,0.0,False
46029,"Codington, SD",0.0,0.0,0.0,0.0,True
46057,"Hamlin, SD",0.0,0.0,0.0,0.0,False
46065,"Hughes, SD",0.0,0.0,0.0,0.0,False
46067,"Hutchinson, SD",0.0,0.0,0.0,0.0,False
46077,"Kingsbury, SD",0.0,0.0,0.0,0.0,False
46079,"Lake, SD",0.0,0.0,0.0,0.0,True
46083,"Lincoln, SD",0.0,0.0,0.0,0.0,True
46099,"Minnehaha, SD",0.0,0.0,0.0,0.0,True
46101,"Moody, SD",0.0,0.0,0.0,0.0,True
46127,"Union, SD",0.0,0.0,0.0,0.0,False
47003,"Bedford, TN",0.0,0.0,0.0,0.0,True
47005,"Benton, TN",0.0,0.0,0.0,0.0,False
47011,"Bradley, TN",0.0,0.0,0.0,0.0048,False
47013,"Campbell, TN",0.0,0.0,0.0,0.0014,False
47015,"Cannon, TN",0.0,0.0,0.0,0.0,True
47019,"Carter, TN",0.0,0.0,0.0,0.0292,False
47021,"Cheatham, TN",0.0,0.0,0.0,0.0,False
47025,"Claiborne, TN",0.0,0.0,0.0,0.0,False
47029,"Cocke, TN",0.0,0.0,0.0,0.0268,False
47033,"Crockett, TN",0.0,0.0,0.0,0.0,True
47037,"Davidson, TN",0.0,0.0,0.0,0.0062,False
47041,"DeKalb, TN",0.0,0.0,0.0,0.0,False
47043,"Dickson, TN",0.0,0.0,0.0,0.0,False
47045,"Dyer, TN",0.0,0.0,0.0,0.0,True
47051,"Franklin, TN",0.0,0.0,0.0,0.0,True
47053,"Gibson, TN",0.0,0.0,0.0,0.0,True
47059,"Greene, TN",0.0,0.0,0.021,0.0962,False
47071,"Hardin, TN",0.0,0.0,0.0,0.0,True
47079,"Henry, TN",0.0,0.0,0.0,0.0,True
47081,"Hickman, TN",0.0,0.0,0.0,0.0,False
47083,"Houston, TN",0.0,0.0,0.0,0.0002,False
47089,"Jefferson, TN",0.0,0.0,0.0,0.0612,False
47097,"Lauderdale, TN",0.0,0.0,0.0,0.0,True
47103,"Lincoln, TN",0.0,0.0,0.0,0.0,True
47109,"McNairy, TN",0.0,0.0,0.0,0.0,True
47111,"Macon, TN",0.0,0.0,0.0,0.0,True
47117,"Marshall, TN",0.0,0.0,0.0,0.0,True
47121,"Meigs, TN",0.0,0.0,0.0,0.0,True
47125,"Montgomery, TN",0.0,0.0,0.0,0.006,False
47127,"Moore, TN",0.0,0.0,0.0,0.0,True
47131,"Obion, TN",0.0,0.0,0.0,0.0,False
47133,"Overton, TN",0.0,0.0,0.0,0.0,True
47137,"Pickett, TN",0.0,0.0,0.0,0.0,False
47139,"Polk, TN",0.0,0.0,0.0,0.0,True
47147,"Robertson, TN",0.0,0.0,0.0,0.0,False
47149,"Rutherford, TN",0.0,0.0,0.0,0.0,False
47155,"Sevier, TN",0.0,0.0,0.0,0.0,True
47159,"Smith, TN",0.0,0.0,0.0,0.0,False
47161,"Stewart, TN",0.0,0.0,0.0,0.0016,False
47163,"Sullivan, TN",0.0,0.0,0.0324,0.1538,False
47165,"Sumner, TN",0.0,0.0,0.0,0.0118,False
47171,"Unicoi, TN",0.0,0.0,0.0106,0.144,False
47173,"Union, TN",0.0,0.0,0.0,0.0014,False
47187,"Williamson, TN",0.0,0.0,0.0,0.0,True
48001,"Anderson, TX",0.0,0.0,0.0,0.0,True
48003,"Andrews, TX",0.0,0.0,0.0,0.0,False
48005,"Angelina, TX",0.0,0.0,0.0,0.0,True
48009,"Archer, TX",0.0,0.0,0.0,0.0,False
48013,"Atascosa, TX",0.0,0.0,0.0,0.0,False
48015,"Austin, TX",0.0,0.0,0.0,0.0,True
48017,"Bailey, TX",0.0,0.0,0.0,0.0,False
48021,"Bastrop, TX",0.0,0.0,0.0,0.0,False
48025,"Bee, TX",0.0,0.0,0.0,0.0,False
48027,"Bell, TX",0.0,0.0,0.0,0.0,False
48029,"Bexar, TX",0.0,0.0,0.0012,0.027,False
48031,"Blanco, TX",0.0,0.0,0.0,0.0,False
48037,"Bowie, TX",0.0,0.0,0.0,0.0,True
48047,"Brooks, TX",0.0,0.0,0.0,0.0566,False
48049,"Brown, TX",0.0,0.0,0.0,0.0,False
48051,"Burleson, TX",0.0,0.0,0.0,0.0,True
48055,"Caldwell, TX",0.0,0.0,0.0,0.0,False
48059,"Callahan, TX",0.0,0.0,0.0006,0.0242,False
48063,"Camp, TX",0.0,0.0,0.0,0.0,True
48067,"Cass, TX",0.0,0.0,0.0,0.0,True
48073,"Cherokee, TX",0.0,0.0,0.0,0.0,False
48075,"Childress, TX",0.0,0.0,0.0,0.0,False
48083,"Coleman, TX",0.0,0.0,0.0014,0.0886,False
48089,"Colorado, TX",0.0,0.0,0.0,0.0,False
48091,"Comal, TX",0.0,0.0,0.0,0.0,False
48097,"Cooke, TX",0.0,0.0,0.0,0.0,False
48099,"Coryell, TX",0.0,0.0,0.0,0.0,True
48107,"Crosby, TX",0.0,0.0,0.0,0.0,False
48115,"Dawson, TX",0.0,0.0,0.0,0.0,False
48119,"Delta, TX",0.0,0.0,0.0,0.0,False
48135,"Ector, TX",0.0,0.0,0.0,0.0056,False
48141,"El Paso, TX",0.0,0.0,0.0,0.0018,False
48143,"Erath, TX",0.0,0.0,0.0,0.0136,False
48147,"Fannin, TX",0.0,0.0,0.0,0.0,True
48149,"Fayette, TX",0.0,0.0,0.0,0.0,False
48153,"Floyd, TX",0.0,0.0,0.0,0.0,False
48159,"Franklin, TX",0.0,0.0,0.0,0.0,False
48161,"Freestone, TX",0.0,0.0,0.0,0.0,True
48163,"Frio, TX",0.0,0.0,0.0,0.0,False
48165,"Gaines, TX",0.0,0.0,0.0,0.0,False
48169,"Garza, TX",0.0,0.0,0.0,0.0,False
48177,"Gonzales, TX",0.0,0.0,0.0,0.0,False
48179,"Gray, TX",0.0,0.0,0.0,0.0148,False
48181,"Grayson, TX",0.0,0.0,0.0,0.0,True
48183,"Gregg, TX",0.0,0.0,0.0,0.0,False
48185,"Grimes, TX",0.0,0.0,0.0,0.0,True
48187,"Guadalupe, TX",0.0,0.0,0.0,0.0,False
48189,"Hale, TX",0.0,0.0,0.0,0.0086,False
48195,"Hansford, TX",0.0,0.0,0.0,0.0,False
48199,"Hardin, TX",0.0,0.0,0.0,0.0,False
48205,"Hartley, TX",0.0,0.0,0.0,0.0026,False
48207,"Haskell, TX",0.0,0.0,0.0004,0.0256,False
48209,"Hays, TX",0.0,0.0,0.0,0.0,False
48213,"Henderson, TX",0.0,0.0,0.0,0.0,True
48215,"Hidalgo, TX",0.0,0.0,0.0018,0.0422,False
48219,"Hockley, TX",0.0,0.0,0.0,0.0,False
48223,"Hopkins, TX",0.0,0.0,0.0,0.0,True
48227,"Howard, TX",0.0,0.0,0.0044,0.075,False
48237,"Jack, TX",0.0,0.0,0.0,0.0,False
48241,"Jasper, TX",0.0,0.0,0.0,0.0,False
48249,"Jim Wells, TX",0.0,0.0,0.0,0.0,False
48251,"Johnson, TX",0.0,0.0,0.0,0.0,True
48253,"Jones, TX",0.0,0.0,0.0,0.0,False
48255,"Karnes, TX",0.0,0.0,0.0,0.0,False
48257,"Kaufman, TX",0.0,0.0,0.0,0.0,True
48259,"Kendall, TX",0.0,0.0,0.0,0.0,False
48279,"Lamb, TX",0.0,0.0,0.0,0.0,False
48281,"Lampasas, TX",0.0,0.0,0.0,0.0,True
48287,"Lee, TX",0.0,0.0,0.0,0.0,False
48289,"Leon, TX",0.0,0.0,0.0,0.0,False
48291,"Liberty, TX",0.0,0.0,0.0,0.0,False
48297,"Live Oak, TX",0.0,0.0,0.0,0.0012,False
48303,"Lubbock, TX",0.0,0.0,0.0,0.0,False
48305,"Lynn, TX",0.0,0.0,0.0,0.0,False
48307,"McCulloch, TX",0.0,0.0,0.0,0.0056,False
48313,"Madison, TX",0.0,0.0,0.0,0.0,True
48315,"Marion, TX",0.0,0.0,0.0,0.0,False
48325,"Medina, TX",0.0,0.0,0.0,0.0,False
48329,"Midland, TX",0.0,0.0,0.0,0.0006,False
48335,"Mitchell, TX",0.0,0.0,0.0,0.0284,False
48337,"Montague, TX",0.0,0.0,0.0,0.0,False
48339,"Montgomery, TX",0.0,0.0,0.0,0.0,False
48341,"Moore, TX",0.0,0.0,0.0,0.0,True
48347,"Nacogdoches, TX",0.0,0.0,0.0,0.0,False
48353,"Nolan, TX",0.0,0.0,0.0096,0.0774,False
48357,"Ochiltree, TX",0.0,0.0,0.0,0.0,True
48365,"Panola, TX",0.0,0.0,0.0,0.0,False
48367,"Parker, TX",0.0,0.0,0.0,0.0,True
48369,"Parmer, TX",0.0,0.0,0.0,0.0,False
48379,"Rains, TX",0.0,0.0,0.0,0.0,False
48381,"Randall, TX",0.0,0.0,0.0,0.0,False
48389,"Reeves, TX",0.0,0.0,0.0064,0.0692,False
48395,"Robertson, TX",0.0,0.0,0.0,0.0,True
48397,"Rockwall, TX",0.0,0.0,0.0,0.0,False
48399,"Runnels, TX",0.0,0.0,0.0,0.004,False
48401,"Rusk, TX",0.0,0.0,0.0,0.0,False
48407,"San Jacinto, TX",0.0,0.0,0.0,0.0,True
48411,"San Saba, TX",0.0,0.0,0.0,0.0004,False
48415,"Scurry, TX",0.0,0.0,0.0024,0.0562,False
48419,"Shelby, TX",0.0,0.0,0.0,0.0,True
48423,"Smith, TX",0.0,0.0,0.0,0.0,True
48425,"Somervell, TX",0.0,0.0,0.0,0.0,False
48427,"Starr, TX",0.0,0.0,0.0,0.0,False
48437,"Swisher, TX",0.0,0.0,0.002,0.0476,False
48439,"Tarrant, TX",0.0,0.0,0.0106,0.0688,False
48441,"Taylor, TX",0.0,0.0,0.0098,0.0868,False
48445,"Terry, TX",0.0,0.0,0.0,0.0,False
48449,"Titus, TX",0.0,0.0,0.0,0.0,True
48451,"Tom Green, TX",0.0,0.0,0.0,0.0032,False
48453,"Travis, TX",0.0,0.0,0.0,0.0,False
48455,"Trinity, TX",0.0,0.0,0.0,0.0,True
48457,"Tyler, TX",0.0,0.0,0.0,0.0002,False
48459,"Upshur, TX",0.0,0.0,0.0,0.0,True
48467,"Van Zandt, TX",0.0,0.0,0.0,0.0,True
48469,"Victoria, TX",0.0,0.0,0.0,0.0,False
48471,"Walker, TX",0.0,0.0,0.0,0.0,True
48473,"Waller, TX",0.0,0.0,0.0,0.0,True
48477,"Washington, TX",0.0,0.0,0.0,0.0,True
48479,"Webb, TX",0.0,0.0,0.0032,0.0274,False
48485,"Wichita, TX",0.0,0.0,0.0,0.0,False
48487,"Wilbarger, TX",0.0,0.0,0.0054,0.1046,False
48491,"Williamson, TX",0.0,0.0,0.0,0.0,False
48493,"Wilson, TX",0.0,0.0,0.0,0.0,False
48497,"Wise, TX",0.0,0.0,0.0,0.0,True
48499,"Wood, TX",0.0,0.0,0.0,0.0,True
48501,"Yoakum, TX",0.0,0.0,0.0,0.0,False
48503,"Young, TX",0.0,0.0,0.0024,0.076,False
49011,"Davis, UT",0.0,0.0,0.0,0.0,False
49015,"Emery, UT",0.0,0.0,0.0078,0.068,False
49027,"Millard, UT",0.0,0.0,0.0006,0.0294,False
49049,"Utah, UT",0.0,0.0,0.0,0.0,True
50001,"Addison, VT",0.0,0.0,0.0,0.0018,False
50003,"Bennington, VT",0.0,0.0,0.0016,0.0418,False
50007,"Chittenden, VT",0.0,0.0,0.0,0.002,False
50011,"Franklin, VT",0.0,0.0,0.0,0.0012,False
50019,"Orleans, VT",0.0,0.0,0.0,0.0002,False
50023,"Washington, VT",0.0,0.0,0.0,0.0008,False
50025,"Windham, VT",0.0,0.0,0.0,0.0,False
51003,"Albemarle, VA",0.0,0.0,0.0,0.0,True
51005,"Alleghany, VA",0.0,0.0,0.0,0.0,True
51009,"Amherst, VA",0.0,0.0,0.0,0.0,True
51011,"Appomattox, VA",0.0,0.0,0.0,0.0,True
51015,"Augusta, VA",0.0,0.0,0.0,0.0,True
51019,"Bedford, VA",0.0,0.0,0.0,0.0,False
51023,"Botetourt, VA",0.0,0.0,0.0,0.0,True
51025,"Brunswick, VA",0.0,0.0,0.0,0.0,True
51027,"Buchanan, VA",0.0,0.0,0.0,0.0,False
51035,"Carroll, VA",0.0,0.0,0.0,0.0,True
51037,"Charlotte, VA",0.0,0.0,0.0,0.0,True
51049,"Cumberland, VA",0.0,0.0,0.0,0.0,True
51063,"Floyd, VA",0.0,0.0,0.0,0.0,True
51065,"Fluvanna, VA",0.0,0.0,0.0,0.0,True
51067,"Franklin, VA",0.0,0.0,0.0,0.0,True
51069,"Frederick, VA",0.0,0.0,0.0,0.0,True
51075,"Goochland, VA",0.0,0.0,0.0,0.0,True
51079,"Greene, VA",0.0,0.0,0.0,0.0,False
51081,"Greensville, VA",0.0,0.0,0.0,0.0,True
51083,"Halifax, VA",0.0,0.0,0.0,0.0,True
51085,"Hanover, VA",0.0,0.0,0.0,0.0,True
51087,"Henrico, VA",0.0,0.0,0.0,0.0,False
51089,"Henry, VA",0.0,0.0,0.0,0.0,True
51109,"Louisa, VA",0.0,0.0,0.0,0.0,True
51111,"Lunenburg, VA",0.0,0.0,0.0,0.0,True
51113,"Madison, VA",0.0,0.0,0.0,0.0,True
51117,"Mecklenburg, VA",0.0,0.0,0.0,0.0,True
51135,"Nottoway, VA",0.0,0.0,0.0,0.0,True
51137,"Orange, VA",0.0,0.0,0.0,0.0,True
51143,"Pittsylvania, VA",0.0,0.0,0.0,0.0,True
51145,"Powhatan, VA",0.0,0.0,0.0,0.0,False
51147,"Prince Edward, VA",0.0,0.0,0.0,0.0,True
51161,"Roanoke, VA",0.0,0.0,0.0,0.0,False
51165,"Rockingham, VA",0.0,0.0,0.0,0.0,True
51167,"Russell, VA",0.0,0.0,0.0,0.0,False
51169,"Scott, VA",0.0,0.0,0.0,0.0,False
51171,"Shenandoah, VA",0.0,0.0,0.0,0.0,True
51173,"Smyth, VA",0.0,0.0,0.0,0.0,True
51177,"Spotsylvania, VA",0.0,0.0,0.0,0.0,False
51185,"Tazewell, VA",0.0,0.0,0.0,0.0,True
51187,"Warren, VA",0.0,0.0,0.0,0.0,False
51191,"Washington, VA",0.0,0.0,0.0,0.0,False
51195,"Wise, VA",0.0,0.0,0.0,0.0,False
51520,"Bristol, VA",0.0,0.0,0.0,0.001,False
51540,"Charlottesville, VA",0.0,0.0,0.0,0.0,False
51590,"Danville, VA",0.0,0.0,0.0,0.0,False
51595,"Emporia, VA",0.0,0.0,0.0,0.0,False
51600,"Fairfax, VA",0.0,0.0,0.0,0.0,False
51610,"Falls Church, VA",0.0,0.0,0.0,0.0,False
51630,"Fredericksburg, VA",0.0,0.0,0.0,0.0,False
51640,"Galax, VA",0.0,0.0,0.0,0.0,False
51660,"Harrisonburg, VA",0.0,0.0,0.0,0.0,False
51678,"Lexington, VA",0.0,0.0,0.0,0.0,False
51680,"Lynchburg, VA",0.0,0.0,0.0,0.0,False
51683,"Manassas, VA",0.0,0.0,0.0,0.0,False
51685,"Manassas Park, VA",0.0,0.0,0.0,0.0,False
51690,"Martinsville, VA",0.0,0.0,0.0,0.0,False
51760,"Richmond, VA",0.0,0.0,0.0,0.0044,False
51770,"Roanoke, VA",0.0,0.0,0.0,0.0,False
51775,"Salem, VA",0.0,0.0,0.0,0.0,False
51790,"Staunton, VA",0.0,0.0,0.0,0.0,False
51820,"Waynesboro, VA",0.0,0.0,0.0,0.0,False
51840,"Winchester, VA",0.0,0.0,0.0,0.0,False
53003,"Asotin, WA",0.0,0.0,0.0,0.0002,False
54003,"Berkeley, WV",0.0,0.0,0.0,0.0,False
54013,"Calhoun, WV",0.0,0.0,0.0,0.0,False
54037,"Jefferson, WV",0.0,0.0,0.0,0.0,False
54061,"Monongalia, WV",0.0,0.0,0.0,0.0,False
54065,"Morgan, WV",0.0,0.0,0.0,0.0,False
54077,"Preston, WV",0.0,0.0,0.0,0.0,True
54081,"Raleigh, WV",0.0,0.0,0.0,0.0,False
55001,"Adams, WI",0.0,0.0,0.0,0.0,True
55015,"Calumet, WI",0.0,0.0,0.002,0.019,False
55021,"Columbia, WI",0.0,0.0,0.0,0.0,True
55033,"Dunn, WI",0.0,0.0,0.0,0.0,True
55047,"Green Lake, WI",0.0,0.0,0.0,0.0,True
55053,"Jackson, WI",0.0,0.0,0.0,0.0,False
55057,"Juneau, WI",0.0,0.0,0.0,0.0,True
55059,"Kenosha, WI",0.0,0.0,0.0,0.0,False
55065,"Lafayette, WI",0.0,0.0,0.0,0.0,True
55077,"Marquette, WI",0.0,0.0,0.0,0.0,True
55079,"Milwaukee, WI",0.0,0.0,0.0,0.0268,False
55089,"Ozaukee, WI",0.0,0.0,0.0,0.0,False
55091,"Pepin, WI",0.0,0.0,0.0,0.0,True
55093,"Pierce, WI",0.0,0.0,0.0,0.0,True
55097,"Portage, WI",0.0,0.0,0.0,0.0,True
55101,"Racine, WI",0.0,0.0,0.0,0.0,False
55103,"Richland, WI",0.0,0.0,0.0,0.0,True
55105,"Rock, WI",0.0,0.0,0.0,0.0,True
55111,"Sauk, WI",0.0,0.0,0.0,0.0,True
55131,"Washington, WI",0.0,0.0,0.0,0.0,True
55133,"Waukesha, WI",0.0,0.0,0.0,0.0,True
55137,"Waushara, WI",0.0,0.0,0.0,0.0,True
55141,"Wood, WI",0.0,0.0,0.0,0.0,True
